grade,month,day,heat_id,nom_length,billets_qty,l1_length,l2_length,l3_length,l1_romb,l2_romb,l3_romb
SAE 1011,Enero,2,35024773.0,4.4,106,4.4,4.41,4.4,6,5,5.0
SAE 1011,Enero,2,35024774.0,4.4,107,4.4,4.41,4.4,5,4,4.0
SAE 1011,Enero,2,35024775.0,4.4,123,4.4,4.41,4.4,5,4,4.0
SAE 1011,Enero,2,35024776.0,4.4,117,4.41,4.4,4.4,5,3,4.0
SAE 1011,Enero,2,35024777.0,4.4,116,4.42,4.41,4.41,3,2,2.0
SAE 1011,Enero,2,35024778.0,4.4,121,4.41,4.4,4.41,3,3,2.0
SAE 1011,Enero,2,35024779.0,4.4,118,4.44,4.41,4.4,3,3,3.0
SAE 1011,Enero,2,35024780.0,4.4,116,4.41,4.36,4.41,3,2,3.0
SAE 1011,Enero,2,35024781.0,4.4,119,4.41,4.45,4.41,3,2,3.0
SAE 1011,Enero,2,35024782.0,4.4,121,4.41,4.38,4.41,2,3,2.0
SAE 1011,Enero,2,35024783.0,4.4,114,4.41,4.4,4.4,3,2,4.0
SAE 1011,Enero,2,35024784.0,4.4,125,4.4,4.39,4.4,4,2,4.0
SAE 1011,Enero,2,35024785.0,4.4,115,4.4,4.4,4.41,4,2,2.0
SAE 1011,Enero,2,35024786.0,4.4,114,4.4,4.42,4.4,3,2,3.0
SAE 1011,Enero,2,35024787.0,4.4,122,4.41,4.42,4.41,4,2,2.0
SAE 1011,Enero,2,35024788.0,4.4,123,4.41,4.42,4.41,4,2,2.0
SAE 1011,Enero,2,35024789.0,4.4,112,4.41,4.42,4.41,4,2,3.0
SAE 1011,Enero,2,35024790.0,4.4,120,4.4,4.42,4.41,4,3,3.0
SAE 1011,Enero,2,35024791.0,4.4,118,4.4,4.42,4.41,4,3,3.0
SAE 1011,Enero,2,35024792.0,4.4,122,4.4,4.42,4.4,4,3,3.0
SAE 1011,Enero,2,35024793.0,4.4,114,4.4,4.41,4.4,3,2,2.0
SAE 1011,Enero,2,35024794.0,4.4,120,4.41,4.41,4.41,3,2,2.0
SAE 1011,Enero,3,35024795.0,4.4,127,4.4,4.4,4.42,3,2,2.0
SAE 1011,Enero,3,35024796.0,4.4,122,4.4,,4.41,1,,3.0
SAE 1011,Enero,3,35024797.0,4.4,108,4.41,,4.41,1,,3.0
SAE 1011,Enero,3,35024798.0,4.4,103,4.4,,4.4,1,,3.0
SAE 1011,Enero,3,35024799.0,4.4,117,4.41,4.41,4.41,2,2,4.0
SAE 1011,Enero,3,35024800.0,4.4,127,4.4,4.41,4.41,3,2,3.0
SAE 1008,Enero,3,35024818.0,4.4,119,4.41,4.4,4.41,3,2,3.0
SAE 1008,Enero,3,35024819.0,4.4,118,4.41,4.41,4.4,3,3,3.0
SAE 1008,Enero,3,35024820.0,4.4,121,4.42,4.41,4.41,2,1,2.0
SAE 1008,Enero,3,35024821.0,4.4,120,4.42,4.41,4.41,2,2,2.0
SAE 1008,Enero,3,35024822.0,4.4,116,4.41,4.41,4.41,3,2,3.0
SAE 1008,Enero,3,35024823.0,4.4,123,4.41,4.41,4.41,3,2,3.0
SAE 1008,Enero,3,35024824.0,4.4,120,4.41,4.41,4.41,3,2,3.0
SAE 1008,Enero,3,35024825.0,4.4,119,4.41,4.41,4.41,3,3,2.0
SAE 1008,Enero,3,35024826.0,4.4,119,4.4,4.41,4.41,2,3,3.0
SAE 1008,Enero,3,35024827.0,4.4,117,4.41,4.4,4.41,3,3,4.0
SAE 1008,Enero,3,35024828.0,4.4,124,4.41,4.41,4.4,3,3,4.0
SAE 1008,Enero,4,35024829.0,4.4,116,4.4,4.41,4.41,3,3,4.0
SAE 1008,Enero,4,35024830.0,4.4,119,4.4,4.41,4.41,4,3,6.0
SAE 1008,Enero,4,35024831.0,4.4,118,4.4,4.41,4.41,3,3,5.0
SAE 1008,Enero,4,35024832.0,4.4,118,4.4,4.41,4.41,3,3,4.0
SAE 1008,Enero,4,35024833.0,4.4,113,4.4,4.41,4.41,3,3,4.0
SAE 1523,Enero,4,35024834.0,4.4,116,4.4,4.41,4.41,2,2,3.0
SAE 1523,Enero,4,35024835.0,4.4,121,4.4,4.4,4.41,1,2,2.0
SAE 1523,Enero,4,35024836.0,4.4,124,4.41,4.41,4.41,2,2,2.0
SAE 1523,Enero,4,35024837.0,4.4,121,4.41,4.4,4.4,2,2,2.0
SAE 1523,Enero,4,35024838.0,4.4,102,4.41,4.4,,2,3,
SAE 1523,Enero,4,35024839.0,4.4,117,4.4,4.4,4.39,10,10,10.0
SAE 1523,Enero,4,35024840.0,4.4,120,4.4,4.4,4.39,10,2,10.0
SAE 1523,Enero,4,35024841.0,4.4,119,4.4,4.4,4.39,9,2,8.0
SAE 1523,Enero,4,35024842.0,4.4,121,4.4,4.4,4.4,9,2,8.0
SAE 1523,Enero,4,35024843.0,4.4,117,4.4,4.4,4.4,9,2,3.0
SAE 1523,Enero,4,35024844.0,4.4,118,4.4,4.41,4.42,2,2,3.0
SAE 1523,Enero,4,35024845.0,4.4,124,4.41,4.4,4.4,2,2,3.0
SAE 1523,Enero,5,35024846.0,4.4,118,4.41,4.4,4.4,2,3,3.0
SAE 1523,Enero,5,35024847.0,4.4,120,4.41,4.4,4.4,2,5,4.0
SAE 1523,Enero,5,35024848.0,4.4,120,4.41,4.4,4.4,2,4,4.0
SAE 1523,Enero,5,35024849.0,4.4,119,4.41,4.4,4.4,4,4,4.0
SAE 1523,Enero,5,35024850.0,4.4,122,4.41,4.4,4.4,5,3,4.0
SAE 1523,Enero,5,35024851.0,4.4,123,4.4,4.41,4.4,6,2,4.0
SAE 1523,Enero,5,35024852.0,4.4,115,4.41,4.4,4.41,7,2,7.0
SAE 1523,Enero,5,35024853.0,4.4,121,4.4,4.41,4.41,5,2,5.0
SAE 1523,Enero,5,35024854.0,4.4,123,4.4,4.41,4.4,7,2,5.0
SAE 1523,Enero,5,35024855.0,4.4,117,4.4,4.41,4.4,8,4,4.0
SAE 1523,Enero,5,35024856.0,4.4,120,4.41,4.41,4.41,8,4,4.0
SAE 1523,Enero,5,35024857.0,4.4,121,4.4,4.41,4.41,5,3,5.0
SAE 1523,Enero,5,35024858.0,4.4,122,4.4,4.41,4.4,6,3,2.0
SAE 1523,Enero,5,35024859.0,4.4,121,4.41,4.41,4.41,6,3,2.0
SAE 1523,Enero,5,35024860.0,4.4,116,4.4,4.41,4.41,6,3,3.0
SAE 1523,Enero,5,35024861.0,4.4,129,4.4,4.41,4.41,5,2,3.0
SAE 1523,Enero,5,35024862.0,4.4,109,4.4,4.41,4.41,6,3,4.0
SAE 1523,Enero,5,35024863.0,4.4,124,4.41,4.4,4.4,10,4,10.0
SAE 1523,Enero,5,35024864.0,4.4,109,4.41,4.4,4.4,10,2,10.0
SAE 1523,Enero,5,35024865.0,4.4,118,4.41,4.4,4.4,10,5,9.0
SAE 1523,Enero,5,35024866.0,4.4,122,4.41,4.4,4.4,10,6,8.0
SAE 1523,Enero,5,35024867.0,4.4,128,4.41,4.4,4.4,7,4,
SAE 1523,Enero,5,35024868.0,4.4,108,4.41,4.4,4.4,2,3,10.0
SAE 1523,Enero,6,35024869.0,4.4,123,4.41,4.4,4.4,4,2,9.0
SAE 1523,Enero,6,35024870.0,4.4,116,4.41,4.4,4.4,4,2,9.0
SAE 1523,Enero,6,35024871.0,4.4,124,4.41,4.4,4.4,5,3,9.0
SAE 1523,Enero,6,35024872.0,4.4,121,4.4,4.41,4.41,4,3,9.0
SAE 1523,Enero,6,35024873.0,4.4,123,4.4,4.41,4.4,4,3,9.0
SAE 1523,Enero,6,35024874.0,4.4,114,4.4,4.41,4.41,3,3,9.0
SAE 1523,Enero,6,35024875.0,4.4,122,4.4,4.41,4.4,4,4,7.0
SAE 1523,Enero,6,35024876.0,4.4,120,4.4,4.4,4.4,4,4,5.0
SAE 1523,Enero,6,35024877.0,4.4,113,4.41,4.41,,4,3,
SAE 1011,Enero,10,35024783.0,4.4,123,4.4,4.41,4.41,3,4,3.0
SAE 1011,Enero,10,35024884.0,4.4,118,4.4,4.4,4.41,3,4,4.0
SAE 1011,Enero,10,35024885.0,4.4,118,4.4,4.41,4.41,4,4,4.0
SAE 1011,Enero,10,35024886.0,4.4,123,4.4,4.4,4.41,4,3,4.0
SAE 1011,Enero,10,35024887.0,4.4,117,4.41,4.41,4.41,3,3,5.0
SAE 1011,Enero,10,35024888.0,4.4,125,4.41,4.41,4.41,3,3,5.0
SAE 1011,Enero,10,35024889.0,4.4,112,4.41,4.41,4.41,3,3,5.0
SAE 1022,Enero,10,35024890.0,5.13,92,5.14,5.14,5.14,3,4,9.0
SAE 1022,Enero,11,35024891.0,5.13,89,5.14,5.14,5.13,10,6,10.0
SAE 1022,Enero,11,35024892.0,5.13,101,5.14,5.14,5.13,9,2,10.0
SAE 1022,Enero,11,35024893.0,5.13,98,5.13,5.13,5.13,9,3,9.0
SAE 1022,Enero,11,35024894.0,5.13,45,5.13,5.13,5.13,9,3,9.0
SAE 1022,Enero,11,35024895.0,5.13,100,5.13,5.13,5.13,10,8,10.0
SAE 1022,Enero,11,35024896.0,5.13,100,5.13,5.13,5.13,10,8,10.0
SAE 1011,Enero,11,35024897.0,4.4,119,4.4,4.4,4.4,6,4,4.0
SAE 1011,Enero,11,35024925.0,4.4,123,4.41,4.4,4.4,4,4,3.0
SAE 1022,Enero,11,35024898.0,5.13,100,5.13,5.13,5.14,9,7,10.0
SAE 1022,Enero,11,35024899.0,5.13,103,5.14,5.15,5.14,3,3,7.0
SAE 1022,Enero,11,35024900.0,5.13,103,5.14,5.13,5.13,4,3,7.0
SAE 1022,Enero,11,35024901.0,5.13,104,5.13,5.14,5.14,4,3,5.0
SAE 1022,Enero,11,35024902.0,5.13,103,5.14,5.15,5.14,7,4,7.0
SAE 1022,Enero,11,35024903.0,5.13,103,5.14,5.14,5.15,8,4,4.0
SAE 1022,Enero,11,35024904.0,5.13,103,5.13,5.14,5.14,2,5,2.0
SAE 1022,Enero,11,35024905.0,5.13,107,5.13,5.14,5.14,2,5,2.0
SAE 1022,Enero,11,35024906.0,5.13,99,5.13,5.14,5.14,3,6,3.0
SAE 1022,Enero,12,35024907.0,5.13,103,5.13,5.14,5.14,3,6,3.0
SAE 1022,Enero,12,35024908.0,5.13,101,5.13,5.14,5.14,3,5,
SAE 1022,Enero,12,35024909.0,5.13,103,5.13,5.14,5.14,2,5,3.0
SAE 1022,Enero,12,35024910.0,5.13,101,5.13,5.14,5.14,2,5,3.0
SAE 1022,Enero,12,35024911.0,5.13,98,5.13,5.14,5.14,2,5,2.0
SAE 1022,Enero,12,35024912.0,5.13,106,5.13,5.14,5.14,3,4,3.0
SAE 1022,Enero,12,35024913.0,5.13,108,5.13,5.14,5.14,3,4,3.0
SAE 1022,Enero,12,35024914.0,5.13,98,5.13,5.14,5.14,4,5,4.0
SAE 1022,Enero,12,35024915.0,5.13,102,5.13,5.14,5.14,3,4,4.0
SAE 1022,Enero,12,35024916.0,5.13,104,5.13,5.14,5.14,4,4,4.0
SAE 1022,Enero,12,35024917.0,5.13,104,5.13,5.14,5.14,3,3,4.0
SAE 1022,Enero,12,35024918.0,5.13,102,5.13,5.14,5.14,3,2,2.0
SAE 1022,Enero,12,35024919.0,5.13,96,5.13,5.14,5.14,3,2,2.0
SAE 1011,Enero,12,35024920.0,4.4,121,4.41,4.4,4.4,3,2,3.0
SAE 1011,Enero,12,35024926.0,4.4,123,4.41,4.41,4.4,3,2,4.0
SAE 1011,Enero,12,35024927.0,4.4,108,4.4,4.41,4.4,4,4,4.0
SAE 1022,Enero,12,35024921.0,5.13,100,5.13,5.13,5.14,5,6,7.0
SAE 1022,Enero,12,35024922.0,5.13,103,5.14,5.13,5.13,7,3,3.0
SAE 1022,Enero,12,35024923.0,5.13,104,5.13,5.14,5.14,7,2,3.0
SAE 1022,Enero,12,35024924.0,5.13,101,5.13,5.14,5.13,6,3,3.0
SAE 1022,Enero,12,35024931.0,5.13,98,5.13,5.14,5.14,6,3,2.0
SAE 1022,Enero,12,35024932.0,5.13,103,5.14,5.13,5.14,3,2,8.0
SAE 1022,Enero,12,35024933.0,5.13,103,5.14,5.13,5.14,3,3,7.0
SAE 1022,Enero,13,35024934.0,5.13,100,5.14,5.13,5.14,3,3,7.0
SAE 1022,Enero,13,35024935.0,5.13,112,5.14,5.13,5.14,3,3,6.0
SAE 1022,Enero,13,35024936.0,5.13,94,5.14,5.13,5.13,3,2,5.0
SAE 1022,Enero,13,35024937.0,5.13,98,5.14,5.13,5.13,3,2,5.0
SAE 1022,Enero,13,35024938.0,5.13,98,5.14,5.13,5.13,3,2,5.0
SAE 1022,Enero,13,35024939.0,5.13,110,5.14,5.13,5.13,3,3,6.0
SAE 1022,Enero,13,35024940.0,5.13,94,5.14,5.13,5.13,4,3,6.0
SAE 1022,Enero,13,35024941.0,5.13,110,5.14,5.13,5.13,3,3,4.0
SAE 1022,Enero,13,35024942.0,5.13,90,5.14,5.13,5.13,2,1,2.0
SAE 1022,Enero,13,35024943.0,5.13,102,5.14,5.13,5.13,2,2,2.0
SAE 1022,Enero,13,35024944.0,5.13,107,5.14,5.13,5.13,2,2,2.0
SAE 1022,Enero,13,35024945.0,5.13,87,5.14,5.13,5.13,2,2,3.0
SAE 1011,Enero,15,35024928.0,4.4,125,,4.41,4.41,,6,6.0
SAE 1011,Enero,15,35024929.0,4.4,117,4.41,4.4,4.41,3,4,3.0
SAE 1011,Enero,15,35024930.0,4.4,116,4.41,4.4,4.4,3,4,4.0
SAE 1011,Enero,15,35024951.0,4.4,118,4.41,4.4,4.41,3,4,3.0
SAE 1011,Enero,15,35024952.0,4.4,120,4.41,4.4,4.41,3,4,3.0
SAE 1011,Enero,15,35024953.0,4.4,118,4.41,4.4,4.4,3,3,3.0
SAE 1011,Enero,15,35024954.0,4.4,113,4.41,4.4,4.4,3,3,3.0
SAE 1022,Enero,15,35024958.0,5.13,90,5.13,5.14,5.13,7,4,9.0
SAE 1022,Enero,15,35024959.0,5.13,104,5.13,5.14,5.13,5,2,8.0
SAE 1022,Enero,15,35024960.0,5.13,103,5.13,5.14,5.13,5,2,8.0
SAE 1022,Enero,15,35024961.0,5.13,106,5.13,5.14,5.13,4,1,7.0
SAE 1022,Enero,15,35024962.0,5.13,100,5.13,5.14,5.13,4,2,6.0
SAE 1022,Enero,15,35024963.0,5.13,103,5.13,5.14,5.13,4,2,6.0
SAE 1022,Enero,15,35024964.0,5.13,99,4.4,4.4,4.41,4,2,5.0
SAE 1011,Enero,15,35024965.0,4.4,126,4.4,4.4,4.41,3,4,8.0
SAE 1011,Enero,15,35024955.0,4.4,116,4.4,4.4,4.41,2,3,7.0
SAE 1011,Enero,15,35024956.0,4.4,104,4.4,4.4,4.41,2,3,5.0
SAE 1022,Enero,15,35024966.0,5.13,95,5.13,5.13,5.13,3,6,6.0
SAE 1022,Enero,15,35024967.0,5.13,102,5.12,5.13,5.13,10,3,6.0
SAE 1022,Enero,15,35024968.0,5.13,105,5.13,5.13,5.13,10,3,4.0
SAE 1022,Enero,16,35024969.0,5.13,99,5.12,5.13,5.13,6,2,2.0
SAE 1022,Enero,16,35024970.0,5.13,104,5.13,5.14,5.14,6,4,6.0
SAE 1022,Enero,16,35024971.0,5.13,105,5.14,5.13,5.14,4,4,6.0
SAE 1022,Enero,16,35024972.0,5.13,105,5.14,5.14,5.14,4,4,4.0
SAE 1022,Enero,16,35024973.0,5.13,102,5.14,5.14,5.13,4,4,6.0
SAE 1022,Enero,16,35024974.0,5.13,108,5.14,5.14,5.13,5,2,4.0
SAE 1022,Enero,16,35024975.0,5.13,106,5.14,5.14,5.13,8,1,4.0
SAE 1022,Enero,16,35024976.0,5.13,104,5.14,5.14,5.13,8,1,4.0
SAE 1022,Enero,16,35024977.0,5.13,96,5.14,5.13,5.13,7,2,4.0
SAE 1022,Enero,16,35024978.0,5.13,93,5.14,5.13,5.13,7,2,4.0
SAE 1011,Enero,16,35024957.0,4.4,113,4.4,4.4,4.4,4,5,7.0
SAE 1011,Enero,16,35025005.0,4.4,119,4.4,4.4,4.4,4,6,6.0
SAE 1011,Enero,16,35025006.0,4.4,112,4.4,4.4,4.4,3,3,5.0
SAE 1022,Enero,16,35024979.0,5.13,96,5.13,5.13,5.13,4,4,6.0
SAE 1022,Enero,16,35024980.0,5.13,101,5.13,5.13,5.13,4,5,8.0
SAE 1022,Enero,16,35024981.0,5.13,107,5.13,5.13,5.13,4,6,8.0
SAE 1022,Enero,16,35024982.0,5.13,94,5.13,5.13,5.14,6,6,8.0
SAE 1022,Enero,17,35024983.0,5.13,101,5.13,5.13,5.14,6,6,7.0
SAE 1011,Enero,17,35024984.0,4.4,120,4.4,4.41,4.41,3,3,7.0
SAE 1011,Enero,17,35025007.0,4.4,114,4.41,4.4,4.41,4,6,6.0
SAE 1022,Enero,17,35024985.0,5.13,95,5.13,5.14,5.14,2,4,3.0
SAE 1022,Enero,17,35024986.0,5.13,101,5.13,5.14,5.14,2,4,3.0
SAE 1022,Enero,17,35024987.0,5.13,101,5.13,5.14,5.14,2,3,3.0
SAE 1022,Enero,17,35024988.0,5.13,99,5.13,5.14,5.14,2,3,3.0
SAE 1022,Enero,17,35024989.0,5.13,94,5.13,5.14,5.14,4,3,3.0
SAE 1022,Enero,17,35024990.0,5.13,105,5.13,5.14,5.14,3,4,3.0
SAE 1022,Enero,17,35024991.0,5.13,103,5.13,5.13,5.13,5,4,4.0
SAE 1022,Enero,17,35024992.0,5.13,102,5.13,5.13,5.13,4,4,4.0
SAE 1022,Enero,17,35024993.0,5.13,101,5.13,5.14,5.14,4,2,4.0
SAE 1022,Enero,17,35024994.0,5.13,109,5.13,5.13,5.13,4,3,4.0
SAE 1022,Enero,17,35024995.0,5.13,93,5.13,5.13,,4,2,
SAE 1022,Enero,17,35024996.0,5.13,101,5.13,5.13,,4,2,
SAE 1011,Enero,18,35025008.0,4.4,115,4.41,4.4,4.4,4,3,3.0
SAE 1011,Enero,18,35025009.0,4.4,123,4.41,4.4,4.41,3,2,2.0
SAE 1011,Enero,18,35025010.0,4.4,113,4.41,4.41,4.41,4,2,4.0
SAE 1022,Enero,18,35024997.0,5.13,104,5.14,5.13,5.13,4,2,2.0
SAE 1022,Enero,18,35024998.0,5.13,106,5.14,5.13,5.14,4,2,4.0
SAE 1022,Enero,18,35024999.0,5.13,103,5.14,5.14,5.14,4,4,4.0
SAE 1022,Enero,18,35025000.0,5.13,109,5.13,5.13,5.14,2,3,9.0
SAE 1022,Enero,18,35025001.0,5.13,97,5.14,5.13,5.14,2,3,9.0
SAE 1022,Enero,18,35025002.0,5.13,103,5.14,5.14,5.14,2,3,9.0
SAE 1022,Enero,18,35025003.0,5.13,100,5.14,5.14,5.14,2,3,9.0
SAE 1022,Enero,18,35025004.0,5.13,65,5.14,5.14,5.14,2,3,9.0
SAE 1022,Enero,18,35025015.0,5.13,100,5.13,5.13,5.13,2,2,6.0
SAE 1022,Enero,18,35025016.0,5.13,96,5.13,5.13,5.13,2,2,6.0
SAE 1022,Enero,18,35025017.0,5.13,97,5.13,5.13,5.13,3,6,10.0
SAE 1022,Enero,18,35025018.0,5.13,97,5.13,5.13,5.13,3,6,10.0
SAE 1022,Enero,18,35025019.0,5.13,104,5.13,5.13,5.13,2,3,6.0
SAE 1022,Enero,18,35025020.0,5.13,102,5.13,5.13,5.13,2,4,8.0
SAE 1022,Enero,18,35025043.0,5.13,96,5.14,5.14,5.13,8,8,9.0
SAE 1022,Enero,18,35025044.0,5.13,99,5.13,5.14,5.13,7,7,9.0
SAE 1011,Enero,19,35025011.0,4.4,120,4.41,4.41,4.41,2,7,5.0
SAE 1011,Enero,19,35025012.0,4.4,126,4.41,4.41,4.41,1,7,5.0
SAE 1022,Enero,19,35025045.0,5.13,90,5.14,5.14,5.14,3,5,10.0
SAE 1022,Enero,19,35025046.0,5.13,99,5.14,5.14,5.14,3,2,8.0
SAE 1022,Enero,19,35025047.0,5.13,100,5.14,5.14,5.14,3,4,8.0
SAE 1022,Enero,19,35025048.0,5.13,106,5.14,5.14,5.14,3,4,8.0
SAE 1022,Enero,19,35025049.0,5.13,108,5.13,5.14,5.14,2,3,7.0
SAE 1022,Enero,19,35025050.0,5.13,89,5.14,5.14,5.14,2,3,7.0
SAE 1022,Enero,19,35025051.0,5.13,105,5.14,5.14,5.14,2,3,7.0
SAE 1022,Enero,19,35025040.0,5.13,94,5.14,5.14,5.14,2,3,6.0
SAE 1040,Enero,19,35025041.0,5.37,99,5.37,5.37,5.38,2,3,8.0
SAE 1040,Enero,19,35025042.0,5.42,98,5.43,5.42,5.41,1,3,6.0
SAE 1040,Enero,19,35025052.0,5.32,88,5.32,5.34,5.33,2,2,5.0
SAE 1011,Enero,20,35025053.0,4.4,120,4.4,4.41,4.4,5,4,8.0
SAE 1011,Enero,20,35025013.0,4.4,101,4.41,4.41,4.41,3,3,4.0
SAE 1022,Enero,20,35025054.0,5.13,114,5.15,5.14,5.14,7,8,7.0
SAE 1022,Enero,20,35025055.0,5.13,94,5.14,5.14,5.14,7,6,7.0
SAE 1022,Enero,20,350250556.0,5.13,101,5.14,5.15,5.14,7,2,6.0
SAE 1022,Enero,20,35025057.0,5.13,102,5.14,5.14,5.13,1,5,7.0
SAE 1022,Enero,20,35025058.0,5.13,100,5.13,5.14,5.14,1,7,6.0
SAE 1022,Enero,20,35025059.0,5.13,100,5.14,5.15,5.14,1,7,7.0
SAE 1022,Enero,20,35025060.0,5.13,97,5.14,5.13,5.13,7,8,10.0
SAE 1022,Enero,20,35025061.0,5.13,99,5.14,5.13,5.13,7,8,10.0
SAE 1022,Enero,20,35025062.0,5.13,103,5.14,5.13,5.13,7,7,10.0
SAE 1022,Enero,20,35025063.0,5.13,114,5.14,5.13,5.13,7,7,10.0
SAE 1022,Enero,20,35025064.0,5.13,89,5.14,5.13,5.13,7,7,9.0
SAE 1022,Enero,20,35025065.0,5.13,79,5.14,5.13,5.13,7,7,9.0
SAE 1011,Febrero,6,35025083.0,4.4,120,4.41,4.4,4.4,2,2,6.0
SAE 1011,Febrero,6,35025084.0,4.4,119,4.41,4.4,4.41,2,4,4.0
SAE 1011,Febrero,6,35025085.0,4.4,113,4.4,4.41,4.41,3,4,4.0
SAE 1022,Febrero,7,35025098.0,5.13,102,5.14,5.14,5.14,3,2,10.0
SAE 1022,Febrero,7,35025099.0,5.13,107,5.14,5.13,5.14,3,3,8.0
SAE 1022,Febrero,7,35025100.0,5.13,103,5.14,5.14,5.14,3,3,4.0
SAE 1022,Febrero,7,35025101.0,5.13,102,5.13,5.13,5.14,2,2,4.0
SAE 1022,Febrero,7,35025102.0,5.13,108,5.13,5.13,5.14,2,4,2.0
SAE 1022,Febrero,7,35025103.0,5.13,121,5.14,5.14,5.14,2,3,2.0
SAE 1022,Febrero,7,35025104.0,5.13,97,5.14,5.14,5.14,2,2,2.0
SAE 1022,Febrero,7,35025105.0,5.13,92,5.14,5.14,5.14,2,2,2.0
SAE 1022,Febrero,7,35025106.0,5.13,106,5.14,5.14,5.14,2,2,2.0
SAE 1022,Febrero,7,35025107.0,5.13,117,5.14,5.14,5.14,2,3,2.0
SAE 1022,Febrero,7,35025108.0,5.13,105,5.14,5.14,5.14,2,3,2.0
SAE 1022,Febrero,7,35025109.0,5.13,111,5.14,5.14,5.14,2,2,8.0
SAE 1022,Febrero,7,35025110.0,5.13,92,5.14,5.14,5.14,2,2,8.0
SAE 1011,Febrero,7,35025111.0,4.4,128,4.4,4.41,4.41,1,2,4.0
SAE 1011,Febrero,7,35025086.0,4.4,120,4.4,4.4,4.4,6,4,6.0
SAE 1011,Febrero,7,35025087.0,4.4,118,4.41,4.4,4.41,4,4,6.0
SAE 1022,Febrero,8,35025112.0,5.13,108,5.14,5.14,5.15,1,2,8.0
SAE 1022,Febrero,8,35025113.0,5.13,99,5.14,5.14,5.14,3,3,8.0
SAE 1022,Febrero,8,35025114.0,5.13,111,5.14,5.14,5.13,3,3,4.0
SAE 1022,Febrero,8,35025115.0,5.13,112,5.14,5.14,5.14,2,2,7.0
SAE 1022,Febrero,8,35025116.0,5.13,101,5.14,5.14,5.14,2,2,7.0
SAE 1022,Febrero,8,35025117.0,5.13,88,5.14,5.14,5.14,2,3,7.0
SAE 1022,Febrero,8,35025118.0,5.13,34,5.13,5.13,5.13,10,10,9.0
SAE 1022,Febrero,8,35025119.0,5.13,102,5.14,5.13,5.14,10,10,10.0
SAE 1022,Febrero,8,35025120.0,5.13,109,5.13,5.14,5.13,10,10,9.0
SAE 1022,Febrero,8,35025121.0,5.13,100,5.14,5.14,5.13,3,8,8.0
SAE 1011,Febrero,8,35025122.0,4.4,117,4.4,4.41,4.4,4,4,4.0
SAE 1011,Febrero,8,35025088.0,4.4,122,4.41,4.41,4.42,4,3,8.0
SAE 1011,Febrero,9,35025089.0,4.4,110,4.41,4.42,4.42,3,3,6.0
SAE 1022,Febrero,9,35025123.0,5.13,102,5.13,5.14,5.14,3,4,6.0
SAE 1022,Febrero,9,35025124.0,5.13,102,5.14,5.14,5.14,7,7,10.0
SAE 1022,Febrero,9,35025125.0,5.13,108,5.13,5.14,5.14,3,3,10.0
SAE 1022,Febrero,9,35025126.0,5.13,104,5.13,5.14,5.14,2,2,10.0
SAE 1022,Febrero,9,35025127.0,5.13,110,5.13,5.14,5.14,9,2,10.0
SAE 1022,Febrero,9,35025128.0,5.13,109,5.13,5.14,5.14,9,2,10.0
SAE 1022,Febrero,9,35025129.0,5.13,108,5.13,5.14,5.14,9,2,10.0
SAE 1022,Febrero,9,35025130.0,5.13,102,5.13,5.14,5.14,9,2,10.0
SAE 1022,Febrero,9,35025131.0,5.13,107,5.13,5.14,5.14,8,2,9.0
SAE 1022,Febrero,9,35025132.0,5.13,113,5.13,5.14,5.14,7,2,8.0
SAE 1022,Febrero,9,35025133.0,5.13,101,5.13,5.14,5.14,7,2,8.0
SAE 1022,Febrero,9,35025134.0,5.13,105,5.14,5.13,5.14,2,2,8.0
SAE 1022,Febrero,9,35025135.0,5.13,100,5.13,5.14,5.13,2,2,8.0
SAE 1011,Febrero,9,35025136.0,4.4,123,4.4,4.41,4.41,6,4,7.0
SAE 1011,Febrero,9,35025090.0,4.4,128,4.41,4.4,4.4,4,4,5.0
SAE 1011,Febrero,9,35025091.0,4.4,116,4.4,4.41,4.4,4,4,6.0
SAE 1022,Febrero,9,35025137.0,5.13,102,4.4,4.41,4.41,2,8,10.0
SAE 1022,Febrero,9,35025138.0,5.13,109,4.4,4.41,4.41,2,8,9.0
SAE 1011,Febrero,10,35025039.0,4.4,116,4.4,4.41,,6,5,
SAE 1011,Febrero,10,35025092.0,4.4,118,4.4,4.41,4.41,6,5,6.0
SAE 1011,Febrero,12,35025093.0,4.4,127,4.4,4.41,4.41,6,4,7.0
SAE 1011,Febrero,12,35025094.0,4.4,124,4.4,4.41,4.41,6,4,6.0
SAE 1011,Febrero,12,35025095.0,4.4,121,4.4,4.41,4.41,5,3,6.0
SAE 1011,Febrero,12,35025096.0,4.4,127,4.41,4.4,4.4,3,3,3.0
SAE 1011,Febrero,12,35025097.0,4.4,119,4.41,4.41,4.41,3,4,4.0
SAE 1011,Febrero,12,35025164.0,4.4,123,4.4,4.41,4.41,3,3,6.0
SAE 1011,Febrero,12,35025165.0,4.4,111,4.41,4.4,4.41,3,4,6.0
SAE 1022,Febrero,12,35025140.0,5.13,103,5.13,5.13,5.14,9,10,10.0
SAE 1022,Febrero,12,35025141.0,5.13,99,5.13,5.14,5.14,10,9,9.0
SAE 1022,Febrero,12,35025142.0,5.13,107,5.13,5.13,5.14,8,8,8.0
SAE 1022,Febrero,12,35025143.0,5.13,99,5.13,5.13,5.14,8,9,9.0
SAE 1022,Febrero,12,35025144.0,5.13,103,5.13,5.13,5.14,8,8,9.0
SAE 1022,Febrero,12,35025145.0,5.13,107,5.13,5.13,5.14,7,8,8.0
SAE 1022,Febrero,12,35025146.0,5.13,93,5.13,5.13,5.14,7,8,8.0
SAE 1011,Febrero,12,35025166.0,4.4,122,4.4,4.4,4.39,6,5,6.0
SAE 1011,Febrero,12,35025167.0,4.4,111,4.4,4.4,4.39,6,5,6.0
SAE 1022,Febrero,12,35025147.0,5.13,93,5.13,5.14,5.14,10,10,10.0
SAE 1022,Febrero,12,35025148.0,5.13,108,5.13,5.14,5.14,10,10,10.0
SAE 1022,Febrero,12,35025149.0,5.13,99,5.13,5.14,5.13,7,9,10.0
SAE 1022,Febrero,12,35025150.0,5.13,93,5.14,5.13,5.14,8,7,10.0
SAE 1022,Febrero,12,35025151.0,5.13,105,5.13,5.14,5.14,8,4,10.0
SAE 1022,Febrero,13,35025152.0,5.13,112,5.13,5.14,5.14,9,6,10.0
SAE 1022,Febrero,13,35025153.0,5.13,96,5.13,5.14,5.14,9,6,10.0
SAE 1022,Febrero,13,35025154.0,5.13,107,5.13,5.14,5.14,9,7,9.0
SAE 1022,Febrero,13,35025155.0,5.13,107,5.13,5.14,5.14,7,7,8.0
SAE 1022,Febrero,13,35025156.0,5.13,110,5.13,5.14,5.14,7,7,8.0
SAE 1022,Febrero,13,35025157.0,5.13,94,5.13,5.14,5.14,8,7,8.0
SAE 1022,Febrero,13,35025158.0,5.13,113,5.14,5.14,5.13,8,8,4.0
SAE 1022,Febrero,13,35025159.0,5.13,95,5.15,5.15,5.15,10,8,7.0
SAE 1022,Febrero,13,35025160.0,5.13,103,5.13,5.13,5.14,10,8,7.0
SAE 1022,Febrero,13,35025161.0,5.13,100,5.14,5.13,5.13,8,8,7.0
SAE 1022,Febrero,13,35025162.0,5.13,94,5.13,5.14,5.14,8,8,8.0
SAE 1022,Febrero,13,35025163.0,5.13,105,5.14,5.14,5.14,8,8,10.0
SAE 1022,Febrero,13,35025171.0,5.13,102,5.14,5.14,5.14,10,9,10.0
SAE 1022,Febrero,13,35025172.0,5.13,100,5.14,5.14,5.14,10,9,10.0
SAE 1022,Febrero,13,35025173.0,5.13,102,5.14,5.14,5.14,9,9,10.0
SAE 1022,Febrero,13,35025174.0,5.13,101,5.14,5.14,5.14,9,9,10.0
SAE 1011,Febrero,13,35025168.0,4.4,129,4.4,4.41,4.41,6,6,6.0
SAE 1011,Febrero,13,35025169.0,4.4,123,4.4,4.41,4.41,6,5,6.0
SAE 1011,Febrero,14,35025170.0,4.4,104,4.41,4.41,4.4,4,4,3.0
SAE 1022,Febrero,14,35025175.0,5.13,92,5.13,5.14,5.14,6,7,6.0
SAE 1022,Febrero,14,35025176.0,5.13,108,5.13,5.14,5.14,7,7,8.0
SAE 1022,Febrero,14,35025177.0,5.13,111,5.13,5.14,5.14,7,7,8.0
SAE 1022,Febrero,14,35025178.0,5.13,96,5.13,5.14,5.14,7,8,8.0
SAE 1022,Febrero,14,35025179.0,5.13,114,5.13,5.14,5.14,7,8,7.0
SAE 1022,Febrero,14,35025180.0,5.13,103,5.13,5.14,5.14,7,7,8.0
SAE 1022,Febrero,14,35025181.0,5.13,95,5.14,5.14,5.14,5,8,8.0
SAE 1022,Febrero,14,35025182.0,5.13,112,5.14,5.15,5.13,5,5,7.0
SAE 1022,Febrero,14,35025183.0,5.13,101,5.14,5.15,5.15,3,6,6.0
SAE 1022,Febrero,14,35025184.0,5.13,108,5.14,5.14,5.14,3,6,8.0
SAE 1022,Febrero,14,35025185.0,5.13,94,5.14,5.15,5.15,3,8,8.0
SAE 1022,Febrero,14,35025186.0,5.13,106,5.14,5.15,5.15,4,8,7.0
SAE 1022,Febrero,14,35025187.0,5.13,102,5.14,5.14,5.14,4,8,7.0
SAE 1022,Febrero,14,35025188.0,5.13,101,5.14,5.15,5.15,4,8,8.0
SAE 1022,Febrero,14,35025189.0,5.13,94,5.14,5.14,5.13,4,8,8.0
SAE 1011,Febrero,14,35025213.0,4.4,119,4.4,4.41,4.4,3,6,3.0
SAE 1011,Febrero,14,35025214.0,4.4,124,4.41,4.41,4.41,3,4,5.0
SAE 1011,Febrero,15,35025215.0,4.4,109,4.4,4.42,4.4,3,4,5.0
SAE 1022,Febrero,15,35025190.0,5.13,102,5.13,5.14,5.12,8,7,10.0
SAE 1022,Febrero,15,35025191.0,5.13,100,5.14,5.13,5.13,6,7,10.0
SAE 1022,Febrero,15,35025192.0,5.13,101,5.14,5.15,5.14,5,6,10.0
SAE 1022,Febrero,15,35025193.0,5.13,103,5.13,5.13,5.13,5,6,9.0
SAE 1022,Febrero,15,35025194.0,5.13,95,5.14,5.14,5.13,5,6,8.0
SAE 1022,Febrero,15,35025195.0,5.13,109,5.13,5.13,5.13,6,5,7.0
SAE 1022,Febrero,15,35025196.0,5.13,111,5.14,5.14,5.13,4,4,6.0
SAE 1022,Febrero,15,35025197.0,5.13,96,5.14,5.14,5.14,6,4,6.0
SAE 1022,Febrero,15,35025198.0,5.13,102,5.12,5.14,5.15,8,5,8.0
SAE 1022,Febrero,15,35025199.0,5.13,104,5.13,5.15,5.15,8,4,8.0
SAE 1022,Febrero,15,35025200.0,5.13,97,5.12,5.14,5.14,8,4,8.0
SAE 1026,Febrero,15,35025219.0,4.4,128,4.41,4.4,4.41,6,3,3.0
SAE 1026,Febrero,15,35025220.0,4.4,121,4.4,4.4,4.4,8,9,10.0
SAE 1026,Febrero,15,35025221.0,4.4,123,4.41,4.41,4.41,6,8,10.0
SAE 1022,Febrero,15,35025201.0,5.13,114,5.14,5.14,5.14,10,9,10.0
SAE 1022,Febrero,15,35025202.0,5.13,90,5.14,5.13,5.14,10,8,10.0
SAE 1022,Febrero,15,35025203.0,5.13,96,5.14,5.13,5.14,10,5,10.0
SAE 1022,Febrero,15,35025204.0,5.13,110,5.14,5.13,5.14,9,4,9.0
SAE 1022,Febrero,15,35025205.0,5.13,101,5.14,5.13,5.14,6,4,6.0
SAE 1022,Febrero,15,35025206.0,5.13,106,5.13,5.12,5.13,9,6,9.0
SAE 1022,Febrero,15,35025207.0,5.13,102,5.12,5.14,5.14,9,6,9.0
SAE 1022,Febrero,15,35025208.0,5.13,100,5.13,5.13,5.13,7,6,9.0
SAE 1022,Febrero,16,35025209.0,5.13,100,5.14,5.14,5.12,6,5,9.0
SAE 1022,Febrero,16,35025210.0,5.13,104,5.13,5.13,5.14,6,4,9.0
SAE 1022,Febrero,16,35025211.0,5.13,106,5.13,5.12,5.14,6,4,9.0
SAE 1022,Febrero,16,35025212.0,5.13,98,5.13,5.14,5.12,7,5,9.0
SAE 1022,Febrero,16,35025222.0,5.13,101,5.13,5.14,5.13,7,5,9.0
SAE 1022,Febrero,16,35025223.0,5.13,107,5.14,5.13,5.13,7,7,8.0
SAE 1022,Febrero,16,35025224.0,5.13,102,5.14,5.14,5.14,7,8,8.0
SAE 1022,Febrero,16,35025225.0,5.13,102,5.13,5.14,5.14,10,5,7.0
SAE 1022,Febrero,16,35025226.0,5.13,104,5.14,5.13,5.14,9,4,9.0
SAE 1022,Febrero,16,35025227.0,5.13,108,5.14,5.13,5.13,10,8,10.0
SAE 1022,Febrero,16,35025228.0,5.13,103,,5.13,5.14,,9,10.0
SAE 1022,Febrero,16,35025229.0,5.13,114,,5.14,5.14,,8,9.0
SAE 1022,Febrero,16,35025230.0,5.13,99,5.14,5.14,5.13,10,9,10.0
SAE 1011,Febrero,16,35025216.0,4.4,120,4.42,4.41,4.41,3,6,7.0
SAE 1011,Febrero,16,35025217.0,4.4,125,4.42,4.41,4.41,3,6,6.0
SAE 1011,Febrero,16,35025218.0,4.4,97,4.42,4.41,4.41,3,6,6.0
SAE 1022,Febrero,16,35025232.0,5.13,93,5.14,5.14,5.14,7,6,9.0
SAE 1022,Febrero,16,35025233.0,5.13,100,5.14,5.13,5.13,7,10,9.0
SAE 1022,Febrero,16,35025234.0,5.13,100,5.14,5.13,5.13,7,10,9.0
SAE 1022,Febrero,16,35025235.0,5.13,97,5.14,5.13,5.13,9,9,10.0
SAE 1022,Febrero,16,35025236.0,5.13,109,5.13,5.12,5.13,8,8,10.0
SAE 1022,Febrero,17,35025237.0,5.13,90,5.14,5.13,5.14,8,8,10.0
SAE 1022,Febrero,17,35025238.0,5.13,98,5.13,5.13,5.13,8,9,10.0
SAE 1022,Febrero,17,35025239.0,5.13,105,5.13,5.13,5.13,8,9,10.0
SAE 1022,Febrero,17,35025240.0,5.13,102,5.13,5.13,5.13,8,8,10.0
SAE 1022,Febrero,17,35025241.0,5.13,106,5.13,5.13,5.13,8,8,10.0
SAE 1022,Febrero,17,35025242.0,5.13,98,5.13,5.13,5.13,9,9,10.0
SAE 1022,Febrero,17,35025243.0,5.13,102,5.14,5.14,,9,10,
SAE 1022,Febrero,17,35025244.0,5.13,100,5.13,5.14,,9,9,
SAE 1011,Febrero,19,35025245.0,4.4,114,4.4,4.41,4.4,2,4,2.0
SAE 1011,Febrero,19,35025255.0,4.4,126,4.4,4.41,4.4,2,4,2.0
SAE 1011,Febrero,19,35025256.0,4.4,112,4.4,4.41,4.4,2,3,2.0
SAE 1011,Febrero,19,35025257.0,4.4,117,4.4,4.41,4.4,2,3,2.0
SAE 1011,Febrero,19,35025258.0,4.4,128,4.4,4.41,4.4,2,2,2.0
SAE 1011,Febrero,19,35025259.0,4.4,124,4.4,4.41,4.4,2,2,3.0
SAE 1011,Febrero,19,35025260.0,4.4,114,4.4,4.41,4.4,3,3,4.0
SAE 1011,Febrero,19,35025268.0,4.4,132,4.4,4.41,4.4,2,2,3.0
SAE 1008,Febrero,19,35025269.0,4.4,122,4.4,4.41,4.4,2,2,2.0
SAE 1008,Febrero,19,35025270.0,4.4,117,4.4,4.41,4.4,2,3,4.0
SAE 1008,Febrero,19,35025271.0,4.4,125,4.4,4.41,4.4,2,3,4.0
SAE 1008,Febrero,19,35025272.0,4.4,126,4.4,4.41,4.4,2,3,3.0
SAE 1008,Febrero,19,35025273.0,4.4,113,4.4,4.41,4.4,3,3,3.0
SAE 1011,Febrero,19,35025261.0,4.4,137,4.41,4.4,4.41,7,6,3.0
SAE 1011,Febrero,19,35025262.0,4.4,116,4.41,4.4,4.4,3,5,5.0
SAE 1011,Febrero,19,35025263.0,4.4,123,4.41,4.4,4.4,3,5,3.0
SAE 1011,Febrero,19,35025264.0,4.4,130,4.41,4.4,4.4,3,6,2.0
SAE 1011,Febrero,19,35025265.0,4.4,127,4.42,4.41,4.41,2,2,3.0
SAE 1011,Febrero,19,35025266.0,4.4,119,4.41,4.41,4.41,2,5,3.0
SAE 1011,Febrero,19,35025267.0,4.4,119,4.41,4.41,4.41,3,5,3.0
SAE 1008,Febrero,21,35025274.0,4.4,113,4.41,4.4,4.4,2,4,3.0
SAE 1008,Febrero,21,35025275.0,4.4,117,4.41,4.4,4.4,2,4,3.0
SAE 1008,Febrero,21,35025276.0,4.4,121,4.41,4.4,4.4,2,3,3.0
SAE 1008,Febrero,21,35025277.0,4.4,116,4.41,4.4,4.4,2,3,3.0
SAE 1008,Febrero,21,35025278.0,4.4,120,4.41,4.4,4.4,3,2,3.0
SAE 1008,Febrero,21,35025279.0,4.4,115,4.41,4.4,4.4,5,4,5.0
SAE 1008,Febrero,21,35025280.0,4.4,124,4.41,4.41,4.41,5,4,5.0
SAE 1008,Febrero,21,35025281.0,4.4,119,4.41,4.41,4.41,5,4,4.0
SAE 1008,Febrero,21,35025282.0,4.4,124,4.41,4.41,4.41,5,4,3.0
SAE 1008,Febrero,21,35025283.0,4.4,115,4.41,4.41,4.41,5,4,3.0
SAE 1008,Febrero,21,35025287.0,4.4,121,4.41,4.41,4.41,5,5,3.0
SAE 1008,Febrero,21,35025285.0,4.4,125,4.41,4.41,4.41,5,4,4.0
SAE 1006,Febrero,21,35025286.0,4.4,126,4.41,4.41,4.4,6,3,2.0
SAE 1011,Febrero,21,35025361.0,4.4,121,4.4,4.4,4.4,6,3,9.0
SAE 1011,Febrero,21,35025362.0,4.4,115,4.4,4.4,4.4,3,6,3.0
SAE 1022,Febrero,21,35025291.0,5.13,107,5.14,5.14,5.14,9,6,6.0
SAE 1022,Febrero,21,35025292.0,5.13,102,5.13,5.14,5.14,3,4,6.0
SAE 1022,Febrero,21,35025293.0,5.13,102,5.13,5.14,5.14,3,4,6.0
SAE 1022,Febrero,21,35025294.0,5.13,103,5.13,5.14,5.14,3,4,5.0
SAE 1022,Febrero,22,35025295.0,5.13,100,5.13,5.14,5.14,3,4,5.0
SAE 1022,Febrero,22,35025296.0,5.13,104,5.13,5.14,5.13,6,5,3.0
SAE 1022,Febrero,22,35025297.0,5.13,104,5.13,5.14,5.13,3,5,3.0
SAE 1022,Febrero,22,35025298.0,5.13,111,5.13,5.14,5.13,3,5,3.0
SAE 1022,Febrero,22,35025299.0,5.13,95,5.13,5.14,5.13,3,4,3.0
SAE 1022,Febrero,22,35025300.0,5.13,101,5.13,5.14,5.13,3,4,3.0
SAE 1022,Febrero,22,35025301.0,5.13,105,5.13,5.14,5.13,3,3,4.0
SAE 1022,Febrero,22,35025202.0,5.13,103,5.13,5.14,5.13,3,5,3.0
SAE 1022,Febrero,22,35025303.0,5.13,110,5.13,5.14,5.13,3,8,6.0
SAE 1022,Febrero,22,35025304.0,5.13,100,5.13,5.14,5.13,4,10,6.0
SAE 1022,Febrero,22,35025305.0,5.13,101,5.13,5.14,5.13,5,10,4.0
SAE 1022,Febrero,22,35025306.0,5.13,102,5.13,5.14,5.13,6,10,4.0
SAE 1022,Febrero,22,35025307.0,5.13,115,5.13,5.14,5.13,5,,5.0
SAE 1022,Febrero,22,35025308.0,5.13,92,5.13,5.14,5.13,5,,5.0
SAE 1011,Febrero,22,35025363.0,4.4,121,4.4,4.41,4.41,5,5,4.0
SAE 1011,Febrero,22,35025364.0,4.4,111,4.4,4.41,4.41,6,5,5.0
SAE 1022,Febrero,22,35025309.0,5.13,90,5.14,5.13,5.14,8,7,5.0
SAE 1022,Febrero,22,35025310.0,5.13,105,5.14,5.14,5.14,14,15,13.0
SAE 1022,Febrero,23,35025311.0,5.13,98,5.14,5.14,5.14,9,9,9.0
SAE 1022,Febrero,23,35025212.0,5.13,101,5.14,,5.13,7,,5.0
SAE 1022,Febrero,23,35025313.0,5.13,95,5.14,,5.13,7,,8.0
SAE 1022,Febrero,23,35025314.0,5.13,102,5.14,5.14,5.13,7,8,9.0
SAE 1022,Febrero,23,35025315.0,5.13,95,5.13,5.14,5.13,7,7,9.0
SAE 1022,Febrero,23,35025316.0,5.13,107,5.13,5.14,5.13,10,10,6.0
SAE 1022,Febrero,23,35025317.0,5.13,103,,5.13,5.13,,10,6.0
SAE 1022,Febrero,23,35025318.0,5.13,101,,5.13,5.13,,10,6.0
SAE 1022,Febrero,23,35025319.0,5.13,104,,5.13,5.13,,10,6.0
SAE 1022,Febrero,23,35025320.0,5.13,102,,5.13,5.13,,10,6.0
SAE 1022,Febrero,23,35025321.0,5.13,101,,5.13,5.13,,10,6.0
SAE 1011,Febrero,24,35025241.0,4.4,122,4.4,4.41,4.41,4,7,4.0
SAE 1011,Febrero,24,35025365.0,4.4,109,4.4,4.41,4.41,4,7,5.0
SAE 1523,Febrero,24,35025342.0,4.4,115,4.4,4.41,4.41,6,7,5.0
SAE 1523,Febrero,24,35025343.0,4.4,124,4.4,4.41,4.41,5,9,8.0
SAE 1523,Febrero,24,35025344.0,4.4,130,4.4,4.41,4.41,8,9,7.0
SAE 1523,Febrero,24,35025345.0,4.4,122,4.4,4.41,4.41,10,10,6.0
SAE 1523,Febrero,24,35025346.0,4.4,132,4.4,4.41,4.41,9,10,6.0
SAE 1523,Febrero,24,35025347.0,4.4,114,4.4,4.41,4.41,9,10,5.0
SAE 1011,Febrero,27,35025366.0,4.4,120,4.4,4.41,4.4,2,4,3.0
SAE 1011,Febrero,27,35025367.0,4.4,124,4.41,4.4,4.41,2,4,3.0
SAE 1011,Febrero,27,35025368.0,4.4,115,4.4,4.4,4.4,3,4,4.0
SAE 1011,Febrero,27,35025369.0,4.4,113,4.4,4.4,4.4,3,6,3.0
SAE 1523,Febrero,27,35025348.0,4.4,122,4.41,4.4,4.4,4,6,6.0
SAE 1523,Febrero,27,35025349.0,4.4,126,4.41,4.4,4.41,3,3,6.0
SAE 1523,Febrero,27,35025350.0,4.4,121,4.41,4.41,4.4,3,6,6.0
SAE 1523,Febrero,27,35025351.0,4.4,120,4.4,4.41,4.4,3,8,3.0
SAE 1523,Febrero,28,35025352.0,4.4,127,4.41,4.4,4.41,3,6,2.0
SAE 1523,Febrero,28,35025353.0,4.4,124,4.41,4.41,4.4,2,4,1.0
SAE 1523,Febrero,28,35025354.0,4.4,127,4.4,4.41,4.4,2,7,5.0
SAE 1523,Febrero,28,35025355.0,4.4,119,4.41,4.41,4.4,3,6,5.0
SAE 1523,Febrero,28,35025356.0,4.4,120,4.41,4.41,4.4,2,5,2.0
SAE 1523,Febrero,28,35025357.0,4.4,124,4.41,4.41,4.4,2,5,2.0
SAE 1523,Febrero,28,35025358.0,4.4,103,4.41,4.41,4.4,1,5,2.0
SAE 1022,Febrero,28,35025322.0,5.13,102,5.14,5.13,,2,6,
SAE 1022,Febrero,28,35025323.0,5.13,91,5.13,5.13,5.14,5,10,7.0
SAE 1022,Febrero,28,35025324.0,5.13,104,5.14,5.13,5.13,7,10,8.0
SAE 1022,Febrero,28,35025325.0,5.13,102,5.13,5.14,5.13,2,8,5.0
SAE 1022,Febrero,28,35025326.0,5.13,103,5.14,5.12,5.13,3,8,5.0
SAE 1022,Febrero,28,35025327.0,5.13,100,5.12,5.13,5.13,2,8,4.0
SAE 1022,Febrero,28,35025328.0,5.13,111,5.13,5.14,5.14,2,8,4.0
SAE 1022,Febrero,28,35025329.0,5.13,109,5.13,5.13,5.14,3,6,3.0
SAE 1022,Febrero,28,35025330.0,5.13,100,5.13,5.12,5.13,3,6,3.0
SAE 1022,Febrero,28,35025331.0,5.13,107,5.15,5.14,5.14,4,4,3.0
SAE 1022,Febrero,28,35025332.0,5.13,104,5.15,5.14,5.14,4,4,4.0
SAE 1022,Febrero,28,35025333.0,5.13,98,5.15,5.14,5.13,3,3,4.0
SAE 1022,Febrero,28,35025334.0,5.13,97,5.15,5.14,5.14,2,2,5.0
SAE 1022,Febrero,28,35025335.0,5.13,110,5.15,5.13,5.14,3,3,5.0
SAE 1022,Febrero,29,35025336.0,5.13,106,5.14,5.14,5.15,6,3,5.0
SAE 1022,Febrero,29,35025337.0,5.13,99,5.14,5.14,5.13,6,3,6.0
SAE 1022,Febrero,29,35025338.0,5.13,109,5.14,5.14,5.13,6,7,6.0
SAE 1022,Febrero,29,35025339.0,5.13,96,5.13,5.13,5.13,7,7,6.0
 SAE 1022,Febrero,29,35025340.0,5.13,94,5.13,5.13,5.13,13,13,12.0
SAE 1011,Febrero,29,35025370.0,4.4,122,4.4,4.41,4.4,5,4,5.0
SAE 1011,Febrero,29,35025371.0,4.4,123,4.4,4.41,4.4,3,4,3.0
SAE 1011,Febrero,29,35025372.0,4.4,112,4.4,4.41,4.4,4,5,4.0
 SAE 1022,Febrero,29,35025375.0,5.13,107,5.13,5.14,5.13,3,6,5.0
 SAE 1022,Febrero,29,35025376.0,5.13,101,5.14,,5.13,3,,5.0
 SAE 1022,Febrero,29,35025377.0,5.13,98,5.14,5.13,5.13,3,6,5.0
 SAE 1022,Febrero,29,35025378.0,5.13,107,5.14,5.14,5.14,4,10,4.0
SAE 1022,Febrero,29,35025379.0,5.13,109,5.13,5.14,5.14,5,10,6.0
SAE 1022,Febrero,29,35025380.0,5.13,102,5.14,5.14,5.14,5,10,4.0
SAE 1022,Febrero,29,35025381.0,5.13,107,5.13,5.14,5.13,5,10,3.0
SAE 1022,Marzo,1,35025382.0,5.13,100,5.14,5.14,5.13,3,10,6.0
SAE 1022,Marzo,1,35025391.0,5.13,106,5.14,5.14,5.14,2,9,6.0
SAE 1022,Marzo,1,35025392.0,5.13,107,5.14,5.14,5.13,4,9,5.0
SAE 1022,Marzo,1,35025393.0,5.13,105,5.14,5.14,5.14,4,9,5.0
SAE 1022,Marzo,1,35025394.0,5.13,111,5.13,5.14,5.13,7,9,6.0
SAE 1022,Marzo,1,35025395.0,5.13,105,5.13,5.14,5.13,7,9,6.0
SAE 1022,Marzo,1,35025296.0,5.13,105,5.13,5.14,5.13,6,8,6.0
SAE 1011,Marzo,1,35025416.0,4.4,122,4.4,4.41,4.4,6,8,6.0
SAE 1011,Marzo,1,35025417.0,4.4,123,4.42,4.41,4.41,5,8,6.0
SAE 1011,Marzo,1,35025418.0,4.4,125,4.4,4.4,4.4,3,7,5.0
SAE 1011,Marzo,1,35025419.0,4.4,129,4.4,4.41,4.4,5,8,6.0
SAE 1011,Marzo,1,35025420.0,4.4,124,4.42,4.41,4.41,3,7,5.0
SAE 1011,Marzo,1,35025421.0,4.4,124,4.4,4.4,4.4,5,8,6.0
SAE 1011,Marzo,2,35025422.0,4.4,110,4.42,4.41,4.41,3,7,5.0
SAE 1011,Marzo,2,35025423.0,4.4,110,4.4,4.4,4.4,4,7,5.0
SAE 1011,Marzo,2,35025425.0,4.4,127,4.42,4.42,4.4,6,9,6.0
SAE 1011,Marzo,2,35025426.0,4.4,121,4.41,4.41,4.4,6,9,6.0
SAE 1011,Marzo,2,35025427.0,4.4,115,4.41,4.41,4.4,4,7,4.0
SAE 1022,Marzo,2,35025428.0,5.13,98,5.14,5.14,5.13,8,10,8.0
SAE 1011,Marzo,2,35025429.0,4.4,116,4.4,4.4,4.41,7,9,6.0
SAE 1011,Marzo,2,35025430.0,4.4,124,4.4,4.4,4.41,3,8,3.0
SAE 1011,Marzo,2,35025431.0,4.4,115,4.4,,4.4,2,,2.0
SAE 1011,Marzo,2,35025432.0,4.4,114,4.4,,4.4,2,,2.0
SAE 1011,Marzo,4,35025433.0,4.4,120,4.4,4.41,4.41,3,9,8.0
SAE 1011,Marzo,4,35025434.0,4.4,120,4.4,4.41,4.4,3,8,4.0
SAE 1011,Marzo,4,35025435.0,4.4,120,4.4,4.41,4.4,1,7,3.0
SAE 1011,Marzo,4,35025436.0,4.4,114,4.41,4.4,4.41,3,7,3.0
SAE 1011,Marzo,4,35025437.0,4.4,26,4.4,4.41,4.4,4,7,3.0
SAE 1011,Marzo,4,35025438.0,4.4,127,4.41,4.4,4.41,2,6,2.0
SAE 1011,Marzo,4,35025439.0,4.4,109,4.4,4.41,4.4,2,6,2.0
SAE 1011,Marzo,4,35025440.0,4.4,109,4.41,4.41,4.41,4,6,6.0
SAE 1011,Marzo,4,35025441.0,4.4,118,4.41,4.4,4.41,3,4,4.0
SAE 1011,Marzo,4,35025452.0,4.4,115,4.4,4.41,4.41,3,3,4.0
SAE 1523,Marzo,4,35025453.0,4.4,116,4.4,4.41,4.41,8,10,9.0
SAE 1523,Marzo,5,35025454.0,4.4,121,4.4,4.41,4.41,10,10,9.0
SAE 1523,Marzo,5,35025455.0,4.4,120,4.4,4.4,4.41,10,10,9.0
SAE 1523,Marzo,5,35025456.0,4.4,107,4.4,4.4,4.41,5,5,4.0
SAE 1523,Marzo,5,35025457.0,4.4,122,4.41,4.41,4.4,5,5,4.0
SAE 1523,Marzo,5,35025458.0,4.4,127,4.41,4.4,4.41,5,5,6.0
SAE 1523,Marzo,5,35025459.0,4.4,112,4.41,,4.41,8,,5.0
SAE 1011,Marzo,5,35025442.0,4.4,112,4.4,4.41,4.4,4,4,5.0
SAE 1011,Marzo,6,35025443.0,4.4,120,4.41,4.4,4.41,4,5,5.0
SAE 1011,Marzo,6,35025444.0,4.4,117,4.4,4.41,4.41,5,4,6.0
SAE 1011,Marzo,6,35025445.0,4.4,118,4.4,4.41,4.41,5,5,6.0
SAE 1523,Marzo,6,35025460.0,4.4,112,4.4,4.41,4.4,2,4,5.0
SAE 1523,Marzo,6,35025461.0,4.4,125,4.4,4.4,4.4,9,5,6.0
SAE 1523,Marzo,6,35025462.0,4.4,125,4.4,4.41,4.4,10,7,7.0
SAE 1523,Marzo,6,35025463.0,4.4,127,4.41,4.41,4.4,3,4,5.0
SAE 1523,Marzo,6,35025464.0,4.4,125,4.4,4.41,4.4,3,5,5.0
SAE 1523,Marzo,6,35025465.0,4.4,120,4.41,4.41,4.4,8,5,5.0
SAE 1523,Marzo,6,35025466.0,4.4,132,4.4,4.41,4.4,8,6,5.0
SAE 1523,Marzo,6,35025467.0,4.4,123,4.41,4.4,4.4,8,4,4.0
SAE 1523,Marzo,6,35025468.0,4.4,118,4.41,4.4,4.4,8,4,4.0
SAE 1523,Marzo,6,35025488.0,4.4,133,4.41,4.4,4.4,7,6,3.0
SAE 1523,Marzo,6,35025489.0,4.4,103,4.41,4.4,4.4,7,6,3.0
SAE 1022,Marzo,6,35025469.0,5.13,104,5.14,5.14,5.14,7,3,6.0
SAE 1022,Marzo,6,35025470.0,5.13,102,5.14,5.14,5.14,7,4,6.0
SAE 1022,Marzo,6,35025471.0,5.13,101,5.14,5.14,5.14,8,7,7.0
SAE 1022,Marzo,6,35025472.0,5.13,118,5.14,5.14,,10,7,
SAE 1022,Marzo,6,35025473.0,5.13,91,5.13,5.14,5.13,10,8,10.0
SAE 1022,Marzo,7,35025474.0,5.13,100,5.13,5.14,5.13,12,8,12.0
SAE 1022,Marzo,7,35025475.0,5.13,108,5.14,5.13,5.14,12,7,11.0
SAE 1022,Marzo,7,35025476.0,5.13,95,5.14,5.13,5.14,12,8,11.0
SAE 1022,Marzo,7,35025477.0,5.13,102,5.14,5.13,5.14,8,8,7.0
SAE 1022,Marzo,7,35025478.0,5.13,105,5.14,5.14,5.13,8,8,7.0
SAE 1022,Marzo,7,35025479.0,5.13,105,5.13,5.14,5.14,5,8,7.0
SAE 1022,Marzo,7,35025480.0,5.13,103,5.13,,5.13,12,,12.0
SAE 1022,Marzo,7,35025481.0,5.13,105,5.14,,5.14,12,,11.0
SAE 1011,Marzo,11,35025446.0,4.4,119,4.4,4.41,4.4,9,6,6.0
SAE 1011,Marzo,11,35025447.0,4.4,121,4.41,4.4,4.41,5,6,6.0
SAE 1011,Marzo,11,35025448.0,4.4,110,4.4,4.41,4.41,4,7,5.0
SAE 1022,Marzo,11,35025501.0,5.13,101,5.13,5.14,5.14,13,11,9.0
SAE 1022,Marzo,11,35025502.0,5.13,104,5.13,5.13,5.14,13,11,9.0
SAE 1022,Marzo,11,35025503.0,5.13,101,,5.14,5.13,,8,6.0
SAE 1022,Marzo,11,35025504.0,5.13,68,,5.13,5.14,,7,6.0
SAE 1022,Marzo,11,35025505.0,5.13,115,5.13,5.13,5.14,13,10,10.0
SAE 1011,Marzo,11,35025506.0,4.4,86,4.41,4.4,4.41,7,5,4.0
SAE 1011,Marzo,11,35025507.0,4.4,124,4.41,4.41,4.41,8,4,5.0
SAE 1011,Marzo,11,35025449.0,4.4,117,4.41,4.41,4.41,3,3,2.0
SAE 1011,Marzo,11,35025450.0,4.4,120,4.41,4.41,4.4,6,5,2.0
SAE 1022,Marzo,12,35025508.0,5.13,93,5.14,5.14,5.14,10,10,10.0
SAE 1022,Marzo,12,35025509.0,5.13,103,5.14,5.14,5.14,10,9,9.0
SAE 1022,Marzo,12,35025510.0,5.13,110,5.14,5.14,5.14,9,10,10.0
SAE 1022,Marzo,12,35025511.0,5.13,101,5.13,5.14,5.14,10,10,10.0
SAE 1022,Marzo,12,35025512.0,5.13,115,5.14,5.13,5.13,10,10,9.0
SAE 1022,Marzo,12,35025513.0,5.13,100,5.13,5.13,5.13,10,10,10.0
SAE 1022,Marzo,12,35025514.0,5.13,102,5.14,5.14,5.14,10,10,9.0
SAE 1022,Marzo,12,35025515.0,5.13,102,5.14,5.13,5.14,10,9,9.0
SAE 1022,Marzo,12,35025516.0,5.13,102,5.14,5.13,5.13,10,9,9.0
SAE 1022,Marzo,12,35025517.0,5.13,103,5.13,5.14,5.14,10,9,8.0
SAE 1022,Marzo,12,35025518.0,5.13,108,,5.13,5.14,,7,6.0
SAE 1022,Marzo,12,35025519.0,5.13,106,,5.13,5.13,,9,7.0
SAE 1022,Marzo,12,35025520.0,5.13,95,,5.13,5.14,,9,7.0
SAE 1011,Marzo,12,35025525.0,4.4,122,4.4,4.41,4.41,6,7,5.0
SAE 1011,Marzo,12,35025526.0,4.4,97,4.41,4.4,4.4,5,6,3.0
SAE 1011,Marzo,12,35025527.0,4.4,137,4.41,4.4,4.4,5,5,3.0
SAE 1011,Marzo,12,35025521.0,4.4,116,4.41,4.4,4.4,5,5,3.0
SAE 1011,Marzo,13,35025528.0,4.4,119,,4.41,4.4,,4,3.0
SAE 1011,Marzo,14,35025529.0,4.4,93,4.4,4.4,4.4,6,7,8.0
SAE 1022,Marzo,14,35025522.0,5.13,96,5.13,5.14,5.14,8,10,10.0
SAE 1022,Marzo,14,35025523.0,5.13,103,5.14,5.13,5.14,8,10,9.0
SAE 1022,Marzo,14,35025524.0,5.13,99,5.13,5.14,5.13,8,9,9.0
SAE 1022,Marzo,14,35025543.0,5.13,109,5.14,5.13,5.13,8,9,9.0
SAE 1022,Marzo,14,35025544.0,5.13,102,5.14,5.13,5.13,8,9,9.0
SAE 1022,Marzo,14,35025545.0,5.13,102,5.14,5.13,5.13,6,7,8.0
SAE 1022,Marzo,14,35025546.0,5.13,100,5.14,5.13,5.13,6,7,8.0
SAE 1022,Marzo,14,35025547.0,5.13,117,5.14,,5.13,4,,7.0
SAE 1022,Marzo,14,35025498.0,5.13,102,5.14,,5.13,4,,7.0
SAE 1011,Marzo,14,35025530.0,4.4,123,4.4,4.41,4.4,8,7,7.0
SAE 1011,Marzo,14,35025532.0,4.4,116,4.41,4.4,4.41,4,4,3.0
SAE 1022,Marzo,14,35025548.0,5.13,99,5.14,5.13,5.13,13,10,8.0
SAE 1022,Marzo,14,35025549.0,5.13,106,5.13,5.14,5.14,13,10,8.0
SAE 1022,Marzo,14,35025550.0,5.13,100,5.13,5.14,5.14,11,7,8.0
SAE 1022,Marzo,14,35025551.0,5.13,106,5.13,5.14,5.14,11,8,9.0
SAE 1022,Marzo,14,35025552.0,5.13,99,5.13,5.14,5.14,11,7,8.0
SAE 1022,Marzo,15,35025553.0,5.13,104,5.13,5.14,5.14,11,8,8.0
SAE 1022,Marzo,15,35025554.0,5.13,109,,5.14,5.14,,8,9.0
SAE 1022,Marzo,15,35025555.0,5.13,103,,5.14,5.14,,9,9.0
SAE 1022,Marzo,15,35025556.0,5.13,102,,5.14,5.14,,10,9.0
SAE 1022,Marzo,15,35025557.0,5.13,104,,5.14,5.14,,10,9.0
SAE 1022,Marzo,15,35025558.0,5.13,106,,5.14,5.14,,10,9.0
SAE 1022,Marzo,15,35025559.0,5.13,102,,5.14,5.14,,8,7.0
SAE 1022,Marzo,15,35025560.0,5.13,100,,5.14,5.14,,7,5.0
SAE 1022,Marzo,19,35025533.0,5.13,88,5.13,5.14,5.13,12,12,12.0
SAE 1011,Marzo,19,35025534.0,4.4,117,4.4,4.41,4.4,4,5,7.0
SAE 1011,Marzo,19,35025535.0,4.4,113,4.41,4.41,4.4,3,5,7.0
SAE 1022,Marzo,19,35025561.0,5.13,105,5.13,5.14,5.14,8,9,10.0
SAE 1022,Marzo,19,35025562.0,5.13,105,5.13,5.14,5.13,3,3,9.0
SAE 1022,Marzo,19,35025563.0,5.13,102,5.13,5.13,5.14,3,3,7.0
SAE 1022,Marzo,19,35025564.0,5.13,100,5.13,5.13,5.13,5,5,10.0
SAE 1022,Marzo,19,35025565.0,5.13,101,5.13,5.14,5.14,6,7,8.0
SAE 1022,Marzo,19,35025566.0,5.13,106,5.14,5.13,5.14,3,2,7.0
SAE 1022,Marzo,19,35025567.0,5.13,109,5.14,5.13,5.14,3,6,8.0
SAE 1022,Marzo,20,35025568.0,5.13,100,5.14,5.14,5.14,2,6,8.0
SAE 1022,Marzo,20,35025569.0,5.13,110,5.15,5.14,5.15,5,6,10.0
SAE 1022,Marzo,20,35025570.0,5.13,103,5.13,5.14,5.13,4,1,7.0
SAE 1022,Marzo,20,35025571.0,5.13,100,5.13,5.14,5.13,6,4,4.0
SAE 1022,Marzo,20,35025572.0,5.13,112,5.13,5.14,5.15,3,2,8.0
SAE 1022,Marzo,20,35025573.0,5.13,106,5.13,5.14,5.14,6,2,6.0
SAE 1022,Marzo,20,35025574.0,5.13,101,5.13,,5.14,9,,10.0
SAE 1022,Marzo,20,35025575.0,5.13,103,5.13,,5.14,9,,10.0
SAE 1022,Marzo,20,35025576.0,5.13,88,5.13,,5.14,10,,10.0
SAE 1022,Marzo,21,35025577.0,5.13,102,5.14,5.14,5.13,14,14,14.0
SAE 1011,Marzo,21,35025536.0,4.4,115,4.4,4.41,4.4,4,4,6.0
SAE 1022,Marzo,21,35025578.0,5.13,96,5.15,5.13,5.14,5,9,10.0
SAE 1022,Marzo,21,35025579.0,5.13,95,5.14,5.14,5.14,13,14,14.0
SAE 1011,Marzo,21,35025580.0,4.4,124,4.41,4.41,4.4,4,4,6.0
SAE 1011,Marzo,21,35025537.0,4.4,109,4.41,4.41,4.4,4,5,6.0
SAE 1022,Marzo,21,35025581.0,5.13,103,5.13,5.14,5.14,12,14,14.0
SAE 1022,Marzo,21,35025582.0,5.13,95,5.14,5.13,5.13,7,12,12.0
SAE 1022,Marzo,21,35025583.0,5.13,109,5.13,5.13,5.13,10,10,13.0
SAE 1022,Marzo,21,35025584.0,5.13,96,5.14,5.14,5.14,9,12,12.0
SAE 1022,Marzo,21,35025585.0,5.13,97,5.13,5.14,5.14,13,13,13.0
SAE 1011,Marzo,21,35025586.0,4.4,122,4.41,4.41,4.42,6,4,7.0
SAE 1011,Marzo,21,35025587.0,4.4,118,4.41,4.42,4.42,4,4,5.0
SAE 1011,Marzo,21,35025538.0,4.4,118,4.42,4.42,4.42,4,2,4.0
SAE 1011,Marzo,21,35025539.0,4.4,124,4.42,4.41,4.42,2,2,4.0
SAE 1011,Marzo,22,35025540.0,4.4,119,4.41,4.41,4.42,1,1,2.0
SAE 1011,Marzo,22,35025541.0,4.4,124,4.4,4.41,4.41,2,2,2.0
SAE 1011,Marzo,22,35025542.0,4.4,117,4.41,4.41,4.4,1,2,2.0
SAE 1011,Marzo,22,35025607.0,4.4,130,4.41,4.4,4.4,1,4,2.0
SAE 1011,Marzo,22,35025608.0,4.4,111,4.4,4.41,4.41,2,3,2.0
SAE 1011,Marzo,22,35025609.0,4.4,123,4.41,4.38,4.41,3,4,4.0
SAE 1011,Marzo,22,35025610.0,4.4,128,4.41,4.41,4.41,3,4,4.0
SAE 1011,Marzo,22,35025611.0,4.4,117,4.41,4.41,4.41,4,3,3.0
SAE 1011,Marzo,22,35025612.0,4.4,112,4.41,4.41,4.41,4,3,3.0
SAE 1011,Marzo,22,35025613.0,4.4,134,4.41,4.4,4.41,2,3,3.0
SAE 1011,Marzo,22,35025614.0,4.4,114,4.41,4.4,4.41,2,2,3.0
SAE 1011,Marzo,22,35025615.0,4.4,122,4.41,4.4,4.41,2,2,3.0
SAE 1011,Marzo,22,35025616.0,4.4,118,4.4,4.4,4.41,2,3,3.0
SAE 1011,Marzo,22,35025617.0,4.4,115,4.41,4.4,4.41,2,3,3.0
SAE 1022,Marzo,22,35025588.0,5.13,92,5.13,5.14,5.13,12,16,12.0
SAE 1011,Marzo,22,35025589.0,4.4,115,4.4,4.41,4.4,4,3,2.0
SAE 1011,Marzo,22,35055618.0,4.4,114,4.41,4.41,4.4,4,3,2.0
SAE 1022,Marzo,22,35025590.0,5.13,97,5.13,5.14,5.14,11,13,11.0
SAE 1022,Marzo,22,35025591.0,5.13,108,5.13,5.14,5.13,10,13,12.0
SAE 1022,Marzo,22,35025592.0,5.13,102,5.13,,5.13,10,,10.0
SAE 1022,Marzo,22,35025593.0,5.13,99,5.14,,5.13,9,,10.0
SAE 1011,Marzo,26,35025619.0,4.4,119,4.41,4.4,4.4,7,8,3.0
SAE 1011,Marzo,26,35025620.0,4.4,111,4.4,4.41,4.4,7,7,5.0
SAE 1011,Marzo,26,35025621.0,4.4,116,4.41,4.41,4.4,8,7,7.0
SAE 3702,Marzo,26,35025633.0,5.42,95,5.43,5.44,5.44,10,12,10.0
SAE 3702,Marzo,26,35025634.0,5.42,101,5.44,5.44,5.44,4,10,4.0
SAE 3702,Marzo,26,35025635.0,5.42,102,5.43,5.44,5.44,4,10,6.0
SAE 3702,Marzo,26,35025636.0,5.42,101,5.44,5.44,5.43,4,10,4.0
SAE 3702,Marzo,26,35025637.0,5.42,105,5.44,5.43,5.43,4,10,4.0
SAE 3702,Marzo,26,35025638.0,5.42,98,5.44,5.43,5.43,4,10,6.0
SAE 3702,Marzo,26,35025639.0,5.42,100,5.43,5.42,5.42,2,10,7.0
SAE 3702,Marzo,26,35025640.0,5.42,87,5.43,5.42,5.42,3,10,5.0
SAE 3702,Marzo,26,35025641.0,5.42,107,5.43,,5.42,2,,5.0
SAE 3702,Marzo,26,35025642.0,5.42,99,5.43,,5.42,2,,4.0
SAE 3702,Marzo,26,35025643.0,5.42,96,5.42,,5.42,2,,3.0
SAE 3702,Marzo,26,35025644.0,5.42,97,5.42,,5.42,2,,2.0
SAE 3702,Marzo,26,35025645.0,5.42,95,5.42,,5.42,2,,3.0
SAE 3702,Marzo,26,35025646.0,5.42,98,5.42,,5.43,2,,3.0
SAE 3702,Marzo,26,35025647.0,5.42,99,5.42,,5.43,3,,5.0
SAE 3702,Marzo,27,35025648.0,5.42,99,5.42,,5.43,1,,3.0
SAE 3702,Marzo,27,35025649.0,5.42,95,5.42,,5.42,2,,2.0
SAE 3702,Marzo,27,35025650.0,5.42,97,5.43,,5.42,2,,3.0
SAE 3702,Marzo,27,35025651.0,5.42,103,5.43,,5.43,2,,2.0
SAE 3702,Marzo,27,35025652.0,5.42,98,5.43,,5.42,2,,1.0
SAE 3702,Marzo,27,35025653.0,5.42,92,5.43,,5.42,2,,2.0
SAE 3702,Marzo,27,35025654.0,5.42,101,5.43,5.42,5.43,10,10,11.0
SAE 3702,Marzo,27,35025655.0,5.42,94,5.43,5.42,5.42,12,10,10.0
SAE 3702,Marzo,27,35025656.0,5.42,96,5.44,5.43,5.43,5,4,8.0
SAE 3702,Marzo,27,35025657.0,5.42,96,5.44,5.43,5.43,3,4,9.0
SAE 3702,Marzo,27,35025658.0,5.42,97,5.43,5.43,,2,5,
SAE 3702,Marzo,27,35025659.0,5.42,101,5.42,5.42,,3,4,
SAE 3702,Marzo,27,35025660.0,5.42,90,5.42,5.43,,2,3,
SAE 3702,Marzo,27,35025661.0,5.42,102,5.42,5.42,,2,4,
SAE 3702,Marzo,27,35025662.0,5.42,101,5.42,5.43,,2,4,
SAE 3702,Marzo,27,35025663.0,5.42,104,5.42,5.43,,1,3,
SAE 3702,Marzo,27,35025664.0,5.42,99,5.42,5.42,,2,3,
SAE 3702,Marzo,27,35025665.0,5.42,94,5.42,5.42,,2,2,
SAE 3702,Marzo,28,35025666.0,5.42,105,5.42,5.43,,2,3,
SAE 3702,Marzo,28,35025667.0,5.42,103,5.43,5.42,,2,3,
SAE 3702,Marzo,28,35025668.0,5.42,93,5.42,5.42,,2,3,
SAE 3702,Marzo,28,35025669.0,5.42,97,5.42,5.42,,2,3,
SAE 3702,Marzo,28,35025670.0,5.42,93,5.43,5.42,,3,3,
SAE 3702,Marzo,28,35025671.0,5.42,99,,5.42,5.41, ,8,11.0
SAE 3702,Marzo,28,35025672.0,5.42,98,5.42,5.42,5.41,2,10,10.0
SAE 3702,Marzo,28,35025673.0,5.42,100,5.41,5.42,5.42,3,3,7.0
SAE 3702,Marzo,28,35025674.0,5.42,104,5.41,5.41,5.42,2,2,3.0
SAE 3702,Marzo,28,35025675.0,5.42,100,5.41,5.41,5.42,2,2,3.0
SAE 3702,Marzo,28,35025676.0,5.42,100,5.42,5.42,5.42,2,2,2.0
SAE 3702,Marzo,28,35025677.0,5.42,109,5.42,5.42,,2,2,
SAE 3702,Marzo,28,35025678.0,5.42,89,5.42,5.42,,2,3,
SAE 3702,Marzo,28,35025679.0,5.42,93,5.42,5.42,,2,3,
SAE 3702,Marzo,30,35025680.0,5.42,94,5.42,5.42,,10,9,
SAE 3702,Marzo,30,35025681.0,5.42,99,5.42,5.42,,7,6,
SAE 3702,Marzo,30,35025682.0,5.42,96,5.41,5.41,5.41,3,3,10.0
SAE 3702,Marzo,30,35025683.0,5.42,102,5.42,5.41,5.42,3,3,11.0
SAE 3702,Marzo,30,35025684.0,5.42,92,5.42,5.42,5.42,3,3,8.0
SAE 3702,Marzo,30,35025685.0,5.42,108,5.42,5.42,5.41,2,2,8.0
SAE 3702,Marzo,30,35025686.0,5.42,98,5.42,5.41,5.42,1,2,4.0
SAE 3702,Marzo,30,35025687.0,5.42,105,5.41,5.41,5.42,2,2,4.0
SAE 3702,Marzo,30,35025688.0,5.42,95,5.42,5.41,,2,2,
SAE 3702,Marzo,30,35025689.0,5.42,101,5.42,5.41,,2,2,
SAE 3702,Marzo,30,35025690.0,5.42,99,5.42,5.42,,2,2,
SAE 1011,Abril,3,35025622.0,4.4,97,4.41,4.41,4.4,6,5,6.0
SAE 1011,Abril,3,35025623.0,4.4,119,4.4,4.41,4.4,5,4,5.0
SAE 1011,Abril,3,35025707.0,4.4,110,4.4,4.41,4.4,4,4,5.0
SAE 3702,Abril,3,35025708.0,5.42,94,5.42,5.43,5.42,11,12,10.0
SAE 3702,Abril,3,35025709.0,5.42,97,5.42,5.43,5.42,4,4,2.0
SAE 3702,Abril,3,35025710.0,5.42,96,5.42,5.43,5.42,1,3,1.0
SAE 3702,Abril,3,35025711.0,5.42,106,5.42,5.43,5.42,1,3,1.0
SAE 3702,Abril,3,35025712.0,5.42,93,5.42,5.43,5.42,1,2,2.0
SAE 3702,Abril,3,35025713.0,5.42,102,5.42,5.43,5.42,2,1,1.0
SAE 3702,Abril,3,35025714.0,5.42,102,5.42,5.43,5.42,2,1,1.0
SAE 3702,Abril,3,35025715.0,5.42,105,5.42,5.42,5.41,2,2,1.0
SAE 3702,Abril,3,35025716.0,5.42,99,5.42,5.42,5.41,2,2,1.0
SAE 3702,Abril,3,35025717.0,5.42,108,5.42,5.42,5.41,2,1,1.0
SAE 3702,Abril,3,35025718.0,5.42,89,5.42,5.42,5.41,2,2,1.0
SAE 3702,Abril,3,35025719.0,5.42,102,5.42,5.42,5.42,2,2,1.0
SAE 3702,Abril,3,35025720.0,5.42,104,5.42,5.42,5.41,2,1,1.0
SAE 3702,Abril,3,35025721.0,5.42,105,5.43,5.42,5.42,2,3,2.0
SAE 3702,Abril,3,35025722.0,5.42,100,5.42,5.42,5.42,2,3,3.0
SAE 3702,Abril,3,35025723.0,5.42,104,5.42,5.42,5.42,2,3,3.0
SAE 3702,Abril,3,35025724.0,5.42,95,5.42,5.42,5.42,2,3,3.0
SAE 3702,Abril,3,35025725.0,5.42,93,5.41,5.42,5.42,2,3,3.0
SAE 3702,Abril,3,35025726.0,5.42,100,5.42,5.41,5.41,3,2,2.0
SAE 3702,Abril,4,35025727.0,5.42,94,5.41,5.41,,3,2,
SAE 3702,Abril,4,35025728.0,5.42,105,5.41,5.41,,3,2,
SAE 3702,Abril,4,35025729.0,5.42,83,5.42,5.42,,2,2,
SAE 3702,Abril,4,35025730.0,5.42,102,5.42,5.43,,12,9,
SAE 3702,Abril,4,35025731.0,5.42,99,5.43,5.42,5.42,3,4,6.0
SAE 3702,Abril,4,35025732.0,5.42,99,5.42,5.41,5.42,3,4,3.0
SAE 3702,Abril,4,35025733.0,5.42,105,5.42,5.41,5.42,3,3,2.0
SAE 3702,Abril,4,35025734.0,5.42,104,5.42,5.41,5.42,3,3,2.0
SAE 3702,Abril,4,35025735.0,5.42,96,5.41,5.42,5.41,3,2,2.0
SAE 3702,Abril,4,35025736.0,5.42,101,5.41,5.42,5.41,3,3,3.0
SAE 3702,Abril,4,35025737.0,5.42,102,5.41,5.42,5.42,3,1,1.0
SAE 3702,Abril,4,35025738.0,5.42,95,5.41,5.42,5.42,4,1,1.0
SAE 3702,Abril,4,35025739.0,5.42,113,5.41,5.41,5.42,3,2,1.0
SAE 3702,Abril,4,35025740.0,5.42,93,5.41,5.42,5.42,3,1,1.0
SAE 3702,Abril,4,35025741.0,5.42,93,5.42,5.42,5.42,3,2,2.0
SAE 3702,Abril,4,35025742.0,5.42,103,5.41,5.41,5.42,3,1,2.0
SAE 3702,Abril,4,35025743.0,5.42,100,5.41,5.41,5.42,3,2,2.0
SAE 3702,Abril,4,35025744.0,5.42,91,5.42,5.43,5.43,3,2,3.0
SAE 3702,Abril,4,35025745.0,5.42,96,5.42,5.43,5.43,3,2,4.0
SAE 3702,Abril,4,35025746.0,5.42,98,5.42,5.43,5.43,3,3,3.0
SAE 3702,Abril,5,35025747.0,5.42,98,5.42,5.42,5.43,3,3,3.0
SAE 3702,Abril,5,35025748.0,5.42,101,5.42,5.42,5.43,3,2,3.0
SAE 3702,Abril,5,35025749.0,5.42,95,5.42,5.42,5.41,3,2,3.0
SAE 3702,Abril,5,35025750.0,5.42,94,5.42,5.42,5.41,2,2,3.0
SAE 3702,Abril,5,35025751.0,5.42,99,5.42,5.42,5.41,2,2,3.0
SAE 3702,Abril,5,35025752.0,5.42,102,5.42,5.42,5.41,1,3,2.0
SAE 3702,Abril,5,35025753.0,5.42,103,5.42,5.42,5.41,2,3,2.0
SAE 3702,Abril,5,35025754.0,5.42,83,5.42,5.42,5.41,2,3,2.0
SAE 3702,Abril,5,35025755.0,5.42,87,,5.42,5.41,,2,2.0
SAE 3702,Abril,5,35025756.0,5.42,95,,5.42,5.42,,2,12.0
SAE 3702,Abril,5,35025757.0,5.42,98,,5.42,5.42,,2,12.0
SAE 3702,Abril,5,35025758.0,5.42,86,5.42,5.42,5.43,2,2,11.0
SAE 3702,Abril,5,35025759.0,5.42,102,5.42,5.42,5.43,2,2,2.0
SAE 3702,Abril,5,35025760.0,5.42,115,5.42,5.41,,2,2,
SAE 3702,Abril,5,35025761.0,5.42,96,5.42,5.41,,2,3,
SAE 3702,Abril,5,35025762.0,5.42,99,5.42,5.42,5.42,2,2,12.0
SAE 3702,Abril,5,35025770.0,5.37,96,5.37,5.35,5.37,2,2,12.0
SAE 3702,Abril,6,35025771.0,5.37,96,5.38,5.35,5.37,6,8,12.0
SAE 3702,Abril,6,35025772.0,5.37,87,5.39,5.37,,5,6,12.0
SAE 3702,Abril,6,35025773.0,5.37,101,5.39,5.37,,3,2,
SAE 3702,Abril,6,35025774.0,5.37,97,5.38,5.39,,2,3,
SAE 3702,Abril,6,35025775.0,5.37,107,5.38,5.37,,2,3,
SAE 3702,Abril,6,35025776.0,5.37,94,5.37,5.38,,2,3,
SAE 1011,Abril,9,35025777.0,4.4,110,4.41,4.41,4.41,7,7,9.0
SAE 1011,Abril,9,35025701.0,4.4,122,4.4,4.41,4.41,5,4,4.0
SAE 1011,Abril,9,35025702.0,4.4,111,4.4,4.4,4.41,5,4,4.0
SAE 3702,Abril,9,35025763.0,5.42,94,5.42,5.41,5.42,6,8,11.0
SAE 3702,Abril,9,35025764.0,5.42,98,5.42,,5.42,4,,5.0
SAE 3702,Abril,9,35025765.0,5.42,87,5.43,,5.43,2,,4.0
SAE 3702,Abril,9,35025766.0,5.42,96,5.42,5.43,5.42,3,9,4.0
SAE 3702,Abril,9,35025767.0,5.42,93,5.42,5.43,5.42,2,4,4.0
SAE 3702,Abril,9,35025778.0,5.37,101,5.37,5.38,5.37,3,4,3.0
SAE 3702,Abril,9,35025779.0,5.37,105,5.37,5.38,5.37,1,3,2.0
SAE 3702,Abril,9,35025780.0,5.37,94,5.38,5.37,5.37,2,2,2.0
SAE 3702,Abril,9,35025781.0,5.37,103,5.38,5.37,5.38,2,2,2.0
SAE 3702,Abril,9,35025782.0,5.37,105,5.38,5.37,5.38,2,1,1.0
SAE 3702,Abril,9,35025783.0,5.37,107,5.39,5.38,5.38,2,2,1.0
SAE 3702,Abril,9,35025784.0,5.37,102,5.38,5.37,5.37,2,2,2.0
SAE 3702,Abril,9,35025785.0,5.37,106,5.37,5.37,5.38,1,2,1.0
SAE 3702,Abril,9,35025786.0,5.37,98,5.38,5.38,5.37,1,2,1.0
SAE 3702,Abril,9,35025787.0,5.37,102,5.37,5.38,5.38,1,2,1.0
SAE 3702,Abril,9,35025788.0,5.37,103,5.38,5.37,5.38,1,1,2.0
SAE 3702,Abril,9,35025789.0,5.37,104,5.38,5.37,5.37,3,1,3.0
SAE 3702,Abril,10,35025790.0,5.37,106,5.38,5.37,5.37,2,1,1.0
SAE 3702,Abril,10,35025791.0,5.37,95,5.38,5.37,5.37,2,1,2.0
SAE 3702,Abril,10,35025792.0,5.37,103,5.38,5.37,5.37,2,1,2.0
SAE 3702,Abril,10,35025793.0,5.37,97,5.38,5.37,5.37,2,2,2.0
SAE 3702,Abril,10,35025794.0,5.37,104,5.38,5.37,5.37,2,2,2.0
SAE 3702,Abril,10,35025795.0,5.37,94,5.38,5.37,,5,12,
SAE 3702,Abril,10,35025796.0,5.37,103,5.38,5.37,,3,4,
SAE 3702,Abril,10,35025797.0,5.37,108,5.38,5.37,5.37,3,3,6.0
SAE 3702,Abril,10,35025798.0,5.37,107,5.37,5.38,5.38,3,2,3.0
SAE 3702,Abril,10,35025799.0,5.37,93,5.37,5.37,5.37,2,2,3.0
SAE 3702,Abril,10,35025800.0,5.37,100,5.38,5.38,5.37,2,2,3.0
SAE 3702,Abril,10,35025801.0,5.37,100,5.38,5.38,5.37,2,2,3.0
SAE 3702,Abril,10,35025802.0,5.37,103,5.38,5.38,5.37,2,2,3.0
SAE 3702,Abril,10,35025803.0,5.37,102,5.38,5.38,5.38,2,1,2.0
SAE 3702,Abril,10,35025804.0,5.37,100,5.38,5.38,5.38,3,2,2.0
SAE 3702,Abril,11,35025805.0,5.37,111,5.37,5.38,5.39,2,2,3.0
SAE 3702,Abril,11,35025806.0,5.37,99,5.38,5.38,5.39,3,2,3.0
SAE 3702,Abril,11,35025807.0,5.37,95,5.38,5.37,5.37,3,3,3.0
SAE 3702,Abril,11,35025808.0,5.37,120,5.38,5.37,,2,2,
SAE 3702,Abril,11,35025809.0,5.37,49,5.38,5.37,,2,2,11.0
SAE 3702,Abril,11,35025810.0,5.37,96,5.38,5.38,,5,8,
SAE 3702,Abril,11,35025811.0,5.37,98,5.38,5.38,,5,5,
SAE 3702,Abril,11,35025812.0,5.37,104,5.38,5.38,5.37,4,3,11.0
SAE 3702,Abril,11,35025813.0,5.37,93,5.38,5.38,5.37,2,2,11.0
SAE 3702,Abril,11,35025814.0,5.37,95,5.38,5.37,,4,5,
SAE 3702,Abril,11,35025838.0,5.37,101,5.38,5.38,,3,2,
SAE 3702,Abril,11,35025815.0,5.37,104,5.38,5.38,5.37,2,1,12.0
SAE 3702,Abril,11,35025816.0,5.37,98,5.38,5.38,5.38,4,2,12.0
SAE 3702,Abril,11,35025817.0,5.37,101,5.38,5.37,5.38,3,2,6.0
SAE 3702,Abril,11,35025818.0,5.37,98,5.39,5.38,5.38,6,2,5.0
SAE 3702,Abril,11,35025819.0,5.37,102,5.38,5.38,5.37,3,2,2.0
SAE 3702,Abril,12,35025820.0,5.37,94,5.38,5.38,5.38,3,2,1.0
SAE 3702,Abril,12,35025821.0,5.37,108,5.38,5.37,5.38,3,1,1.0
SAE 3702,Abril,12,35025822.0,5.37,107,5.39,5.38,5.38,3,1,1.0
SAE 3702,Abril,12,35025823.0,5.37,98,5.37,5.38,5.36,3,2,2.0
SAE 3702,Abril,12,35025824.0,5.37,111,5.37,5.38,5.38,3,1,1.0
SAE 3702,Abril,12,35025825.0,5.37,95,5.37,5.38,5.38,3,2,2.0
SAE 3702,Abril,12,35025826.0,5.37,98,5.37,5.38,5.37,10,11,11.0
SAE 3702,Abril,13,35025827.0,5.37,98,5.37,5.38,,12,10,
SAE 3702,Abril,13,35025828.0,5.37,98,5.37,5.38,5.38,5,3,11.0
SAE 3702,Abril,13,35025829.0,5.37,97,5.38,5.38,5.38,4,2,12.0
SAE 3702,Abril,13,35025830.0,5.37,106,5.37,5.38,5.38,2,3,3.0
SAE 3702,Abril,13,35025831.0,5.37,96,5.38,5.38,5.38,2,2,11.0
SAE 3702,Abril,13,35025832.0,5.37,102,5.37,5.37,5.38,2,2,3.0
SAE 3702,Abril,13,35025833.0,5.37,102,5.37,5.37,5.38,2,1,3.0
SAE 3702,Abril,13,35025834.0,5.37,98,5.37,5.38,5.38,2,2,4.0
SAE 3702,Abril,13,35025835.0,5.37,98,5.37,5.37,5.38,2,2,4.0
SAE 3702,Abril,13,35025836.0,5.37,98,5.37,5.37,5.38,2,2,4.0
SAE 3702,Abril,13,35025837.0,5.37,101,5.38,5.38,,2,2,
SAE 3702,Abril,13,35025839.0,5.37,85,5.37,5.38,,2,2,
SAE 3702,Abril,15,35025840.0,5.37,99,5.38,5.37,,5,6,
SAE 3702,Abril,15,35025841.0,5.37,93,5.37,5.37,,3,2,
SAE 3702,Abril,15,35025842.0,5.37,96,5.38,5.37,5.39,3,2,9.0
SAE 3702,Abril,15,35025843.0,5.37,97,5.37,5.38,5.37,3,2,9.0
SAE 3702,Abril,15,35025844.0,5.37,97,5.38,5.37,5.39,3,2,10.0
SAE 3702,Abril,15,35025845.0,5.37,98,5.37,5.38,5.37,3,3,10.0
SAE 3702,Abril,15,35025846.0,5.37,97,5.38,5.37,5.37,3,2,10.0
SAE 3702,Abril,15,35025847.0,5.37,96,5.38,5.37,,3,2,
SAE 3702,Abril,15,35025848.0,5.37,97,5.38,5.37,,2,3,
SAE 3702,Abril,15,35025849.0,5.37,99,5.36,5.37,,3,3,
SAE 3702,Abril,15,35025850.0,5.37,97,5.37,5.38,,4,3,
SAE 3702,Abril,15,35025851.0,5.37,85,5.37,5.38,,4,3,
SAE 1011,Mayo,3,35025857.0,4.4,119,4.4,4.41,4.4,8,3,5.0
SAE 1011,Mayo,3,35025858.0,4.4,121,4.41,4.41,4.41,5,2,3.0
SAE 1011,Mayo,3,35025859.0,4.4,115,4.4,4.4,4.4,3,2,3.0
SAE 1011,Mayo,3,35025860.0,4.4,121,4.41,4.41,4.41,2,2,2.0
SAE 1022,Mayo,3,35025863.0,5.13,92,5.14,5.13,5.14,10,7,4.0
SAE 1022,Mayo,3,35025864.0,5.13,76,5.14,,5.14,12,,7.0
SAE 1022,Mayo,3,35025865.0,5.13,99,5.14,,5.14,8,7,4.0
SAE 1022,Mayo,8,35025866.0,5.13,107,5.13,5.13,,12,11,
SAE 1011,Mayo,8,35025861.0,4.4,107,4.4,4.41,4.4,5,4,2.0
SAE 1011,Mayo,8,35025862.0,4.4,126,4.4,4.41,4.4,3,3,2.0
SAE 1011,Mayo,8,35025870.0,4.4,125,4.4,4.41,4.4,2,3,2.0
SAE 1011,Mayo,8,35025871.0,4.4,120,4.4,4.41,4.4,2,4,3.0
SAE 1011,Mayo,8,35025872.0,4.4,114,4.4,4.41,4.4,2,3,2.0
SAE 1022,Mayo,8,35025867.0,5.13,104,5.13,5.14,5.13,10,6,5.0
SAE 1022,Mayo,8,35025868.0,5.13,105,5.13,5.14,5.13,7,4,3.0
SAE 1022,Mayo,8,35025869.0,5.13,94,5.13,5.14,5.13,6,3,2.0
SAE 1022,Mayo,8,35025878.0,5.13,116,5.13,5.14,5.13,4,2,1.0
SAE 1022,Mayo,8,35025879.0,5.13,105,5.13,5.14,5.13,4,3,2.0
SAE 1022,Mayo,8,35025880.0,5.13,107,5.13,5.14,5.13,4,3,2.0
SAE 1022,Mayo,9,35025881.0,5.13,104,5.13,5.14,,12,8,
SAE 1022,Mayo,9,35025882.0,5.13,113,5.14,5.13,,8,8,
SAE 1022,Mayo,9,35025883.0,5.13,102,5.13,5.1,,6,6,
SAE 1022,Mayo,9,35025884.0,5.13,105,5.14,5.15,,6,3,
SAE 1022,Mayo,9,35025885.0,5.13,107,5.14,5.1,,2,3,
SAE 1022,Mayo,9,35025886.0,5.13,101,5.14,5.12,,2,3,
SAE 1022,Mayo,10,35025887.0,5.13,95,5.14,5.14,,12,12,
SAE 1022,Mayo,10,35025888.0,5.13,109,5.14,5.14,,6,7,
SAE 1022,Mayo,10,35025889.0,5.13,103,5.14,5.14,5.15,4,7,10.0
SAE 1022,Mayo,10,35025890.0,5.13,100,5.14,5.14,5.15,3,8,4.0
SAE 1022,Mayo,10,35025894.0,5.13,106,5.14,5.14,5.13,5,7,4.0
SAE 1022,Mayo,10,35025895.0,5.13,98,5.14,5.14,5.13,7,6,3.0
SAE 1022,Mayo,10,35025896.0,5.13,103,5.14,5.14,5.13,7,3,2.0
SAE 1022,Mayo,10,35025897.0,5.13,112,5.14,5.13,5.14,7,7,3.0
SAE 1022,Mayo,10,35025898.0,5.13,107,5.14,5.13,5.13,7,6,3.0
SAE 1022,Mayo,10,35025899.0,5.13,120,5.13,5.14,5.14,8,8,3.0
SAE 1022,Mayo,10,35025900.0,5.13,107,5.14,5.13,5.13,6,5,3.0
SAE 1022,Mayo,10,35025901.0,5.13,108,5.14,5.13,5.13,6,3,2.0
SAE 1022,Mayo,10,35025902.0,5.13,103,5.14,,5.13,3,,2.0
SAE 1022,Mayo,10,35025903.0,5.13,94,5.14,,5.13,3,,2.0
SAE 1011,Mayo,13,35025873.0,4.4,128,4.4,4.41,4.4,6,2,2.0
SAE 1011,Mayo,13,35025874.0,4.4,119,4.41,4.4,4.41,7,6,3.0
SAE 1011 CAU,Mayo,13,35025914.0,12.0,45,12.02,12.02,12.01,9,12,6.0
SAE 1011 CAU,Mayo,13,35025915.0,12.0,45,12.01,12.02,12.01,8,12,7.0
SAE 1011 CAU,Mayo,13,35025916.0,12.0,47,12.05,12.03,12.05,10,12,7.0
SAE 1011 CAU,Mayo,13,35025917.0,12.0,46,12.02,,12.03,9,,5.0
SAE 1011 CAU,Mayo,13,35025918.0,12.0,44,12.02,,12.03,6,,4.0
SAE 1011 CAU,Mayo,13,35025919.0,12.0,40,12.05,12.03,12.03,10,14,5.0
SAE 1011 CAU,Mayo,13,35025920.0,12.0,46,12.05,12.03,12.03,9,14,5.0
SAE 1011 CAU,Mayo,13,35025921.0,12.0,42,12.03,,12.03,9,,5.0
SAE 1011 CAU,Mayo,13,35025922.0,12.0,45,12.03,,12.03,7,,4.0
SAE 1011 CAU,Mayo,13,35025923.0,12.0,43,12.03,,12.03,7,,4.0
SAE 1011 CAU,Mayo,14,35025924.0,12.0,42,12.02,12.01,,8,6,
SAE 1011 CAU,Mayo,14,35025925.0,12.0,43,12.02,12.02,,10,8,
SAE 1011 CAU,Mayo,14,35025926.0,12.0,45,12.01,12.0,,6,5,
SAE 1011 CAU,Mayo,14,35025927.0,12.0,41,12.01,12.02,,8,6,
SAE 1011 CAU,Mayo,14,35025928.0,12.0,43,12.03,12.03,,8,5,
SAE 1011 CAU,Mayo,14,35025929.0,12.0,42,12.03,12.03,,5,4,
SAE 1011 CAU,Mayo,14,35025930.0,12.0,46,12.02,12.02,,8,5,
SAE 1011 CAU,Mayo,14,35025931.0,12.0,42,12.02,12.02,,6,3,
SAE 1011 CAU,Mayo,14,35025932.0,12.0,43,12.02,12.02,,6,4,
SAE 1011 CAU,Mayo,14,35025933.0,12.0,44,12.02,12.02,,6,4,
SAE 1011 CAU,Mayo,14,35025934.0,12.0,37,12.02,12.02,,6,4,
SAE 1011 CAU,Mayo,15,35025935.0,12.0,47,12.02,11.96,,7,6,
SAE 1011 CAU,Mayo,15,35025936.0,12.0,46,12.01,11.97,,7,5,
SAE 1011 CAU,Mayo,15,35025937.0,12.0,42,12.02,11.96,,6,4,
SAE 1011 CAU,Mayo,15,35025938.0,12.0,40,12.01,11.97,,6,5,
SAE 1011 CAU,Mayo,15,35025939.0,12.0,47,12.02,12.03,,4,3,
SAE 1011 CAU,Mayo,15,35025940.0,12.0,41,12.02,12.02,,4,3,
SAE 1011 CAU,Mayo,15,35025941.0,12.0,45,12.02,12.02,,3,3,
SAE 1011 CAU,Mayo,15,35025942.0,12.0,42,12.02,12.01,,4,3,
SAE 1011 CAU,Mayo,15,35025943.0,12.0,43,12.02,12.02,,3,3,
SAE 1011 CAU,Mayo,15,35025944.0,12.0,42,12.02,12.02,,3,3,
SAE 1011 CAU,Mayo,15,35025945.0,12.0,42,12.02,12.01,,3,5,
SAE 1011 CAU,Mayo,15,35025946.0,12.0,40,12.02,12.01,,3,5,
SAE 1011 CAU,Mayo,16,35025947.0,12.0,43,12.01,,12.01,10,,10.0
SAE 1011 CAU,Mayo,16,35025948.0,12.0,42,12.02,,12.02,6,,3.0
SAE 1011 CAU,Mayo,16,35025949.0,12.0,44,12.01,,12.02,5,,3.0
SAE 1011 CAU,Mayo,16,35025950.0,12.0,45,12.04,,12.06,3,,4.0
SAE 1011 CAU,Mayo,16,35025951.0,12.0,45,12.03,,12.04,3,,4.0
SAE 1011 CAU,Mayo,16,35025952.0,12.0,42,12.04,,12.06,4,,5.0
SAE 1011 CAU,Mayo,16,35025953.0,12.0,42,12.04,,12.06,3,,3.0
SAE 1011 CAU,Mayo,16,35025954.0,12.0,41,12.03,,12.04,2,,4.0
SAE 1011 CAU,Mayo,16,35025955.0,12.0,46,12.03,,12.04,2,,3.0
SAE 1011 CAU,Mayo,16,35025956.0,12.0,39,12.03,,12.04,3,,3.0
SAE 1011 CAU,Mayo,16,35025957.0,12.0,43,12.03,,12.02,3,,3.0
SAE 1011 CAU,Mayo,16,35025958.0,12.0,40,12.05,12.03,12.03,2,3,2.0
SAE 1011 CAU,Mayo,17,35025959.0,12.0,43,12.01,11.98,,9,5,
SAE 1011 CAU,Mayo,17,35025960.0,12.0,43,12.01,11.98,,7,7,
SAE 1011 CAU,Mayo,17,35025961.0,12.0,46,12.01,12.0,,4,3,
SAE 1011 CAU,Mayo,17,35025962.0,12.0,44,12.02,12.0,,2,3,
SAE 1011 CAU,Mayo,17,35025963.0,12.0,42,12.05,12.0,,3,4,
SAE 1011 CAU,Mayo,17,35025964.0,12.0,44,12.03,12.02,,3,3,
SAE 1011 CAU,Mayo,17,35025965.0,12.0,41,12.05,12.03,,3,2,
SAE 1011 CAU,Mayo,17,35025966.0,12.0,44,12.03,12.03,,3,3,
SAE 1011 CAU,Mayo,17,35025967.0,12.0,36,12.03,12.03,,2,2,
SAE 1011 CAU,Mayo,17,35025968.0,12.0,44,12.02,12.03,,2,2,
SAE 1011 CAU,Mayo,17,35025969.0,12.0,44,12.02,12.03,,2,2,
SAE 1011 CAU,Mayo,17,35025970.0,12.0,42,12.02,12.03,,2,2,
SAE 1011,Mayo,20,35025974.0,4.4,115,4.41,4.4,,3,3,
SAE 1011,Mayo,20,35025975.0,4.4,117,4.41,4.4,,3,3,
SAE 1011 CAU,Mayo,20,35025971.0,12.0,43,12.04,12.04,,7,6,
SAE 1011 CAU,Mayo,20,35025976.0,12.0,42,12.03,12.03,,3,3,
SAE 1011 CAU,Mayo,20,35025977.0,12.0,41,12.01,12.02,,3,3,
SAE 1011 CAU,Mayo,20,35025978.0,12.0,45,,12.01,12.03,,2,10.0
SAE 1011 CAU,Mayo,20,35025979.0,12.0,44,,12.01,12.02,,2,2.0
SAE 1011 CAU,Mayo,20,35025980.0,12.0,44,,12.01,12.02,,3,2.0
SAE 1011 CAU,Mayo,20,35025981.0,12.0,45,,12.02,12.01,,3,2.0
SAE 1011 CAU,Mayo,20,35025982.0,12.0,42,,12.01,12.01,,2,2.0
SAE 1011 CAU,Mayo,20,35025983.0,12.0,42,,12.02,12.02,,3,2.0
SAE 1011 CAU,Mayo,21,35025984.0,12.0,46,12.01,12.01,,8,3,
SAE 1011 CAU,Mayo,21,35025985.0,12.0,41,12.01,12.02,,4,3,
SAE 1011 CAU,Mayo,21,35025986.0,12.0,45,12.02,12.02,,3,4,
SAE 1011 CAU,Mayo,21,35025987.0,12.0,43,12.01,12.02,,2,5,
SAE 1011 CAU,Mayo,21,35025988.0,12.0,41,12.01,12.02,,2,2,
SAE 1011 CAU,Mayo,21,35025989.0,12.0,44,12.02,12.02,,3,4,
SAE 1011 CAU,Mayo,21,35025990.0,12.0,46,12.02,12.02,12.0,6,5,10.0
SAE 1011 CAU,Mayo,21,35025991.0,12.0,40,12.02,12.02,12.01,5,4,10.0
SAE 1011 CAU,Mayo,21,35025992.0,12.0,45,12.02,12.02,12.0,8,6,8.0
SAE 1011 CAU,Mayo,21,35025993.0,12.0,43,12.02,12.02,12.01,6,5,6.0
SAE 1011 CAU,Mayo,21,35025994.0,12.0,44,12.02,12.02,12.01,6,3,6.0
SAE 1011 CAU,Mayo,21,35025995.0,12.0,47,12.02,12.02,12.01,3,3,6.0
SAE 1011 CAU,Mayo,21,35025996.0,12.0,36,12.02,12.02,12.01,3,3,6.0
SAE 1011 CAU,Mayo,22,35025997.0,12.0,43,12.0,12.01,,8,7,
SAE 1011 CAU,Mayo,22,35025998.0,12.0,43,12.0,12.01,,3,3,
SAE 1011 CAU,Mayo,22,35025999.0,12.0,42,12.01,12.01,,2,2,
SAE 1011 CAU,Mayo,22,35026000.0,12.0,42,12.01,12.01,,2,2,
SAE 1011 CAU,Mayo,22,35026001.0,12.0,42,12.02,12.01,,5,2,
SAE 1011 CAU,Mayo,22,35026002.0,12.0,44,12.03,12.02,,3,2,
SAE 1011 CAU,Mayo,22,35026003.0,12.0,45,12.03,12.01,12.01,2,2,4.0
SAE 1011 CAU,Mayo,22,35026011.0,12.0,45,12.02,12.02,12.04,3,3,4.0
SAE 1012 CAU,Mayo,22,35026013.0,12.0,45,12.01,12.02,12.02,3,3,2.0
SAE 1012 CAU,Mayo,22,35026014.0,12.0,48,12.01,12.02,12.02,6,2,6.0
SAE 1012 CAU,Mayo,22,35026015.0,12.0,39,12.01,12.02,12.02,6,2,4.0
SAE 1012 CAU,Mayo,22,35026016.0,12.0,45,12.01,12.02,12.02,4,2,3.0
SAE 1012 CAU,Mayo,22,35026017.0,12.0,43,12.01,12.02,12.02,4,2,3.0
SAE 1012 CAU,Mayo,23,35026018.0,12.0,3,12.03,12.01,,8,5,
SAE 1012 CAU,Mayo,23,35026019.0,12.0,41,12.02,12.01,,7,8,
SAE 1011,Mayo,27,35026055.0,4.4,121,4.41,,4.41,6,,8.0
SAE 1011,Mayo,27,35026056.0,4.4,123,4.4,,4.42,4,,6.0
SAE 1012 CAU,Mayo,27,35026020.0,12.0,44,12.04,,12.02,6,,5.0
SAE 1012 CAU,Mayo,27,35026021.0,12.0,46,12.03,,12.04,8,,8.0
SAE 1012 CAU,Mayo,27,35026022.0,12.0,42,12.04,,12.02,4,,2.0
SAE 1012 CAU,Mayo,27,35026023.0,12.0,48,12.04,,12.04,2,,2.0
SAE 1012 CAU,Mayo,27,35026024.0,12.0,37,12.04,,12.02,1,,2.0
SAE 1012 CAU,Mayo,27,35026025.0,12.0,45,12.04,,12.04,10,,11.0
SAE 1012 CAU,Mayo,27,35026026.0,12.0,47,12.04,,12.03,10,,11.0
SAE 1012 CAU,Mayo,27,35026027.0,12.0,41,12.04,,12.03,4,,4.0
SAE 1012 CAU,Mayo,28,35026028.0,12.0,44,12.12,12.02,12.03,14,12,15.0
SAE 1012 CAU,Mayo,28,35026029.0,12.0,43,,12.01,12.02,,12,10.0
SAE 1012 CAU,Mayo,28,35026030.0,12.0,45,,12.01,12.02,,8,5.0
SAE 1012 CAU,Mayo,28,35026031.0,12.0,41,12.1,,12.02,10,,3.0
SAE 1012 CAU,Mayo,28,35026032.0,12.0,43,12.1,,12.03,7,,2.0
SAE 1012 CAU,Mayo,28,35026033.0,12.0,44,12.04,12.0,12.03,10,8,8.0
SAE 1012 CAU,Mayo,28,35026034.0,12.0,45,12.04,12.01,12.02,7,5,3.0
SAE 1012 CAU,Mayo,28,35026035.0,12.0,45,12.04,12.02,12.02,4,5,3.0
SAE 1012 CAU,Mayo,28,35026036.0,12.0,38,12.04,12.02,12.02,4,5,5.0
SAE 1012 CAU,Mayo,28,35026037.0,12.0,45,12.04,12.02,12.02,4,5,6.0
SAE 1012 CAU,Mayo,28,35026038.0,12.0,43,12.04,12.02,12.02,4,5,5.0
SAE 1012 CAU,Mayo,28,35026039.0,12.0,41,12.04,12.02,12.01,4,5,5.0
SAE 1012 CAU,Mayo,29,35026040.0,12.0,44,12.03,12.01,,8,9,
SAE 1012 CAU,Mayo,29,35026041.0,12.0,47,12.02,12.0,,5,8,
SAE 1012 CAU,Mayo,29,35026042.0,12.0,40,12.01,12.02,12.03,6,4,8.0
SAE 1012 CAU,Mayo,29,35026043.0,12.0,43,12.03,12.02,12.01,6,5,9.0
SAE 1012 CAU,Mayo,29,35026044.0,12.0,42,12.02,12.02,12.03,8,8,9.0
SAE 1012 CAU,Mayo,29,35026045.0,12.0,45,12.04,12.03,12.03,6,5,3.0
SAE 1012 CAU,Mayo,29,35026046.0,12.0,43,12.03,12.03,,5,7,
SAE 1012 CAU,Mayo,29,35026047.0,12.0,42,12.03,12.03,,3,5,12.0
SAE 1012 CAU,Mayo,29,35026048.0,12.0,41,12.03,12.03,12.02,3,5,12.0
SAE 1012 CAU,Mayo,29,35026049.0,12.0,45,12.03,12.02,,4,5,
SAE 1012 CAU,Mayo,29,35026050.0,12.0,46,12.02,12.02,,4,4,
SAE 1012 CAU,Mayo,29,35026051.0,12.0,39,12.04,12.01,,6,6,
SAE 1012 CAU,Mayo,29,35026052.0,12.0,42,12.04,12.01,,6,5,
SAE 1012 CAU,Mayo,31,35026053.0,12.0,44,12.02,12.01,,10,10,
SAE 1012 CAU,Mayo,31,35026054.0,12.0,42,12.02,12.02,,8,5,
SAE 1012 CAU,Mayo,31,35026057.0,12.0,40,12.02,12.02,,4,3,
SAE 1012 CAU,Mayo,31,35026058.0,12.0,45,12.02,12.02,,4,4,
SAE 1012 CAU,Mayo,31,35026059.0,12.0,42,12.05,12.02,,4,4,
SAE 1012 CAU,Mayo,31,35026060.0,12.0,43,12.03,12.02,,3,3,
SAE 1012 CAU,Mayo,31,35026061.0,12.0,44,12.04,12.02,,4,3,
SAE 1012 CAU,Mayo,31,35026062.0,12.0,42,12.03,12.03,,3,2,
SAE 1012 CAU,Mayo,31,35026063.0,12.0,46,12.03,12.03,,2,2,
SAE 1012 CAU,Mayo,31,35026064.0,12.0,44,12.03,12.02,,3,2,
SAE 1012 CAU,Mayo,31,35026065.0,12.0,44,12.03,12.02,,3,3,
SAE 1012 CAU,Mayo,31,35026066.0,12.0,40,12.02,12.03,12.0,2,2,10.0
SAE 1011,Junio,3,35026074.0,4.4,100,12.02,12.03,,3,5,
SAE 1011,Junio,3,35026075.0,4.4,121,12.02,12.03,,4,5,
SAE 1012 CAU,Junio,3,35026067.0,12.0,42,12.02,12.03,,8,9,
SAE 1012 CAU,Junio,3,35026068.0,12.0,46,12.02,12.02,,5,3,
SAE 1012 CAU,Junio,3,35026071.0,12.0,43,12.02,12.02,,8,9,
SAE 1012 CAU,Junio,3,35026072.0,12.0,45,12.03,12.02,,4,4,
SAE 1013 CAU,Junio,3,35026076.0,12.0,43,12.03,12.02,,6,5,
SAE 1013 CAU,Junio,3,35026077.0,12.0,44,12.03,12.02,,6,6,
SAE 1013 CAU,Junio,3,35026078.0,12.0,46,12.02,12.02,12.03,7,4,
SAE 1013 CAU,Junio,3,35026079.0,12.0,38,12.02,12.03,,7,,13.0
SAE 1013 CAU,Junio,4,35026080.0,12.0,45,12.02,12.03,,12,12,
SAE 1013 CAU,Junio,4,35026081.0,12.0,39,12.02,12.03,,9,12,
SAE 1013 CAU,Junio,4,35026082.0,12.0,46,12.01,12.02,,9,12,
SAE 1013 CAU,Junio,4,35026083.0,12.0,42,12.02,12.03,,10,11,
SAE 1013 CAU,Junio,4,35026084.0,12.0,45,12.02,12.03,,14,12,
SAE 1013 CAU,Junio,4,35026085.0,12.0,45,12.03,12.03,,12,10,
SAE 1013 CAU,Junio,4,35026086.0,12.0,45,12.02,12.03,,12,7,
SAE 1013 CAU,Junio,4,35026087.0,12.0,43,12.03,12.02,,10,7,
SAE 1013 CAU,Junio,4,35026088.0,12.0,41,12.04,12.02,12.02,9,6,13.0
SAE 1011,Junio,5,35026089.0,4.4,126,4.41,4.4,,2,3,
SAE 1011,Junio,5,35026090.0,4.4,123,4.41,4.4,,2,2,
SAE 1011,Junio,5,35026091.0,4.4,111,4.41,4.41,4.42,2,3,2.0
SAE 1013 CAU,Junio,5,35026092.0,12.0,44,12.03,12.01,12.03,5,7,5.0
SAE 1013 CAU,Junio,5,35026093.0,12.0,46,12.02,12.01,12.02,2,7,7.0
SAE 1013 CAU,Junio,5,35026094.0,12.0,43,12.02,12.01,12.03,2,7,3.0
SAE 1013 CAU,Junio,5,35026095.0,12.0,45,12.03,12.02,12.02,2,4,2.0
SAE 1013 CAU,Junio,5,35026096.0,12.0,43,12.03,12.01,12.02,2,2,2.0
SAE 1013 CAU,Junio,5,35026097.0,12.0,44,12.02,12.02,12.03,2,3,2.0
SAE 1013 CAU,Junio,5,35026098.0,12.0,44,12.02,12.02,12.03,2,3,2.0
SAE 1013 CAU,Junio,5,35026099.0,12.0,40,12.02,12.02,12.03,2,4,2.0
SAE 1011,Junio,6,35026100.0,4.4,113,4.41,4.41,,3,5,
SAE 1013 CAU,Junio,6,35026101.0,12.0,44,12.04,12.04,12.02,4,7,7.0
SAE 1013 CAU,Junio,6,35026102.0,12.0,42,12.02,12.04,12.02,7,9,11.0
SAE 1013 CAU,Junio,6,35026103.0,12.0,42,12.02,12.04,12.02,5,8,12.0
SAE 1013 CAU,Junio,6,35026104.0,12.0,44,12.02,12.02,,4,5,
SAE 1013 CAU,Junio,6,35026105.0,12.0,44,12.03,12.01,,7,6,
SAE 1013 CAU,Junio,6,35026106.0,12.0,45,12.03,12.02,,3,6,
SAE 1013 CAU,Junio,6,35026113.0,12.0,41,12.04,12.01,12.03,2,5,12.0
SAE 1013 CAU,Junio,6,35026114.0,12.0,44,12.02,12.01,12.01,2,5,13.0
SAE 1013 CAU,Junio,6,35026115.0,12.0,49,12.03,,12.02,4,,3.0
SAE 1013 CAU,Junio,6,35026116.0,12.0,42,12.02,12.02,12.03,5,10,5.0
SAE 1013 CAU,Junio,6,35026117.0,12.0,43,12.01,12.03,12.03,2,5,2.0
SAE 1013 CAU,Junio,6,35026118.0,12.0,41,12.03,12.02,12.02,2,4,4.0
SAE 1011,Junio,7,35026119.0,4.4,116,4.41,,4.4,2,,3.0
SAE 1013 CAU,Junio,7,35026120.0,12.0,44,12.02,,12.04,2,,2.0
SAE 1013 CAU,Junio,7,35026121.0,12.0,44,12.02,,12.04,2,,3.0
SAE 1013 CAU,Junio,7,35026122.0,12.0,46,12.02,,12.03,2,,3.0
SAE 1013 CAU,Junio,7,35026123.0,12.0,41,12.03,,12.01,2,,2.0
SAE 1015 CAU,Junio,7,35026107.0,12.0,44,12.02,,12.02,3,,2.0
SAE 1015 CAU,Junio,7,35026108.0,12.0,43,12.03,,12.03,3,,2.0
SAE 1015 CAU,Junio,7,35026109.0,12.0,44,12.02,,12.03,2,,2.0
SAE 1015 CAU,Junio,7,35026110.0,12.0,42,12.02,,12.01,2,,2.0
SAE 1015 CAU,Junio,7,35026111.0,12.0,45,12.01,,12.02,3,,2.0
SAE 1015 CAU,Junio,7,35026112.0,12.0,45,12.02,,12.03,3,,3.0
SAE 1015 CAU,Junio,7,35026128.0,12.0,44,12.01,,12.02,3,,3.0
SAE 1015 CAU,Junio,7,35026129.0,12.0,44,12.03,,12.02,3,,3.0
SAE 1015 CAU,Junio,7,35026130.0,12.0,41,12.01,,12.03,3,,2.0
SAE 1011,Junio,10,35026124.0,4.4,119,4.41,,4.42,2,,3.0
SAE 1015 CAU,Junio,10,35026131.0,12.0,42,12.02,,12.02,4,,2.0
SAE 1015 CAU,Junio,10,35026132.0,12.0,39,12.01,,12.03,2,,2.0
SAE 1015 CAU,Junio,10,35026133.0,12.0,42,12.02,,12.03,3,,2.0
SAE 1015 CAU,Junio,10,35026134.0,12.0,44,12.03,,12.02,2,,4.0
SAE 1015 CAU,Junio,10,35026135.0,12.0,42,12.03,,12.02,2,,3.0
SAE 1015 CAU,Junio,10,35026136.0,12.0,40,12.02,,12.02,3,,3.0
SAE 1028 CAU,Junio,10,35026139.0,12.0,41,12.02,,12.02,3,,3.0
SAE 1028 CAU,Junio,10,35026140.0,12.0,44,12.03,,12.02,3,,4.0
SAE 1028 CAU,Junio,10,35026141.0,12.0,44,12.03,,12.02,3,,2.0
SAE 1028 CAU,Junio,10,35026142.0,12.0,42,12.03,,12.02,2,,3.0
SAE 1028 CAU,Junio,10,35026143.0,12.0,44,12.02,,12.02,2,,2.0
SAE 1028 CAU,Junio,10,35026144.0,12.0,45,12.02,,12.02,3,,2.0
SAE 1028 CAU,Junio,10,35026145.0,12.0,44,12.02,12.01,12.02,3,12,3.0
SAE 1011,Junio,11,35026125.0,4.4,117,4.41,,4.42,3,,2.0
SAE 1028 CAU,Junio,11,35026146.0,12.0,42,12.03,,12.01,4,,6.0
SAE 1028 CAU,Junio,11,35026147.0,12.0,45,12.02,,12.01,3,,2.0
SAE 1028 CAU,Junio,11,35026148.0,12.0,47,12.03,,12.02,3,,2.0
SAE 1028 CAU,Junio,11,35026149.0,12.0,43,12.02,,12.02,2,,2.0
SAE 1028 CAU,Junio,11,35026150.0,12.0,47,12.02,,12.01,2,,2.0
SAE 1028 CAU,Junio,11,35026151.0,12.0,43,12.02,,12.01,1,,2.0
SAE 1028 CAU,Junio,11,35026152.0,12.0,45,12.02,,12.01,2,,2.0
SAE 1028 CAU,Junio,11,35026153.0,12.0,43,12.02,,12.01,2,,5.0
SAE 1028 CAU,Junio,11,35026154.0,12.0,46,12.01,,12.01,2,,4.0
SAE 1028 CAU,Junio,11,35026155.0,12.0,48,12.01,,12.01,2,,2.0
SAE 1030 CAU ,Junio,11,35026165.0,12.0,44,12.01,,12.01,2,,3.0
SAE 1030 CAU ,Junio,11,35026166.0,12.0,44,12.01,,12.01,2,,3.0
SAE 1030 CAU ,Junio,11,35026167.0,12.0,42,12.03,,12.02,2,,3.0
SAE 1011,Junio,12,35026126.0,4.4,116,4.41,,4.4,4,,2.0
SAE 1030 CAU ,Junio,12,35026168.0,12.0,42,12.03,,12.01,6,,4.0
SAE 1028 CAU,Junio,12,35026156.0,12.0,46,12.02,,12.01,2,,2.0
SAE 1028 CAU,Junio,12,35026157.0,12.0,44,12.01,,12.02,2,,2.0
SAE 1028 CAU,Junio,12,35026158.0,12.0,44,12.02,,12.02,1,,2.0
SAE 1028 CAU,Junio,12,35026159.0,12.0,44,12.02,,12.02,2,,3.0
SAE 1028 CAU,Junio,12,35026160.0,12.0,45,12.03,,12.02,2,,2.0
SAE 1028 CAU,Junio,12,35026161.0,12.0,40,12.02,,12.02,2,,5.0
SAE 1028 CAU,Junio,12,35026162.0,12.0,43,12.02,,12.02,2,,4.0
SAE 1028 CAU,Junio,12,35026163.0,12.0,43,12.02,,12.02,2,,3.0
SAE 1028 CAU,Junio,12,35026164.0,12.0,44,12.02,,12.02,2,,3.0
SAE 1011,Agosto,6,35026171.0,4.4,118,4.4,4.41,4.41,4,3,3.0
SAE 1011,Agosto,6,35026172.0,4.4,117,4.4,4.41,4.41,4,3,2.0
SAE 1011,Agosto,7,35026173.0,4.4,127,4.4,4.41,4.41,3,4,2.0
SAE 1011,Agosto,7,35026180.0,4.4,119,4.41,4.4,4.41,4,3,4.0
SAE 1011,Agosto,7,35026181.0,4.4,124,4.4,4.41,4.41,3,4,2.0
SAE 1011,Agosto,7,35026182.0,4.4,124,4.41,4.4,4.41,3,4,3.0
SAE 1011,Agosto,7,35026183.0,4.4,120,4.41,4.4,4.4,2,3,3.0
SAE 1011,Agosto,7,35026184.0,4.4,116,4.42,4.42,4.42,2,2,2.0
SAE 1022,Agosto,7,35026174.0,5.13,99,5.14,5.14,5.14,5,4,4.0
SAE 1022,Agosto,7,35026175.0,5.13,100,5.14,5.14,5.14,5,3,4.0
SAE 1022,Agosto,7,35026176.0,5.13,103,5.14,,5.13,4,,4.0
SAE 1022,Agosto,7,35026177.0,5.13,107,5.14,,5.14,4,,3.0
SAE 1022,Agosto,7,35026178.0,5.13,103,5.14,,5.14,5,,3.0
SAE 1022,Agosto,7,35026179.0,5.13,103,5.14,,5.14,5,,3.0
SAE 1022,Agosto,7,35026185.0,5.13,101,5.14,,5.14,5,,3.0
SAE 1011,Agosto,8,35026186.0,4.4,112,4.41,4.4,4.41,2,5,4.0
SAE 1022,Agosto,8,35026196.0,5.13,101,5.13,5.14,5.14,5,9,8.0
SAE 1022,Agosto,8,35026197.0,5.13,100,5.12,5.13,5.14,6,9,5.0
SAE 1022,Agosto,8,35026198.0,5.13,106,5.13,5.12,5.13,2,9,3.0
SAE 1022,Agosto,8,35026199.0,5.13,104,5.14,5.13,5.14,2,7,2.0
SAE 1022,Agosto,8,35026200.0,5.13,101,5.14,5.15,5.14,2,5,2.0
SAE 1022,Agosto,8,35026201.0,5.13,103,5.14,5.14,5.14,2,4,2.0
SAE 1022,Agosto,8,35026202.0,5.13,102,5.14,5.14,5.14,2,5,2.0
SAE 1022,Agosto,8,35026203.0,5.13,100,5.14,,5.14,3,,2.0
SAE 1022,Agosto,8,35026204.0,5.13,108,5.14,,5.14,2,,2.0
SAE 1022,Agosto,8,35026205.0,5.13,103,5.14,,5.14,2,,2.0
SAE 1022,Agosto,8,35026206.0,5.13,109,5.14,,5.14,5,,2.0
SAE 1022,Agosto,8,35026207.0,5.13,110,5.14,,5.14,6,,3.0
SAE 1011,Agosto,9,35026187.0,4.4,116,4.4,4.41,4.41,4,6,3.0
SAE 1022,Agosto,9,35026208.0,5.13,102,5.13,5.14,5.12,4,10,7.0
SAE 1022,Agosto,9,35026209.0,5.13,107,5.14,5.13,5.13,4,10,3.0
SAE 1022,Agosto,9,35026210.0,5.13,108,5.13,5.14,5.13,6,10,3.0
SAE 1022,Agosto,9,35026211.0,5.13,99,5.12,5.13,5.14,5,10,4.0
SAE 1022,Agosto,9,35026212.0,5.13,101,5.13,5.13,5.13,5,10,3.0
SAE 1022,Agosto,9,35026213.0,5.13,101,5.13,5.13,5.13,4,12,3.0
SAE 1022,Agosto,9,35026214.0,5.13,102,5.13,5.13,5.13,5,12,3.0
SAE 1022,Agosto,9,35026215.0,5.13,105,5.14,5.13,5.13,4,12,4.0
SAE 1022,Agosto,9,35026216.0,5.13,102,5.14,5.13,5.13,5,12,5.0
SAE 1022,Agosto,9,35026217.0,5.13,101,5.13,5.13,5.13,10,12,5.0
SAE 1022,Agosto,9,35026218.0,5.13,106,5.13,5.13,5.13,10,12,4.0
SAE 1022,Agosto,9,35026219.0,5.13,104,5.13,,5.13,10,,5.0
SAE 1022,Agosto,9,35026220.0,5.13,94,5.13,5.13,5.13,10,12,5.0
SAE 1011,Agosto,12,35026188.0,4.4,125,4.4,4.4,4.4,4,7,4.0
SAE 1011,Agosto,12,35026189.0,4.4,129,4.4,4.4,4.4,4,4,4.0
SAE 1011,Agosto,12,35026190.0,4.4,108,4.4,4.4,4.4,4,4,4.0
SAE 1022,Agosto,12,35026221.0,5.13,96,5.13,5.13,5.13,7,10,6.0
SAE 1022,Agosto,12,35026222.0,5.13,101,5.13,5.13,5.13,8,10,4.0
SAE 1022,Agosto,12,35026223.0,5.13,97,5.14,5.14,5.14,5,10,3.0
SAE 1022,Agosto,12,35026224.0,5.13,100,5.13,5.13,5.14,4,13,2.0
SAE 1022,Agosto,12,35026225.0,5.13,100,5.12,5.14,5.13,4,12,2.0
SAE 1022,Agosto,12,35026226.0,5.13,104,5.13,5.13,5.14,3,12,2.0
SAE 1022,Agosto,12,35026227.0,5.13,105,5.12,,5.12,4,,3.0
SAE 1022,Agosto,12,35026228.0,5.13,98,5.14,,5.13,4,,3.0
SAE 1022,Agosto,12,35026229.0,5.13,116,5.13,,5.12,4,,4.0
SAE 1022,Agosto,12,35026230.0,5.13,64,,,5.14,,,5.0
SAE 1011,Agosto,13,35026234.0,4.4,127,4.41,4.4,4.4,3,4,3.0
SAE 1011,Agosto,13,35026235.0,4.4,117,4.41,4.4,4.4,3,4,3.0
SAE 1011,Agosto,13,35026236.0,4.4,131,4.4,4.41,4.4,3,4,3.0
SAE 1011,Agosto,13,35026257.0,4.4,109,4.4,4.41,4.4,2,4,3.0
SAE 1011,Agosto,13,35026258.0,4.4,120,4.4,4.41,4.4,2,4,2.0
SAE 1011,Agosto,13,35026259.0,4.4,116,4.4,4.4,4.41,2,3,3.0
SAE 1011,Agosto,13,35026260.0,4.4,120,4.41,4.4,4.41,2,3,2.0
SAE 1011,Agosto,13,35026261.0,4.4,123,4.4,4.4,4.41,3,3,2.0
SAE 1011,Agosto,13,35026262.0,4.4,122,4.41,4.41,4.4,3,3,2.0
SAE 1011,Agosto,13,35026263.0,4.4,123,4.41,4.4,4.4,3,3,2.0
SAE 1011,Agosto,13,35026264.0,4.4,118,4.4,4.41,4.4,3,2,2.0
SAE 1011,Agosto,13,35026265.0,4.4,126,4.41,4.4,4.41,3,2,2.0
SAE 1011,Agosto,13,35026266.0,4.4,113,4.4,4.41,4.41,3,3,2.0
SAE 1022,Agosto,13,35026237.0,5.13,100,5.13,5.14,5.13,9,9,4.0
SAE 1022,Agosto,13,35026238.0,5.13,97,5.12,5.13,5.12,6,6,2.0
SAE 1011,Agosto,14,35026267.0,4.4,118,4.41,4.4,4.4,4,4,4.0
SAE 1011,Agosto,14,35026268.0,4.4,122,4.41,4.4,4.4,3,4,4.0
SAE 1011,Agosto,14,35026269.0,4.4,114,4.41,4.4,4.4,2,3,2.0
SAE 1011,Agosto,14,35026270.0,4.4,128,4.41,4.41,4.4,2,3,2.0
SAE 1011,Agosto,14,35026271.0,4.4,127,4.41,4.41,4.4,2,3,2.0
SAE 1011,Agosto,14,35026272.0,4.4,108,4.41,4.4,4.4,2,4,2.0
SAE 1011,Agosto,14,35026273.0,4.4,122,4.4,4.41,4.4,2,3,3.0
SAE 1022,Agosto,14,35026231.0,5.13,93,5.13,5.12,5.13,7,9,5.0
SAE 1022,Agosto,14,35026232.0,5.13,91,,5.13,5.14,,9,6.0
SAE 1022,Agosto,14,35026233.0,5.13,106,,5.13,5.13,,9,2.0
SAE 1022,Agosto,14,35026239.0,5.13,106,,5.14,5.12,,9,4.0
SAE 1022,Agosto,14,35026240.0,5.13,97,,5.13,5.14,,6,2.0
SAE 1022,Agosto,14,35026241.0,5.13,104,,5.13,5.14,,7,2.0
SAE 1022,Agosto,14,35026242.0,5.13,80,,5.13,5.14,,7,2.0
SAE 1011,Agosto,15,35026274.0,4.4,122,4.41,4.4,4.41,3,3,3.0
SAE 1011,Agosto,15,35026275.0,4.4,126,4.41,4.4,4.41,2,2,2.0
SAE 1011,Agosto,15,35026276.0,4.4,114,4.41,4.4,4.41,2,2,2.0
SAE 1011,Agosto,15,35026243.0,4.4,119,4.4,4.41,4.41,2,4,4.0
SAE 1011,Agosto,15,35026277.0,4.4,114,4.41,4.4,4.4,2,4,2.0
SAE 1022,Agosto,15,35026244.0,5.13,103,5.13,5.13,5.14,10,9,7.0
SAE 1022,Agosto,15,35026245.0,5.13,100,5.14,5.12,5.12,9,9,2.0
SAE 1022,Agosto,15,35026246.0,5.13,102,5.13,5.13,5.13,4,8,2.0
SAE 1022,Agosto,15,35026247.0,5.13,106,5.14,5.12,5.14,3,6,5.0
SAE 1022,Agosto,15,35026248.0,5.13,99,5.13,5.14,5.14,2,3,4.0
SAE 1011,Agosto,16,35026278.0,4.4,131,4.41,4.41,4.41,4,4,3.0
SAE 1011,Agosto,16,35026279.0,4.4,107,4.41,4.41,4.41,3,3,3.0
SAE 1022,Agosto,16,35026249.0,5.13,103,5.13,5.14,5.14,9,8,7.0
SAE 1022,Agosto,16,35026250.0,5.13,93,5.13,5.14,5.14,9,4,4.0
SAE 1022,Agosto,16,35026251.0,5.13,94,5.13,5.14,5.14,9,4,3.0
SAE 1022,Agosto,16,35026252.0,5.13,67,,5.14,5.14,,3,3.0
SAE 1022,Agosto,16,35026253.0,5.13,95,,5.13,5.14,,3,3.0
SAE 1011,Agosto,16,35026254.0,4.4,123,4.4,4.41,4.41,4,5,3.0
SAE 1011,Agosto,16,35026280.0,4.4,117,,4.41,4.4,,2,3.0
SAE 1011,Agosto,19,35026281.0,4.4,129,4.4,4.41,4.41,2,6,4.0
SAE 1008,Agosto,19,35026302.0,4.4,114,4.4,4.41,4.41,4,4,4.0
SAE 1008,Agosto,19,35026303.0,4.4,123,4.4,4.41,4.41,4,4,
SAE 1008,Agosto,19,35026304.0,4.4,117,4.4,4.41,4.41,3,4,4.0
SAE 1008,Agosto,19,35026305.0,4.4,116,4.4,4.41,4.41,3,4,4.0
SAE 1008,Agosto,19,35026306.0,4.4,118,4.4,4.41,4.4,4,3,4.0
SAE 1008,Agosto,19,35026307.0,4.4,115,4.4,4.41,4.4,4,3,4.0
SAE 1011,Agosto,20,35026282.0,4.4,124,4.41,4.4,4.4,4,8,5.0
SAE 1008,Agosto,20,35026308.0,4.4,120,4.41,4.39,4.4,5,6,2.0
SAE 1008,Agosto,20,35026309.0,4.4,116,4.4,4.41,4.39,4,5,3.0
SAE 1022,Agosto,20,35026310.0,5.13,93,5.13,5.14,5.13,7,8,5.0
SAE 1008,Agosto,20,35026311.0,4.4,119,4.4,4.41,4.41,3,4,2.0
SAE 1008,Agosto,20,35026312.0,4.4,120,4.41,4.4,4.41,3,4,2.0
SAE 1008,Agosto,20,35026313.0,4.4,120,4.41,4.4,4.4,3,5,2.0
SAE 1008,Agosto,20,35026314.0,4.4,109,4.41,4.42,4.42,3,5,2.0
SAE 1011,Agosto,20,35026315.0,4.4,127,4.4,4.41,4.4,4,4,4.0
SAE 1008,Agosto,20,35026316.0,4.4,116,4.4,4.41,4.4,3,5,4.0
SAE 1008,Agosto,20,35026317.0,4.4,110,4.4,4.41,4.4,4,5,4.0
SAE 1008,Agosto,20,35026318.0,4.4,119,4.4,4.41,4.4,4,5,4.0
SAE 1008,Agosto,20,35026319.0,4.4,108,4.4,4.41,4.4,4,4,4.0
SAE 1011,Agosto,21,35026283.0,4.4,123,4.4,4.41,4.41,4,4,3.0
SAE 1008,Agosto,21,35026320.0,4.4,114,4.4,4.4,4.41,5,5,4.0
SAE 1008,Agosto,21,35026321.0,4.4,120,4.4,4.41,4.4,5,4,5.0
SAE 1008,Agosto,21,35026332.0,4.4,121,4.41,4.41,4.39,6,5,5.0
SAE 1008,Agosto,21,35026333.0,4.4,120,4.4,4.41,4.4,5,4,4.0
SAE 1008,Agosto,21,35026334.0,4.4,116,4.4,4.41,4.41,5,4,4.0
SAE 1008,Agosto,21,35026335.0,4.4,127,4.4,4.41,4.41,5,4,4.0
SAE 1011,Agosto,22,35026284.0,4.4,117,4.4,4.41,4.4,5,4,4.0
SAE 1022,Agosto,22,35026342.0,5.13,101,5.13,5.14,5.14,3,10,8.0
SAE 1022,Agosto,22,35026343.0,5.13,102,5.13,5.14,5.14,3,10,7.0
SAE 1022,Agosto,22,35026344.0,5.13,104,5.14,5.13,5.13,3,5,7.0
SAE 1022,Agosto,22,35026345.0,5.13,99,5.13,5.12,5.13,3,5,7.0
SAE 1022,Agosto,22,35026346.0,5.13,105,5.14,5.13,5.13,3,10,7.0
SAE 1008,Agosto,22,35026336.0,4.4,120,4.41,4.4,4.41,4,6,5.0
SAE 1006,Agosto,22,35026322.0,4.4,111,4.4,4.42,4.4,4,7,4.0
SAE 1006,Agosto,22,35026323.0,4.4,121,,4.42,4.4,,6,4.0
SAE 1008,Agosto,22,35026324.0,4.4,136,,4.4,4.4,,6,4.0
SAE 1006,Agosto,22,35026325.0,4.4,116,,4.4,4.4,,3,2.0
SAE 1006,Agosto,22,35026326.0,4.4,113,,4.4,4.4,,4,3.0
SAE 1006,Agosto,22,35026327.0,4.4,113,,4.4,4.4,,4,4.0
SAE 1022,Agosto,23,35026347.0,5.13,105,5.13,5.14,5.14,14,13,12.0
SAE 1022,Agosto,23,35026348.0,5.13,107,5.14,5.13,5.14,10,10,9.0
SAE 1022,Agosto,23,35026349.0,5.13,114,5.14,5.13,5.14,8,8,7.0
SAE 1022,Agosto,23,35026354.0,5.13,95,5.13,5.14,5.13,6,8,6.0
SAE 1022,Agosto,23,35026355.0,5.13,105,5.13,5.13,5.14,6,8,6.0
SAE 1022,Agosto,23,35026356.0,5.13,109,5.14,5.13,5.13,4,7,5.0
SAE 1022,Agosto,23,35026357.0,5.13,99,5.14,5.13,5.13,6,6,6.0
SAE 1022,Agosto,23,35026358.0,5.13,100,5.14,5.13,5.13,9,6,6.0
SAE 1022,Agosto,23,35026359.0,5.13,115,5.14,5.13,5.13,9,6,6.0
SAE 1022,Agosto,23,35026360.0,5.13,94,5.13,5.13,,10,7,
SAE 1022,Agosto,23,35026361.0,5.13,97,5.13,5.14,5.13,10,5,10.0
SAE 1022,Agosto,23,35026362.0,5.13,116,5.13,5.14,5.13,10,6,9.0
SAE 1022,Agosto,23,35026363.0,5.13,88,,5.14,5.13,,7,9.0
SAE 1022,Agosto,23,35026364.0,5.13,89,,5.14,5.13,,6,9.0
SAE 1011,Agosto,27,35026378.0,4.4,107,,4.4,4.4,,4,5.0
SAE 1011,Agosto,27,35026379.0,4.4,109,,4.4,3.67,,3,4.0
SAE 1022,Agosto,27,35026365.0,5.13,96,,5.14,5.14,,8,9.0
SAE 1022,Agosto,27,35026366.0,5.13,35,,5.14,5.14,,8,7.0
SAE 1022,Agosto,27,35026367.0,5.13,107,5.14,,5.14,13,,12.0
SAE 1022,Agosto,27,35026368.0,5.13,98,5.14,,5.14,7,,10.0
SAE 1011,Agosto,28,35026380.0,4.4,100,4.4,,4.4,5,,5.0
SAE 1523,Agosto,28,35026382.0,4.4,114,4.41,,4.4,10,,8.0
SAE 1523,Agosto,28,35026383.0,4.4,110,4.41,,4.41,7,,6.0
SAE 1523,Agosto,28,35026384.0,4.4,129,4.41,,4.4,6,,6.0
SAE 1523,Agosto,28,35026385.0,4.4,114,4.41,,4.4,6,,6.0
SAE 1523,Agosto,28,35026386.0,4.4,124,4.4,,4.41,6,,4.0
SAE 1523,Agosto,28,35026387.0,4.4,128,4.41,,4.4,6,,4.0
SAE 1523,Agosto,28,35026388.0,4.4,120,4.41,,4.4,6,,4.0
SAE 1523,Agosto,28,35026389.0,4.4,115,4.41,,4.4,6,,4.0
SAE 1523,Agosto,28,35026390.0,4.4,114,4.4,,4.41,6,,5.0
SAE 1011,Septiembre,2,35026381.0,4.4,115,4.41,,4.4,4,,2.0
SAE 1022,Septiembre,2,35026410.0,5.13,98,5.14,,5.13,10,,9.0
SAE 1022,Septiembre,2,35026411.0,5.13,103,5.13,,5.12,8,,9.0
SAE 1022,Septiembre,2,35026412.0,5.13,104,5.13,,5.13,8,,9.0
SAE 1022,Septiembre,2,35026413.0,5.13,101,5.13,,5.14,9,,8.0
SAE 1022,Septiembre,2,35026414.0,5.13,101,5.13,,5.14,10,,8.0
SAE 1022,Septiembre,2,35026415.0,5.13,101,5.13,,5.14,8,,5.0
SAE 1022,Septiembre,2,35026416.0,5.13,99,5.13,,5.13,5,,4.0
SAE 1022,Septiembre,2,35026417.0,5.13,101,5.13,,5.13,13,,7.0
SAE 1022,Septiembre,2,35026418.0,5.13,115,5.13,,5.13,12,,7.0
SAE 1022,Septiembre,2,35026419.0,5.13,87,5.13,,5.13,8,,6.0
SAE 1022,Septiembre,2,35026420.0,5.13,104,5.13,,5.14,12,,6.0
SAE 1011,Septiembre,3,35026404.0,4.4,114,5.13,,5.14,6,,3.0
SAE 1022,Septiembre,3,35026421.0,5.13,95,5.13,,5.14,14,,13.0
SAE 1022,Septiembre,3,35026422.0,5.13,99,5.13,,5.14,9,,9.0
SAE 1022,Septiembre,3,35026423.0,5.13,102,5.13,,5.14,6,,5.0
SAE 1022,Septiembre,3,35026424.0,5.13,103,5.13,,5.14,6,,5.0
SAE 1022,Septiembre,3,35026425.0,5.13,99,5.13,,5.13,8,,6.0
SAE 1022,Septiembre,3,35026426.0,5.13,103,5.13,,5.13,12,,7.0
SAE 1022,Septiembre,3,35026427.0,5.13,99,5.13,,5.13,12,,10.0
SAE 1022,Septiembre,3,35026428.0,5.13,11,5.13,,5.13,12,,10.0
SAE 1011,Septiembre,6,35026405.0,4.4,128,,4.4,4.41,,2,4.0
SAE 1022,Septiembre,6,35026406.0,5.13,76,,5.13,5.14,,10,14.0
SAE 1011,Septiembre,6,35026407.0,4.4,104,,4.4,4.4,,3,6.0
SAE 1022,Septiembre,6,35026430.0,5.13,75,,5.13,5.14,,10,10.0
SAE 1022,Septiembre,6,35026431.0,5.13,98,,5.14,5.14,,9,10.0
SAE 1022,Septiembre,6,35026432.0,5.13,102,,5.14,5.14,,9,9.0
SAE 1022,Septiembre,6,35026433.0,5.13,104,,5.13,5.14,,7,9.0
SAE 1022,Septiembre,6,35026458.0,5.13,95,,5.13,5.14,,7,8.0
SAE 1022,Septiembre,6,35026459.0,5.13,99,,5.13,5.14,,7,8.0
SAE 1022,Septiembre,6,35026460.0,5.13,103,,5.13,5.14,,8,9.0
SAE 1022,Septiembre,6,35026461.0,5.13,85,,5.13,5.14,,10,10.0
SAE 1011,Septiembre,9,35026408.0,4.4,102,,4.4,4.4,,3,5.0
SAE 1011,Septiembre,9,35026409.0,4.4,112,,4.4,4.4,,4,5.0
SAE 1022,Septiembre,9,35026462.0,5.13,99,,5.13,5.14,,12,14.0
SAE 1022,Septiembre,9,35026463.0,5.13,83,,5.14,5.13,,9,8.0
SAE 1011,Septiembre,10,35026464.0,4.4,118,,4.4,4.4,,3,6.0
SAE 1523,Septiembre,10,35026485.0,4.4,107,,4.41,4.4,,5,9.0
SAE 1523,Septiembre,10,35026486.0,4.4,123,,4.4,4.41,,3,4.0
SAE 1523,Septiembre,10,35026487.0,4.4,124,,4.41,4.41,,4,7.0
SAE 1523,Septiembre,10,35026488.0,4.4,123,,4.4,4.4,,3,7.0
SAE 1523,Septiembre,10,35026489.0,4.4,119,,4.41,4.41,,4,7.0
SAE 1523,Septiembre,10,35026490.0,4.4,126,,4.41,4.4,,2,5.0
SAE 1523,Septiembre,10,35026491.0,4.4,118,,4.4,4.41,,3,5.0
SAE 1523,Septiembre,10,35026492.0,4.4,117,,4.4,,,3,5.0
SAE 1523,Septiembre,10,35026493.0,4.4,110,,4.41,4.4,,4,3.0
SAE 1011,Septiembre,11,35026509.0,4.4,107,,4.4,4.41,,4,5.0
SAE 1523,Septiembre,11,35026494.0,4.4,111,,4.4,4.41,,4,5.0
SAE 1523,Septiembre,11,35026495.0,4.4,120,,4.4,4.41,,3,4.0
SAE 1523,Septiembre,11,35026496.0,4.4,119,,4.4,4.41,,3,4.0
SAE 1523,Septiembre,11,35026497.0,4.4,121,,4.4,4.41,,2,4.0
SAE 1523,Septiembre,11,35026498.0,4.4,124,,4.41,4.4,,4,4.0
SAE 1523,Septiembre,11,35026499.0,4.4,119,,4.4,4.41,,3,4.0
SAE 1523,Septiembre,11,35026500.0,4.4,117,,4.4,4.41,,4,4.0
SAE 1523,Septiembre,11,35026501.0,4.4,124,,4.41,4.41,,4,5.0
SAE 1523,Septiembre,11,35026502.0,4.4,118,,4.41,4.4,,4,5.0
SAE 1523,Septiembre,11,35026503.0,4.4,120,,4.4,4.41,,5,5.0
SAE 1523,Septiembre,11,35026504.0,4.4,125,,4.4,4.41,,4,4.0
SAE 1523,Septiembre,11,35026505.0,4.4,111,,4.4,4.41,,5,5.0
SAE 1011,Septiembre,12,35026510.0,4.4,119,,4.4,4.4,,5,5.0
SAE 1523,Septiembre,12,35026511.0,4.4,104,,4.41,4.4,,6,8.0
SAE 1523,Septiembre,12,35026512.0,4.4,122,,4.41,4.41,,3,4.0
SAE 1523,Septiembre,12,35026513.0,4.4,120,,4.4,4.4,,2,4.0
SAE 1523,Septiembre,12,35026514.0,4.4,119,,4.41,4.41,,3,7.0
SAE 1523,Septiembre,12,35026515.0,4.4,124,,4.4,4.4,,2,4.0
SAE 1523,Septiembre,12,35026516.0,4.4,119,,4.41,4.4,,2,5.0
SAE 1523,Septiembre,12,35026517.0,4.4,122,,4.41,4.4,,2,4.0
SAE 1523,Septiembre,12,35026518.0,4.4,120,,4.4,4.41,,2,4.0
SAE 1011,Septiembre,13,35026535.0,4.4,120,,4.41,4.4,,3,4.0
SAE 1523,Septiembre,13,35026519.0,4.4,99,,4.4,4.4,,4,6.0
SAE 1523,Septiembre,13,35026520.0,4.4,121,,4.4,4.4,,4,4.0
SAE 1523,Septiembre,13,35026521.0,4.4,121,,4.4,4.4,,3,4.0
SAE 1523,Septiembre,13,35026522.0,4.4,121,,4.4,4.41,,3,3.0
SAE 1523,Septiembre,13,35026523.0,4.4,114,,4.4,4.4,,2,3.0
SAE 1523,Septiembre,13,35026524.0,4.4,129,,4.41,4.4,,2,3.0
SAE 1523,Septiembre,13,35026525.0,4.4,120,,4.4,4.41,,3,3.0
SAE 1523,Septiembre,13,35026526.0,4.4,119,,4.41,4.4,,2,4.0
SAE 1523,Septiembre,13,35026527.0,4.4,122,,4.4,4.4,,2,3.0
SAE 1523,Septiembre,13,35026528.0,4.4,119,,4.41,4.4,,1,3.0
SAE 1523,Septiembre,13,35026529.0,4.4,116,,4.41,4.4,,2,3.0
SAE 1011,Septiembre,16,35026536.0,4.4,114,,4.4,4.41,,2,5.0
SAE 1011,Septiembre,16,35026537.0,4.4,118,,4.41,4.4,,2,3.0
SAE 1022,Septiembre,16,35026538.0,5.13,102,,5.13,5.14,,3,5.0
SAE 1022,Septiembre,16,35026539.0,5.13,93,,5.14,5.13,,3,5.0
SAE 1022,Septiembre,16,35026540.0,5.13,98,,5.14,5.14,,3,5.0
SAE 1022,Septiembre,16,35026541.0,5.13,104,,5.14,5.14,,3,4.0
SAE 1022,Septiembre,16,35026542.0,5.13,85,,5.14,5.14,,3,3.0
SAE 1022,Septiembre,16,35026543.0,5.13,83,,5.14,5.14,,3,4.0
SAE 1022,Septiembre,16,35026544.0,5.13,102,,5.14,5.14,,9,12.0
SAE 1022,Septiembre,16,35026545.0,5.13,102,,5.14,5.13,,2,5.0
SAE 1022,Septiembre,16,35026546.0,5.13,104,,5.14,5.13,,3,5.0
SAE 1011,Septiembre,17,35026552.0,4.4,114,,4.41,4.4,,2,4.0
SAE 1022,Septiembre,17,35026547.0,5.13,95,,5.13,5.14,,6,13.0
SAE 1011,Septiembre,17,35026548.0,4.4,87,,4.41,4.4,,3,6.0
SAE 1022,Septiembre,17,35026549.0,5.13,94,,5.13,5.13,,3,13.0
SAE 1022,Septiembre,17,35026550.0,5.13,105,,5.13,5.13,,3,5.0
SAE 1022,Septiembre,17,35026551.0,5.13,100,,5.13,5.13,,3,5.0
SAE 1011,Septiembre,18,35026554.0,4.4,126,4.4,4.41,4.41,4,3,6.0
SAE 1008,Septiembre,18,35026570.0,4.4,109,4.41,4.4,4.4,3,3,2.0
SAE 1008,Septiembre,18,35026571.0,4.4,123,4.4,4.4,4.41,5,2,6.0
SAE 1008,Septiembre,18,35026572.0,4.4,123,4.41,4.4,4.41,4,2,6.0
SAE 1008,Septiembre,18,35026573.0,4.4,125,4.4,4.4,4.41,4,2,6.0
SAE 1006,Septiembre,18,35026574.0,4.4,118,4.4,4.4,4.41,3,2,2.0
SAE 1006,Septiembre,18,35026575.0,4.4,119,4.41,4.4,4.41,3,2,2.0
SAE 1006,Septiembre,18,35026576.0,4.4,105,4.4,4.41,4.41,2,2,2.0
SAE 1011,Septiembre,18,35026577.0,4.4,57,4.4,4.41,4.41,4,4,6.0
SAE 1006,Septiembre,18,35026578.0,4.4,110,4.4,4.41,4.41,4,4,5.0
SAE 1011,Septiembre,19,35026579.0,4.4,119,4.4,4.41,4.4,5,4,2.0
SAE 1011,Septiembre,19,35026566.0,4.4,130,4.41,4.4,4.41,3,3,2.0
SAE 1008,Septiembre,19,35026586.0,4.4,116,4.4,4.4,4.41,6,4,2.0
SAE 1008,Septiembre,19,35026587.0,4.4,121,4.41,4.41,4.4,4,4,2.0
SAE 1008,Septiembre,19,35026588.0,4.4,117,4.4,4.41,4.41,4,4,2.0
SAE 1008,Septiembre,19,35026589.0,4.4,118,4.41,4.4,4.41,4,3,2.0
SAE 1006,Septiembre,19,35026580.0,4.4,113,4.41,4.41,4.42,2,3,3.0
SAE 1006,Septiembre,19,35026581.0,4.4,123,4.41,4.41,4.4,3,2,2.0
SAE 1006,Septiembre,19,35026582.0,4.4,118,4.41,4.41,4.4,3,3,1.0
SAE 1006,Septiembre,19,35026583.0,4.4,109,4.41,4.41,4.41,4,3,3.0
SAE 1006,Septiembre,19,35026584.0,4.4,120,4.41,4.41,4.4,4,3,3.0
SAE 1006,Septiembre,19,35026585.0,4.4,120,4.41,4.41,4.4,4,3,2.0
SAE 1006,Septiembre,19,35026590.0,4.4,47,4.41,4.41,4.42,4,2,3.0
SAE 1011,Septiembre,19,35026591.0,4.4,111,,4.41,4.42,,4,4.0
SAE 1011,Septiembre,20,35026567.0,4.4,0,4.4,4.41,4.41,6,4,4.0
SAE 1011,Septiembre,20,35026568.0,4.4,118,5.13,5.14,5.14,10,10,9.0
SAE 1022,Septiembre,20,35026555.0,5.13,117,5.13,5.14,5.14,6,7,9.0
SAE 1022,Septiembre,20,35026556.0,5.13,89,4.4,4.41,4.41,6,6,4.0
SAE 1011,Septiembre,23,35026596.0,4.4,82,4.4,4.41,4.41,4,4,4.0
SAE 1011,Septiembre,23,35026597.0,4.4,110,5.14,5.14,5.14,10,10,10.0
SAE 1022,Septiembre,23,35026557.0,5.13,97,5.14,5.14,5.14,7,7,7.0
SAE 1022,Septiembre,23,35026558.0,5.13,104,5.13,5.14,5.13,9,7,9.0
SAE 1022,Septiembre,23,35026559.0,5.13,109,5.14,5.13,5.14,9,7,9.0
SAE 1022,Septiembre,23,35026560.0,5.13,99,5.14,5.13,5.12,9,7,7.0
SAE 1022,Septiembre,23,35026561.0,5.13,106,5.13,5.12,5.14,9,7,7.0
SAE 1022,Septiembre,23,35026562.0,5.13,101,,5.14,5.14,,10,7.0
SAE 1022,Septiembre,23,35026563.0,5.13,100,,5.13,5.14,,10,8.0
SAE 1022,Septiembre,23,35026564.0,5.13,104,,5.13,5.13,,10,8.0
SAE 1022,Septiembre,23,35026565.0,5.13,110,,5.13,5.13,,10,8.0
SAE 1022,Septiembre,23,35026599.0,5.13,98,,5.14,5.14,,10,7.0
SAE 1011,Septiembre,24,35026598.0,4.4,115,4.41,4.4,4.4,5,3,4.0
SAE 1022,Septiembre,24,35026600.0,5.13,98,5.14,5.13,5.14,10,10,3.0
SAE 1022,Septiembre,24,35026601.0,5.13,103,5.14,5.13,5.14,10,7,10.0
SAE 1022,Septiembre,24,35026602.0,5.13,103,5.14,5.13,5.14,10,5,10.0
SAE 1022,Septiembre,24,35026603.0,5.13,105,5.14,5.14,5.14,10,6,6.0
SAE 1022,Septiembre,24,35026604.0,5.13,109,5.14,5.13,5.13,9,3,7.0
SAE 1022,Septiembre,24,35026605.0,5.13,104,5.13,5.14,5.14,9,4,7.0
SAE 1022,Septiembre,24,35026606.0,5.13,106,5.13,5.14,5.13,8,6,7.0
SAE 1022,Septiembre,24,35026607.0,5.13,103,5.14,5.13,5.13,8,5,7.0
SAE 1022,Septiembre,24,35026608.0,5.13,108,5.13,5.14,5.13,7,3,7.0
SAE 1022,Septiembre,24,35026609.0,5.13,112,5.13,5.14,5.13,8,3,7.0
SAE 1022,Septiembre,24,35026610.0,5.13,97,5.12,5.12,5.13,8,4,6.0
SAE 1022,Septiembre,24,35026611.0,5.13,105,5.13,5.14,5.13,7,3,6.0
SAE 1022,Septiembre,24,35026612.0,5.13,104,5.14,5.13,5.12,7,3,7.0
SAE 1022,Septiembre,25,35026623.0,5.13,102,,5.13,5.14,,12,6.0
SAE 1022,Septiembre,25,35026613.0,5.13,106,,5.14,5.12,,8,5.0
SAE 1022,Septiembre,25,35026614.0,5.13,93,,5.14,5.13,,9,7.0
SAE 1022,Septiembre,25,35026615.0,5.13,102,,5.12,5.13,,8,5.0
SAE 1022,Septiembre,25,35026616.0,5.13,100,,5.13,5.14,,4,4.0
SAE 1022,Septiembre,25,35026617.0,5.13,101,,5.13,5.14,,5,4.0
SAE 1022,Septiembre,25,35026618.0,5.13,102,,5.13,5.12,,6,5.0
SAE 1022,Septiembre,26,35026624.0,5.13,84,5.13,5.12,5.12,10,10,9.0
SAE 1022,Septiembre,26,35026619.0,5.13,104,5.13,5.14,5.13,6,8,6.0
SAE 1022,Septiembre,26,35026620.0,5.13,102,5.13,5.14,5.14,4,5,4.0
SAE 1022,Septiembre,26,35026621.0,5.13,103,5.13,5.14,5.14,4,5,4.0
SAE 1022,Septiembre,26,35026622.0,5.13,103,5.14,5.13,5.14,4,6,6.0
SAE 1022,Septiembre,26,35026626.0,5.13,105,5.13,5.13,5.13,4,6,7.0
SAE 1022,Septiembre,26,35026627.0,5.13,108,5.13,5.14,5.14,6,6,7.0
SAE 1022,Septiembre,26,35026628.0,5.13,105,5.12,5.13,5.13,5,4,5.0
SAE 1022,Septiembre,26,35026629.0,5.13,109,5.13,5.13,5.14,4,4,5.0
SAE 1022,Septiembre,26,35026630.0,5.13,103,5.13,5.12,5.13,4,6,6.0
SAE 1022,Septiembre,26,35026631.0,5.13,105,5.14,5.13,5.12,4,5,6.0
SAE 1022,Septiembre,26,35026632.0,5.13,108,5.12,5.13,5.14,4,5,6.0
SAE 1022,Septiembre,26,35026633.0,5.13,105,5.14,5.13,5.13,4,3,5.0
SAE 1022,Septiembre,26,35026634.0,5.13,104,5.13,5.14,5.14,4,3,5.0
SAE 1022,Septiembre,26,35026635.0,5.13,102,5.13,5.13,5.12,4,4,6.0
SAE 1022,Septiembre,27,35026625.0,5.13,87,5.12,5.12,5.12,10,10,10.0
SAE 1022,Septiembre,27,35026636.0,5.13,95,5.13,5.12,5.12,10,10,10.0
SAE 1022,Septiembre,27,35026637.0,5.13,107,5.13,5.13,5.13,10,8,10.0
SAE 1022,Septiembre,27,35026638.0,5.13,106,5.13,5.13,5.13,10,8,10.0
SAE 1022,Septiembre,27,35026639.0,5.13,108,5.13,5.13,5.13,10,8,8.0
SAE 1022,Septiembre,27,35026640.0,5.13,97,5.13,5.13,5.13,8,7,8.0
SAE 1022,Septiembre,27,35026641.0,5.13,112,5.13,5.14,5.14,9,5,7.0
SAE 1022,Septiembre,27,35026642.0,5.13,93,5.13,,5.14,9,,7.0
SAE 1022,Septiembre,27,35026643.0,5.13,87,5.14,,5.14,8,,6.0
SAE 1022,Octubre,2,35026644.0,5.13,103,5.13,5.12,5.13,9,8,8.0
SAE 1022,Octubre,2,35026650.0,5.13,101,5.14,5.13,5.13,9,6,6.0
SAE 1022,Octubre,2,35026651.0,5.13,100,5.12,5.13,5.14,7,6,6.0
SAE 1022,Octubre,2,35026652.0,5.13,106,5.13,5.13,5.14,10,10,10.0
SAE 1022,Octubre,2,35026653.0,5.13,102,5.13,5.13,5.13,10,10,10.0
SAE 1022,Octubre,2,35026654.0,5.13,103,5.13,5.13,5.13,5,10,5.0
SAE 1022,Octubre,2,35026655.0,5.13,106,5.13,5.13,5.13,7,10,4.0
SAE 1022,Octubre,2,35026656.0,5.13,106,5.13,5.14,5.13,4,7,4.0
SAE 1022,Octubre,2,35026657.0,5.13,106,5.13,5.14,5.13,4,7,3.0
SAE 1022,Octubre,2,35026658.0,5.13,108,5.13,5.14,5.13,6,9,4.0
SAE 1022,Octubre,2,35026659.0,5.13,95,5.13,5.14,5.13,6,7,4.0
SAE 1022,Octubre,2,35026660.0,5.13,104,5.13,5.14,5.13,6,7,4.0
SAE 1022,Octubre,2,35026661.0,5.13,106,5.13,5.14,5.13,6,8,7.0
SAE 1022,Octubre,3,35026662.0,5.13,104,5.13,5.13,5.12,9,9,3.0
SAE 1022,Octubre,3,35026663.0,5.13,111,5.12,5.14,5.14,7,8,3.0
SAE 1022,Octubre,3,35026664.0,5.13,107,5.13,5.13,5.14,3,4,3.0
SAE 1022,Octubre,3,35026665.0,5.13,104,5.12,5.13,5.13,3,4,3.0
SAE 1022,Octubre,3,35026666.0,5.13,106,5.13,5.14,5.13,2,4,2.0
SAE 1022,Octubre,3,35026667.0,5.13,110,5.14,5.14,5.14,2,4,4.0
SAE 1022,Octubre,3,35026668.0,5.13,114,5.14,5.14,5.14,2,4,4.0
SAE 1022,Octubre,3,35026669.0,5.13,90,5.14,5.14,5.14,3,4,4.0
SAE 1022,Octubre,3,35026670.0,5.13,102,5.14,5.13,5.13,10,8,4.0
SAE 1022,Octubre,3,35026671.0,5.13,103,5.14,5.13,5.13,10,8,3.0
SAE 1022,Octubre,3,35026672.0,5.13,105,5.14,5.13,5.13,10,9,7.0
SAE 1022,Octubre,3,35026673.0,5.13,103,5.14,5.13,5.13,7,7,6.0
SAE 1022,Octubre,3,35026676.0,5.13,102,5.13,5.14,5.14,3,6,4.0
SAE 1022,Octubre,3,35026677.0,5.13,100,5.13,5.14,5.14,3,8,6.0
SAE 1022,Octubre,4,35026678.0,5.13,104,5.13,5.14,5.13,10,14,13.0
SAE 1022,Octubre,4,35026679.0,5.13,107,5.14,5.13,5.14,9,13,12.0
SAE 1022,Octubre,4,35026680.0,5.13,97,5.14,5.13,5.14,9,13,12.0
SAE 1022,Octubre,4,35026681.0,5.13,102,5.14,5.13,5.14,9,13,12.0
SAE 1022,Octubre,4,35026682.0,5.13,104,5.14,5.13,5.14,3,13,9.0
SAE 1022,Octubre,4,35026683.0,5.13,104,5.14,5.13,5.14,2,10,7.0
SAE 1022,Octubre,4,35026684.0,5.13,104,5.13,,5.14,8,,7.0
SAE 1022,Octubre,4,35026685.0,5.13,103,5.13,,5.14,9,,10.0
SAE 1022,Octubre,4,35026686.0,5.13,101,5.13,,5.14,5,,6.0
SAE 1022,Octubre,4,35026687.0,5.13,114,5.13,,5.14,5,,6.0
SAE 1022,Octubre,4,35026688.0,5.13,94,5.13,5.13,5.14,5,10,5.0
SAE 1022,Octubre,4,35026689.0,5.13,114,5.13,5.13,5.14,7,9,6.0
SAE 1022,Octubre,4,35026690.0,5.13,94,5.13,5.13,5.14,4,8,3.0
SAE 1022,Octubre,4,35026691.0,5.13,103,5.13,5.13,5.14,4,8,4.0
SAE 1022,Octubre,7,35026674.0,5.13,99,5.13,5.13,5.14,10,10,5.0
SAE 1022,Octubre,7,35026692.0,5.13,101,5.13,5.12,5.13,10,7,5.0
SAE 1022,Octubre,7,35026693.0,5.13,109,5.14,5.14,5.13,7,7,4.0
SAE 1022,Octubre,7,35026694.0,5.13,104,5.13,5.12,5.13,10,10,6.0
SAE 1022,Octubre,7,35026695.0,5.13,103,5.12,5.13,5.13,10,10,6.0
SAE 1022,Octubre,7,35026696.0,5.13,108,5.13,5.14,5.13,9,7,6.0
SAE 1022,Octubre,7,35026697.0,5.13,105,5.13,5.12,5.13,10,7,3.0
SAE 1022,Octubre,7,35026698.0,5.13,105,5.12,5.13,5.14,7,7,2.0
SAE 1022,Octubre,7,35026699.0,5.13,97,5.13,5.12,5.13,7,7,3.0
SAE 1022,Octubre,7,35026703.0,5.13,103,5.13,5.13,5.14,7,7,2.0
SAE 1022,Octubre,7,35026704.0,5.13,107,5.13,5.14,5.13,10,9,4.0
SAE 1022,Octubre,7,35026705.0,5.13,100,5.13,5.14,5.13,10,9,6.0
SAE 1022,Octubre,8,35026706.0,5.13,100,5.13,5.14,5.14,10,10,6.0
SAE 1022,Octubre,8,35026707.0,5.13,103,5.13,5.14,5.14,10,8,7.0
SAE 1022,Octubre,8,35026708.0,5.13,105,5.13,5.14,5.14,10,8,6.0
SAE 1022,Octubre,8,35026709.0,5.13,106,5.13,5.14,5.14,10,12,7.0
SAE 1022,Octubre,8,35026710.0,5.13,101,5.14,5.14,5.14,10,12,6.0
SAE 1022,Octubre,8,35026711.0,5.13,102,5.13,5.14,5.13,10,10,5.0
SAE 1022,Octubre,8,35026712.0,5.13,102,5.12,5.13,5.14,10,10,6.0
SAE 1022,Octubre,8,35026713.0,5.13,104,5.13,5.14,5.13,11,13,6.0
SAE 1022,Octubre,8,35026714.0,5.13,106,5.14,5.13,5.14,9,9,5.0
SAE 1022,Octubre,8,35026715.0,5.13,105,5.12,5.13,5.12,9,9,6.0
SAE 1026,Octubre,8,35026700.0,4.4,117,4.4,4.41,4.42,10,10,6.0
SAE 1026,Octubre,8,35026701.0,4.4,121,4.41,4.42,4.42,10,10,7.0
SAE 1026,Octubre,8,35026702.0,4.4,112,4.41,4.41,4.4,10,8,6.0
SAE 1022,Octubre,8,35026716.0,5.13,105,5.13,5.14,5.13,10,9,8.0
SAE 1022,Octubre,8,35026717.0,5.13,102,5.14,5.13,5.14,10,10,9.0
SAE 1022,Octubre,8,35026718.0,5.13,99,5.13,5.12,5.13,10,10,9.0
SAE 1523,Octubre,9,35026724.0,4.4,121,4.4,4.4,4.39,10,10,10.0
SAE 1523,Octubre,9,35026725.0,4.4,119,4.4,4.4,4.39,9,4,4.0
SAE 1523,Octubre,9,35026726.0,4.4,119,4.4,4.4,4.39,4,5,3.0
SAE 1523,Octubre,9,35026727.0,4.4,125,4.4,4.39,4.39,4,7,4.0
SAE 1523,Octubre,9,35026728.0,4.4,115,4.4,4.39,4.39,4,7,5.0
SAE 1523,Octubre,9,35026729.0,4.4,121,4.41,4.4,4.41,7,7,3.0
SAE 1523,Octubre,9,35026730.0,4.4,124,4.4,4.41,4.4,7,6,3.0
SAE 1523,Octubre,9,35026731.0,4.4,119,4.41,4.4,4.41,7,6,2.0
SAE 1523,Octubre,9,35026732.0,4.4,122,4.4,4.41,4.4,7,6,3.0
SAE 1523,Octubre,9,35026733.0,4.4,120,4.41,4.41,4.4,7,6,3.0
SAE 1523,Octubre,9,35026734.0,4.4,126,4.4,4.41,4.41,7,5,3.0
SAE 1523,Octubre,9,35026735.0,4.4,110,4.4,4.41,4.39,4,3,2.0
SAE 1523,Octubre,9,35026736.0,4.4,117,4.4,4.41,4.4,4,3,3.0
SAE 1523,Octubre,9,35026737.0,4.4,123,4.4,4.41,4.39,5,5,3.0
SAE 1523,Octubre,10,35026738.0,4.4,117,4.4,4.41,4.4,6,5,3.0
SAE 1523,Octubre,10,35026739.0,4.4,123,4.4,4.39,4.4,10,10,6.0
SAE 1523,Octubre,10,35026740.0,4.4,121,4.4,4.39,4.4,4,6,4.0
SAE 1523,Octubre,10,35026741.0,4.4,124,4.4,4.39,4.4,3,3,3.0
SAE 1523,Octubre,10,35026742.0,4.4,119,4.39,4.39,4.4,7,3,3.0
SAE 1523,Octubre,10,35026743.0,4.4,123,4.39,4.39,4.4,5,3,3.0
SAE 1523,Octubre,10,35026744.0,4.4,125,4.41,4.4,4.39,2,3,2.0
SAE 1523,Octubre,10,35026745.0,4.4,123,4.4,4.41,4.4,3,3,2.0
SAE 1523,Octubre,10,35026746.0,4.4,126,4.41,4.4,4.4,3,4,2.0
SAE 1523,Octubre,10,35026747.0,4.4,114,4.4,4.39,4.41,3,4,2.0
SAE 1523,Octubre,10,35026748.0,4.4,129,4.39,4.41,4.4,3,2,2.0
SAE 1523,Octubre,10,35026749.0,4.4,115,4.4,4.4,4.41,2,2,1.0
SAE 1523,Octubre,10,35026750.0,4.4,121,4.4,4.39,4.41,3,2,2.0
SAE 1523,Octubre,10,35026751.0,4.4,136,4.4,4.41,4.4,2,2,1.0
SAE 1523,Octubre,10,35026752.0,4.4,144,4.4,4.4,4.41,2,2,1.0
SAE 1523,Octubre,10,35026753.0,4.4,87,4.4,4.41,4.4,3,2,1.0
SAE 1523,Octubre,11,35026754.0,4.4,119,4.39,4.39,4.39,6,10,6.0
SAE 1523,Octubre,11,35026755.0,4.4,121,4.41,4.4,4.4,3,7,3.0
SAE 1523,Octubre,11,35026756.0,4.4,123,4.41,4.41,4.4,2,6,3.0
SAE 1523,Octubre,11,35026757.0,4.4,126,4.41,4.41,4.4,2,7,4.0
SAE 1523,Octubre,11,35026758.0,4.4,126,4.41,4.41,4.4,4,4,4.0
SAE 1523,Octubre,11,35026759.0,4.4,119,4.41,4.41,4.4,4,4,4.0
SAE 1523,Octubre,11,35026760.0,4.4,119,4.41,4.4,4.41,4,5,3.0
SAE 1523,Octubre,11,35026761.0,4.4,127,4.4,4.41,4.39,3,5,3.0
SAE 1523,Octubre,11,35026762.0,4.4,118,4.4,4.39,4.4,3,4,3.0
SAE 1523,Octubre,11,35026763.0,4.4,120,4.41,4.4,4.41,3,4,2.0
SAE 1523,Octubre,11,35026764.0,4.4,123,4.4,4.41,,3,3,
SAE 1523,Octubre,11,35026765.0,4.4,130,4.41,4.39,,3,3,
SAE 1011,Octubre,14,35026772.0,4.4,110,4.41,4.39,4.4,6,6,4.0
SAE 1008,Octubre,14,35026773.0,4.4,118,4.4,4.41,4.4,8,6,2.0
SAE 1008,Octubre,14,35026774.0,4.4,118,4.41,4.4,4.39,7,4,2.0
SAE 1008,Octubre,14,35026775.0,4.4,122,4.4,4.4,4.41,3,3,2.0
SAE 1008,Octubre,14,35026776.0,4.4,123,4.4,4.41,4.4,7,7,3.0
SAE 1022,Octubre,14,35026777.0,5.13,60,5.13,5.14,5.14,9,8,8.0
SAE 1011,Octubre,14,35026778.0,4.4,120,4.42,4.41,4.41,5,4,4.0
SAE 1008,Octubre,14,35026779.0,4.4,115,4.41,4.41,4.41,3,5,3.0
SAE 1008,Octubre,14,35026780.0,4.4,129,4.41,4.41,4.4,4,4,3.0
SAE 1006,Octubre,14,35026781.0,4.4,116,4.4,4.41,4.41,3,4,2.0
SAE 1006,Octubre,14,35026782.0,4.4,123,4.4,4.41,4.41,3,3,2.0
SAE 1006,Octubre,14,35026783.0,4.4,122,4.4,4.41,4.41,3,3,3.0
SAE 1006,Octubre,14,35026784.0,4.4,118,4.4,4.41,4.41,3,2,3.0
SAE 1006,Octubre,14,35026785.0,4.4,113,4.4,4.41,4.41,3,3,3.0
SAE 1011,Octubre,15,35026791.0,4.4,122,4.4,4.41,4.39,4,5,4.0
SAE 1008,Octubre,15,35026793.0,4.4,110,4.41,4.4,4.4,3,6,5.0
SAE 1011,Octubre,15,35026794.0,4.4,108,4.41,4.4,4.4,5,5,5.0
SAE 1006,Octubre,15,35026786.0,4.4,114,4.42,4.42,4.41,4,5,4.0
SAE 1006,Octubre,15,35026787.0,4.4,124,4.4,4.41,4.41,3,5,3.0
SAE 1006,Octubre,15,35026788.0,4.4,120,4.4,4.41,4.41,3,3,3.0
SAE 1006,Octubre,15,35026789.0,4.4,121,4.4,4.41,4.41,5,3,3.0
SAE 1006,Octubre,15,35026790.0,4.4,123,4.4,4.41,4.41,5,4,2.0
SAE 1006,Octubre,15,35026798.0,4.4,123,4.4,4.41,4.41,5,3,3.0
SAE 1006,Octubre,15,35026799.0,4.4,117,4.4,4.41,4.41,4,3,3.0
SAE 1006,Octubre,15,35026800.0,4.4,121,4.4,4.41,4.4,4,3,3.0
SAE 1006,Octubre,15,35026801.0,4.4,118,4.39,4.4,4.41,4,3,2.0
SAE 1011,Octubre,16,35026792.0,4.4,126,4.41,4.4,4.41,6,7,4.0
SAE 1008,Octubre,16,35026795.0,4.4,119,4.39,4.41,4.4,7,5,3.0
SAE 1008,Octubre,16,35026796.0,4.4,118,4.4,4.41,4.4,6,5,3.0
SAE 1008,Octubre,16,35026797.0,4.4,123,4.4,4.39,4.41,4,3,3.0
SAE 1008,Octubre,16,35026805.0,4.4,123,4.41,4.4,4.39,4,3,3.0
SAE 1008,Octubre,16,35026806.0,4.4,124,4.4,4.41,4.4,2,5,2.0
SAE 1008,Octubre,16,35026807.0,4.4,122,4.41,4.4,4.41,5,3,3.0
SAE 1008,Octubre,16,35026808.0,4.4,122,4.41,4.4,4.41,4,2,2.0
SAE 1008,Octubre,16,35026809.0,4.4,121,4.41,4.41,4.41,5,4,4.0
SAE 1008,Octubre,16,35026810.0,4.4,120,4.42,4.41,4.41,3,2,2.0
SAE 1008,Octubre,16,35026811.0,4.4,116,4.41,4.41,4.41,5,4,3.0
SAE 1011,Octubre,17,35026820.0,4.4,125,4.4,4.41,4.4,7,5,4.0
SAE 1008,Octubre,17,35026812.0,4.4,120,4.39,4.4,4.4,8,4,3.0
SAE 1008,Octubre,17,35026813.0,4.4,123,4.41,4.39,4.4,7,4,3.0
SAE 1008,Octubre,17,35026814.0,4.4,121,4.4,4.41,4.4,6,4,3.0
SAE 1008,Octubre,17,35026815.0,4.4,122,4.4,4.4,4.39,6,3,3.0
SAE 1008,Octubre,17,35026816.0,4.4,126,4.41,4.41,,5,4,
SAE 1006,Octubre,17,35026821.0,4.4,117,4.4,4.41,4.41,3,3,3.0
SAE 1006,Octubre,17,35026822.0,4.4,94,4.4,4.41,4.41,3,3,3.0
SAE 1011,Octubre,17,35026823.0,4.4,123,4.41,4.41,4.41,7,5,5.0
SAE 1008,Octubre,17,35026824.0,4.4,114,4.41,4.41,4.41,6,5,5.0
SAE 1008,Octubre,17,35026825.0,4.4,115,4.41,4.41,4.41,6,5,5.0
SAE 1011,Octubre,18,35026831.0,4.4,123,4.4,4.41,4.4,6,5,4.0
SAE 1008,Octubre,18,35026832.0,4.4,121,4.39,4.4,4.4,7,3,2.0
SAE 1008,Octubre,18,35026833.0,4.4,117,4.41,4.4,4.39,8,4,4.0
SAE 1008,Octubre,18,35026834.0,4.4,120,4.4,4.41,4.41,6,2,2.0
SAE 1008,Octubre,18,35026835.0,4.4,120,4.41,4.39,4.41,6,3,2.0
SAE 1008,Octubre,18,35026836.0,4.4,124,4.41,4.4,4.4,5,3,2.0
SAE 1008,Octubre,18,35026837.0,4.4,120,4.41,4.4,4.41,5,4,3.0
SAE 1008,Octubre,18,35026838.0,4.4,120,4.41,4.4,4.41,5,4,4.0
SAE 1008,Octubre,18,35026839.0,4.4,123,4.4,4.41,4.41,5,5,3.0
SAE 1008,Octubre,18,35026840.0,4.4,123,4.4,4.41,4.41,5,5,3.0
SAE 1008,Octubre,18,35026841.0,4.4,123,4.41,4.41,4.4,4,5,3.0
SAE 1008,Octubre,18,35026842.0,4.4,121,4.41,4.41,4.41,3,3,3.0
SAE 1008,Octubre,18,35026843.0,4.4,115,4.41,4.41,4.41,3,3,3.0
SAE 1008,Octubre,18,35026844.0,4.4,125,4.41,4.41,4.41,4,4,3.0
SAE 1011,Octubre,21,35026829.0,4.4,125,4.4,4.41,4.41,4,4,4.0
SAE 1008,Octubre,21,35026845.0,4.4,116,4.41,4.4,4.4,5,5,5.0
SAE 1008,Octubre,21,35026846.0,4.4,115,4.4,4.41,,6,5,
SAE 1008,Octubre,21,35026847.0,4.4,121,4.4,4.41,,5,5,
SAE 1008,Octubre,21,35026848.0,4.4,123,4.4,4.41,,5,4,
SAE 1008,Octubre,21,35026849.0,4.4,122,4.4,4.41,,5,4,
SAE 1008,Octubre,21,35026850.0,4.4,121,4.4,4.41,,5,5,
SAE 1008,Octubre,21,35026851.0,4.4,119,4.4,4.4,,5,4,
SAE 1008,Octubre,21,35026852.0,4.4,119,5.13,5.14,,6,7,
SAE 1022,Octubre,21,35026859.0,5.13,111,5.13,5.14,,6,7,
SAE 1022,Octubre,21,35026860.0,5.13,95,5.14,5.14,,5,6,
SAE 1022,Octubre,22,35026861.0,5.13,101,5.13,5.14,5.13,12,13,9.0
SAE 1022,Octubre,22,35026862.0,5.13,105,5.13,5.14,5.13,12,12,7.0
SAE 1022,Octubre,22,35026863.0,5.13,106,5.13,5.14,5.14,7,7,8.0
SAE 1022,Octubre,22,35026864.0,5.13,106,5.13,5.14,5.13,7,8,8.0
SAE 1022,Octubre,22,35026865.0,5.13,100,5.13,5.13,5.12,7,8,9.0
SAE 1010,Octubre,22,35026817.0,4.4,123,4.41,4.4,4.41,5,4,4.0
SAE 1010,Octubre,22,35026818.0,4.4,117,4.4,4.41,4.39,4,4,4.0
SAE 1010,Octubre,22,35026819.0,4.4,126,4.4,4.4,4.41,4,3,4.0
SAE 1022,Octubre,23,35026866.0,5.13,104,5.13,5.14,5.13,8,9,7.0
SAE 1022,Octubre,23,35026867.0,5.13,99,5.14,5.14,5.14,12,12,13.0
SAE 1022,Octubre,23,350256868.0,5.13,106,5.14,5.14,5.14,10,10,12.0
SAE 1022,Octubre,23,35026869.0,5.13,108,5.14,5.14,5.14,8,8,12.0
SAE 1022,Octubre,23,35026870.0,5.13,99,5.14,5.14,5.14,8,12,13.0
SAE 1022,Octubre,23,35026871.0,5.13,101,5.14,5.14,5.14,8,10,12.0
SAE 1022,Octubre,23,35026872.0,5.13,101,5.14,5.14,,10,9,
SAE 1022,Octubre,23,35026873.0,5.13,105,5.14,5.13,,10,7,
SAE 1022,Octubre,23,35026874.0,5.13,105,5.14,5.14,,9,8,
SAE 1022,Octubre,23,35026875.0,5.13,105,5.13,5.14,,9,8,
SAE 1022,Octubre,23,35026876.0,5.13,103,5.13,5.14,,9,7,
SAE 1022,Octubre,23,35026877.0,5.13,101,5.14,5.14,,9,7,
SAE 1022,Octubre,24,35026878.0,5.13,103,5.15,5.15,5.14,11,11,13.0
SAE 1022,Octubre,24,35026879.0,5.13,103,5.15,5.15,5.14,8,8,10.0
SAE 1022,Octubre,24,35026880.0,5.13,101,5.15,5.15,5.14,5,7,10.0
SAE 1022,Octubre,24,35026881.0,5.13,106,5.15,5.14,5.14,11,8,12.0
SAE 1022,Octubre,24,35026882.0,5.13,105,5.15,5.14,5.14,7,9,12.0
SAE 1022,Octubre,24,35026883.0,5.13,96,5.14,5.13,5.13,11,8,13.0
SAE 1022,Octubre,24,35026884.0,5.13,109,5.13,5.13,5.15,10,7,12.0
SAE 1022,Octubre,24,35026885.0,5.13,96,5.14,5.14,5.14,8,8,10.0
SAE 1022,Octubre,24,35026886.0,5.13,112,5.15,5.14,,10,8,
SAE 1022,Octubre,24,35026887.0,5.13,97,5.13,5.14,,10,7,
SAE 1022,Octubre,24,35026888.0,5.13,103,5.14,5.13,,10,7,
SAE 1022,Octubre,24,35026889.0,5.13,108,5.14,5.14,,10,8,
SAE 1022,Octubre,24,35026890.0,5.13,95,5.13,5.14,5.13,8,8,12.0
SAE 1022,Octubre,24,35026891.0,5.13,30,5.13,5.14,5.14,8,8,10.0
SAE 1022,Octubre,25,35026892.0,5.13,88,5.14,5.14,5.14,11,12,12.0
SAE 1022,Octubre,25,35026893.0,5.13,99,5.14,5.14,5.14,11,12,12.0
SAE 1022,Octubre,25,35026894.0,5.13,106,5.14,5.14,5.14,5,8,10.0
SAE 1022,Octubre,25,35026895.0,5.13,97,5.13,5.14,5.13,8,6,7.0
SAE 1022,Octubre,25,35026896.0,5.13,102,5.13,5.14,5.13,7,6,6.0
SAE 1022,Octubre,25,35026897.0,5.13,110,5.13,5.14,5.13,4,5,4.0
SAE 1022,Octubre,25,35026898.0,5.13,96,5.14,5.13,5.14,7,4,5.0
SAE 1022,Octubre,25,35026899.0,5.13,113,5.13,5.14,5.13,6,4,6.0
SAE 1022,Octubre,25,35026900.0,5.13,91,5.13,5.14,5.13,6,5,6.0
SAE 1022,Octubre,25,35026901.0,5.13,107,,5.14,5.13,,5,8.0
SAE 1022,Octubre,25,35026902.0,5.13,93,,5.13,5.14,,6,9.0
SAE 1022,Octubre,28,35026903.0,5.13,105,5.14,5.13,5.14,7,7,13.0
SAE 1022,Octubre,28,35026904.0,5.13,106,5.13,5.13,5.12,5,5,9.0
SAE 1022,Octubre,28,35026905.0,5.13,105,5.13,5.14,5.14,9,6,9.0
SAE 1022,Octubre,28,35026906.0,5.13,108,5.14,5.13,5.15,8,4,7.0
SAE 1022,Octubre,28,35026907.0,5.13,105,5.13,5.14,5.13,8,5,7.0
SAE 1022,Octubre,28,35026908.0,5.13,111,5.13,5.14,5.13,6,5,6.0
SAE 1022,Octubre,28,35026909.0,5.13,90,5.14,5.14,5.13,7,5,5.0
SAE 1022,Octubre,28,35026910.0,5.13,111,5.14,5.14,5.13,7,5,6.0
SAE 1022,Octubre,28,35026911.0,5.13,103,5.14,5.14,5.13,6,4,5.0
SAE 1022,Octubre,28,35026912.0,5.13,101,5.14,5.14,5.13,6,3,5.0
SAE 1022,Octubre,28,35026913.0,5.13,103,5.14,5.14,5.13,7,5,7.0
SAE 1022,Octubre,28,35026914.0,5.13,107,5.14,5.14,5.13,6,5,7.0
SAE 1022,Octubre,28,35026915.0,5.13,99,5.14,5.14,5.13,8,6,7.0
SAE 1022,Octubre,28,35026917.0,5.13,98,5.14,5.14,5.13,8,6,7.0
SAE 1022,Octubre,29,35026918.0,5.13,103,5.13,5.13,5.15,13,14,14.0
SAE 1022,Octubre,29,35026919.0,5.13,104,5.12,5.14,5.14,8,4,5.0
SAE 1022,Octubre,29,35026920.0,5.13,111,5.13,5.14,5.13,8,5,5.0
SAE 1022,Octubre,29,35026921.0,5.13,99,5.14,5.15,5.14,7,5,4.0
SAE 1022,Octubre,29,35026922.0,5.13,105,5.13,5.14,5.13,7,4,4.0
SAE 1022,Octubre,29,35026923.0,5.13,105,5.14,5.12,5.13,7,4,4.0
SAE 1022,Octubre,29,35026924.0,5.13,102,5.14,5.13,5.13,10,5,9.0
SAE 1022,Octubre,29,35026925.0,5.13,102,5.14,5.13,5.13,9,5,8.0
SAE 1022,Octubre,29,35026932.0,5.13,102,5.14,5.13,5.13,9,5,8.0
SAE 1022,Octubre,29,35026926.0,5.13,105,5.14,5.13,5.13,10,6,8.0
SAE 1022,Octubre,29,35026927.0,5.13,113,5.14,5.13,5.13,8,8,8.0
SAE 1022,Octubre,29,35026928.0,5.13,92,5.13,5.13,5.13,8,8,8.0
SAE 1022,Octubre,29,35026929.0,5.13,106,5.13,5.13,5.13,9,7,8.0
SAE 1022,Octubre,29,35026930.0,5.13,102,5.13,5.13,5.13,9,6,8.0
SAE 1022,Octubre,29,35026931.0,5.13,102,5.13,5.13,5.13,8,6,8.0
SAE 1022,Octubre,29,35026933.0,5.13,101,5.13,5.13,5.13,8,4,8.0
SAE 1022,Octubre,30,35026934.0,5.13,106,5.12,5.13,5.14,12,12,13.0
SAE 1022,Octubre,30,35026935.0,5.13,105,5.14,5.13,5.13,9,7,1.0
SAE 1022,Octubre,30,35026936.0,5.13,103,5.13,5.15,5.13,6,8,8.0
SAE 1022,Octubre,30,35026937.0,5.13,105,5.14,5.15,5.14,6,7,8.0
SAE 1022,Octubre,30,35026938.0,5.13,104,5.14,5.13,5.13,7,6,7.0
SAE 1022,Octubre,30,35026939.0,5.13,111,5.14,5.14,5.13,7,8,7.0
SAE 1022,Octubre,30,35026940.0,5.13,97,5.14,5.14,5.13,7,8,6.0
SAE 1022,Octubre,30,35026941.0,5.13,103,5.14,5.14,5.13,7,8,6.0
SAE 1022,Octubre,30,35026942.0,5.13,106,5.14,5.14,5.13,8,7,6.0
SAE 1022,Octubre,30,35026943.0,5.13,103,5.14,5.14,5.13,9,5,7.0
SAE 1022,Octubre,30,35026944.0,5.13,100,5.14,5.14,5.13,8,5,6.0
SAE 1022,Octubre,30,35026945.0,5.13,105,5.14,5.14,5.13,7,4,6.0
SAE 1022,Octubre,30,35026946.0,5.13,101,5.14,5.14,5.13,6,5,6.0
SAE 1022,Octubre,31,35026947.0,5.13,103,5.13,5.12,5.13,9,10,10.0
SAE 1022,Octubre,31,35026948.0,5.13,104,5.14,5.15,5.15,3,5,5.0
SAE 1022,Octubre,31,35026949.0,5.13,95,5.13,5.14,5.13,5,6,7.0
SAE 1022,Octubre,31,35026950.0,5.13,108,5.14,5.13,5.15,8,5,7.0
SAE 1022,Octubre,31,35026951.0,5.13,100,5.13,5.14,5.14,8,4,7.0
SAE 1022,Octubre,31,35026952.0,5.13,92,5.13,5.14,,8,5,
SAE 1022,Octubre,31,35026953.0,5.13,98,5.14,5.13,5.13,10,9,10.0
SAE 1022,Octubre,31,35026954.0,5.13,99,5.14,5.13,5.13,6,5,8.0
SAE 1022,Octubre,31,35026955.0,5.13,102,5.14,5.13,5.13,10,9,9.0
SAE 1022,Octubre,31,35026956.0,5.13,103,5.14,5.13,5.13,10,10,9.0
SAE 1022,Octubre,31,35026957.0,5.13,91,5.14,5.13,5.13,10,10,10.0
SAE 1022,Octubre,31,35026958.0,5.13,103,5.13,5.14,5.13,10,10,10.0
SAE 1022,Octubre,31,35026959.0,5.13,94,5.14,5.15,5.13,13,10,10.0
SAE 1022,Noviembre,1,35026960.0,5.13,104,5.13,5.13,5.15,6,12,12.0
SAE 1022,Noviembre,1,35026978.0,5.13,104,5.14,5.15,5.14,3,8,9.0
SAE 1022,Noviembre,1,35026979.0,5.13,105,5.13,5.12,5.15,7,5,7.0
SAE 1022,Noviembre,1,35026980.0,5.13,107,5.14,5.13,5.14,8,7,7.0
SAE 1022,Noviembre,1,35026981.0,5.13,104,5.15,5.14,5.14,4,5,8.0
SAE 1022,Noviembre,1,35026982.0,5.13,106,5.13,5.13,5.13,5,5,8.0
SAE 1022,Noviembre,1,35026983.0,5.13,107,5.14,5.14,5.13,7,5,8.0
SAE 1022,Noviembre,1,35026984.0,5.13,101,5.14,5.14,5.13,7,7,8.0
SAE 1022,Noviembre,1,35026985.0,5.13,105,5.14,5.14,5.13,6,6,8.0
SAE 1022,Noviembre,1,35026986.0,5.13,104,5.14,5.14,5.13,6,6,8.0
SAE 1022,Noviembre,1,35026987.0,5.13,104,5.14,5.14,5.13,4,4,7.0
SAE 1022,Noviembre,1,35026988.0,5.13,106,5.14,5.13,,7,6,
SAE 1022,Noviembre,1,35026989.0,5.13,102,5.41,5.13,,9,5,
SAE 1523,Noviembre,4,35026990.0,4.4,113,4.4,4.39,4.4,12,10,10.0
SAE 1022,Noviembre,4,35026991.0,5.13,105,5.14,5.13,5.14,10,8,10.0
SAE 1022,Noviembre,4,35026992.0,5.13,101,5.14,5.13,5.14,9,7,7.0
SAE 1022,Noviembre,4,35026993.0,5.13,110,5.14,5.13,5.14,7,6,6.0
SAE 1022,Noviembre,4,35026994.0,5.13,102,5.14,5.13,5.14,6,6,6.0
SAE 1022,Noviembre,4,35026995.0,5.13,105,5.14,5.13,5.14,4,5,6.0
SAE 1022,Noviembre,4,35026996.0,5.13,100,5.14,5.13,5.14,4,4,6.0
SAE 1022,Noviembre,4,35026997.0,5.13,103,5.14,5.13,5.14,2,7,7.0
SAE 1022,Noviembre,4,35026998.0,5.13,109,5.13,5.13,5.13,2,6,7.0
SAE 1022,Noviembre,4,35026999.0,5.13,106,5.15,5.14,5.14,2,5,6.0
SAE 1022,Noviembre,4,35027000.0,5.13,100,5.13,5.14,5.14,2,5,6.0
SAE 1022,Noviembre,4,35027001.0,5.13,105,5.13,5.14,5.12,2,4,4.0
SAE 1022,Noviembre,4,35027003.0,5.13,110,5.12,5.13,5.14,2,5,5.0
SAE 1022,Noviembre,4,35027004.0,5.13,101,5.13,5.14,5.14,3,4,3.0
SAE 1523,Noviembre,5,35027014.0,4.4,125,4.4,4.41,4.4,6,10,10.0
SAE 1523,Noviembre,5,35027015.0,4.4,117,4.4,4.42,4.41,5,9,5.0
SAE 1523,Noviembre,5,35027016.0,4.4,117,4.4,4.41,4.4,2,5,3.0
SAE 1523,Noviembre,5,35027017.0,4.4,125,4.39,4.4,4.39,2,3,3.0
SAE 1523,Noviembre,5,35027018.0,4.4,127,4.41,4.41,4.39,2,5,2.0
SAE 1523,Noviembre,5,35027019.0,4.4,123,4.4,4.4,4.41,2,5,3.0
SAE 1523,Noviembre,5,35027020.0,4.4,122,4.41,4.39,4.4,2,4,3.0
SAE 1523,Noviembre,5,35027021.0,4.4,122,4.4,4.4,4.39,3,4,3.0
SAE 1523,Noviembre,5,35027022.0,4.4,125,4.4,4.42,4.41,2,3,2.0
SAE 1523,Noviembre,5,35027023.0,4.4,123,4.4,4.4,4.39,2,1,2.0
SAE 1523,Noviembre,5,35027024.0,4.4,125,4.4,4.4,4.39,2,2,4.0
SAE 1523,Noviembre,5,35027025.0,4.4,118,4.4,4.4,4.39,2,2,3.0
SAE 1523,Noviembre,6,35027026.0,4.4,113,4.39,4.39,4.4,9,10,10.0
SAE 1523,Noviembre,6,35027027.0,4.4,124,4.39,4.39,4.4,7,6,7.0
SAE 1523,Noviembre,6,35027028.0,4.4,120,4.4,4.4,4.4,5,5,7.0
SAE 1523,Noviembre,6,35027029.0,4.4,119,4.39,4.39,4.4,5,5,6.0
SAE 1523,Noviembre,6,35027030.0,4.4,132,4.4,4.39,4.4,4,4,5.0
SAE 1523,Noviembre,6,35027031.0,4.4,107,4.41,4.41,4.4,4,5,5.0
SAE 1523,Noviembre,6,35027032.0,4.4,122,4.4,4.42,4.41,5,5,5.0
SAE 1523,Noviembre,6,35027033.0,4.4,123,4.39,4.4,4.42,3,3,5.0
SAE 1523,Noviembre,6,35027034.0,4.4,121,4.42,4.41,4.41,3,4,5.0
SAE 1523,Noviembre,6,35027035.0,4.4,125,4.41,4.4,4.4,3,3,4.0
SAE 1523,Noviembre,6,35027036.0,4.4,124,4.4,4.41,4.39,4,3,4.0
SAE 1523,Noviembre,6,35027037.0,4.4,112,4.4,4.41,4.42,3,3,4.0
SAE 1523,Noviembre,6,35027038.0,4.4,126,4.41,4.39,4.41,4,3,4.0
SAE 1523,Noviembre,6,35027039.0,4.4,126,4.4,4.41,,2,2,
SAE 1523,Noviembre,6,35027040.0,4.4,115,4.41,4.39,,2,2,
SAE 1011,Noviembre,7,35027050.0,4.4,126,4.4,4.4,4.41,5,6,6.0
SAE 1008,Noviembre,7,35027051.0,4.4,116,4.4,4.4,4.41,4,5,4.0
SAE 1008,Noviembre,7,35027052.0,4.4,118,4.4,4.41,4.4,7,5,5.0
SAE 1008,Noviembre,7,35027053.0,4.4,124,4.39,4.4,4.41,7,5,4.0
SAE 1008,Noviembre,7,35027054.0,4.4,125,4.39,4.41,4.4,5,4,4.0
SAE 1008,Noviembre,7,35027055.0,4.4,120,4.41,4.4,4.39,5,4,4.0
SAE 1008,Noviembre,7,35027056.0,4.4,124,4.4,4.42,4.4,5,3,4.0
SAE 1008,Noviembre,7,35027057.0,4.4,123,4.42,4.4,4.41,5,3,4.0
SAE 1008,Noviembre,7,35027058.0,4.4,125,4.41,4.41,4.41,4,3,4.0
SAE 1008,Noviembre,7,35027086.0,4.4,114,4.4,4.41,4.4,5,5,5.0
SAE 1008,Noviembre,7,35027087.0,4.4,122,4.39,4.41,4.4,5,4,5.0
SAE 1008,Noviembre,7,35027088.0,4.4,118,4.41,4.4,4.41,5,4,5.0
SAE 1022,Noviembre,8,35027066.0,5.13,89,5.13,5.14,5.14,11,13,11.0
SAE 1022,Noviembre,8,35027067.0,5.13,108,5.14,5.14,5.13,7,10,7.0
SAE 1022,Noviembre,8,35027068.0,5.13,102,5.14,5.14,5.13,7,10,6.0
SAE 1022,Noviembre,8,35027069.0,5.13,105,5.14,5.14,5.13,12,12,7.0
SAE 1022,Noviembre,8,35027070.0,5.13,107,5.14,5.14,5.13,6,12,7.0
SAE 1022,Noviembre,8,35027071.0,5.13,102,5.13,5.14,5.14,8,12,7.0
SAE 1022,Noviembre,8,35027072.0,5.13,111,5.13,,5.14,3,,6.0
SAE 1022,Noviembre,8,35027073.0,5.13,111,5.13,,5.14,4,,6.0
SAE 1022,Noviembre,8,35027074.0,5.13,92,5.13,,5.14,4,,6.0
SAE 1022,Noviembre,11,35027075.0,5.13,104,5.14,5.13,5.13,13,13,10.0
SAE 1022,Noviembre,11,35027076.0,5.13,98,5.13,5.14,5.14,13,12,7.0
SAE 1022,Noviembre,11,35027077.0,5.13,100,5.13,5.14,5.14,13,10,7.0
SAE 1022,Noviembre,11,35027078.0,5.13,97,,5.14,5.14,,10,6.0
SAE 1022,Noviembre,11,35027079.0,5.13,109,,5.13,5.14,,9,6.0
SAE 1022,Noviembre,11,35027080.0,5.13,97,5.13,5.14,5.13,12,6,4.0
SAE 1022,Noviembre,11,35027081.0,5.13,108,5.13,5.14,5.13,10,10,6.0
SAE 1022,Noviembre,11,35027082.0,5.13,102,5.13,5.14,5.13,7,6,4.0
SAE 1022,Noviembre,11,35027083.0,5.13,104,5.13,5.14,5.13,7,7,5.0
SAE 1022,Noviembre,11,35027084.0,5.13,99,5.13,5.14,5.13,4,4,4.0
SAE 1022,Noviembre,11,35027085.0,5.13,104,5.13,5.14,5.13,4,4,3.0
SAE 1011,Noviembre,12,35027092.0,4.4,121,4.41,4.4,4.41,7,7,5.0
SAE 1011,Noviembre,12,35027106.0,4.4,117,4.4,4.41,4.4,7,4,4.0
SAE 1006,Noviembre,12,35027107.0,4.4,117,4.41,4.4,4.41,7,5,5.0
SAE 1006,Noviembre,12,35027108.0,4.4,113,4.4,4.41,4.41,6,5,5.0
SAE 1008,Noviembre,12,35027109.0,4.4,128,4.4,4.41,4.41,6,6,5.0
SAE 1006,Noviembre,12,35027110.0,4.4,120,4.4,4.41,4.41,5,5,3.0
SAE 1006,Noviembre,12,35027111.0,4.4,119,4.4,4.41,4.41,4,5,3.0
SAE 1006,Noviembre,12,35027112.0,4.4,120,4.4,4.41,4.41,5,4,4.0
SAE 1006,Noviembre,12,35027113.0,4.4,121,4.4,4.41,4.41,5,4,3.0
SAE 1006,Noviembre,12,35027114.0,4.4,119,4.4,4.4,4.4,5,5,4.0
SAE 1006,Noviembre,12,35027115.0,4.4,116,4.4,4.41,4.41,6,3,3.0
SAE 1006,Noviembre,12,35027116.0,4.4,122,4.4,4.41,4.41,5,3,3.0
SAE 1006,Noviembre,12,35027117.0,4.4,119,4.4,4.41,4.41,5,3,3.0
SAE 1011,Noviembre,13,35027093.0,4.4,114,4.41,4.4,4.39,6,6,3.0
SAE 1006,Noviembre,13,35027118.0,4.4,120,4.4,4.41,4.4,8,8,6.0
SAE 1006,Noviembre,13,35027119.0,4.4,122,4.41,4.4,4.4,8,5,4.0
SAE 1006,Noviembre,13,35027120.0,4.4,123,4.4,4.41,4.39,5,3,3.0
SAE 1006,Noviembre,13,35027121.0,4.4,124,4.4,4.41,4.41,5,3,3.0
SAE 1006,Noviembre,13,35027122.0,4.4,115,4.4,4.41,4.41,5,5,4.0
SAE 1008,Noviembre,13,35027123.0,4.4,123,4.4,4.41,4.41,6,5,5.0
SAE 1022,Noviembre,13,35027124.0,5.13,99,5.14,5.14,5.13,5,4,4.0
SAE 1022,Noviembre,13,35027125.0,5.13,101,5.14,5.14,5.13,5,2,2.0
SAE 1022,Noviembre,13,35027094.0,5.13,105,5.14,5.14,5.13,5,3,3.0
SAE 1022,Noviembre,13,35027095.0,5.13,104,5.14,5.14,5.14,6,4,3.0
SAE 1022,Noviembre,13,35027096.0,5.13,108,5.14,5.14,5.14,6,4,4.0
SAE 1022,Noviembre,13,35027097.0,5.13,102,5.14,5.14,5.14,6,4,3.0
SAE 1022,Noviembre,13,35027098.0,5.13,101,5.14,5.14,5.14,5,5,4.0
SAE 1011,Noviembre,14,35027130.0,4.4,120,4.41,4.4,4.41,5,4,3.0
SAE 1011,Noviembre,14,35027126.0,4.4,132,4.4,4.41,4.39,5,4,4.0
SAE 1008,Noviembre,14,35027127.0,4.4,119,4.4,4.39,4.4,5,6,5.0
SAE 1008,Noviembre,14,35027128.0,4.4,121,4.41,4.4,4.39,6,4,4.0
SAE 1006,Noviembre,14,35027129.0,4.4,122,4.41,4.4,4.4,5,6,5.0
SAE 1006,Noviembre,14,35027132.0,4.4,114,4.41,4.4,4.4,5,5,6.0
SAE 1008,Noviembre,14,35027133.0,4.4,120,4.41,4.4,4.4,6,6,5.0
SAE 1022,Noviembre,19,35027099.0,5.13,90,5.13,5.14,5.14,10,12,6.0
SAE 1022,Noviembre,19,35027100.0,5.13,105,5.13,5.14,5.14,8,8,5.0
SAE 1022,Noviembre,19,35027101.0,5.13,103,5.13,5.14,5.14,8,5,4.0
SAE 1022,Noviembre,19,35027102.0,5.13,102,5.13,5.14,5.14,9,5,5.0
SAE 1022,Noviembre,19,35027103.0,5.13,106,5.12,5.13,5.14,6,6,5.0
SAE 1022,Noviembre,19,35027104.0,5.13,108,5.13,5.14,5.14,6,5,5.0
SAE 1022,Noviembre,19,35027105.0,5.13,105,5.14,5.13,5.14,3,3,3.0
SAE 1022,Noviembre,19,35027156.0,5.13,104,5.13,5.13,5.13,4,3,3.0
SAE 1022,Noviembre,19,35027157.0,5.13,101,5.14,5.12,5.14,6,3,3.0
SAE 1022,Noviembre,19,35027158.0,5.13,107,5.13,5.13,5.12,6,3,2.0
SAE 1022,Noviembre,19,35027159.0,5.13,106,5.13,5.14,5.14,6,2,2.0
SAE 1022,Noviembre,19,35027160.0,5.13,103,5.14,5.14,5.14,6,3,2.0
SAE 1022,Noviembre,19,35027161.0,5.13,116,5.14,5.14,5.13,6,3,3.0
SAE 1022,Noviembre,19,35027162.0,5.13,92,5.14,5.13,5.13,6,2,2.0
SAE 1022,Noviembre,20,35027163.0,5.13,107,5.14,5.14,5.13,9,10,8.0
SAE 1022,Noviembre,20,35027164.0,5.13,101,5.14,5.14,5.13,8,6,6.0
SAE 1022,Noviembre,20,35027165.0,5.13,102,5.14,5.14,5.13,4,4,3.0
SAE 1022,Noviembre,20,35027166.0,5.13,105,5.14,5.14,5.13,4,3,4.0
SAE 1022,Noviembre,20,35027167.0,5.13,107,5.14,5.14,5.13,4,3,4.0
SAE 1022,Noviembre,20,35027168.0,5.13,107,5.13,5.12,5.13,4,3,3.0
SAE 1022,Noviembre,20,35027169.0,5.13,107,5.14,5.13,5.14,2,5,4.0
SAE 1022,Noviembre,20,35027170.0,5.13,104,5.12,5.13,5.13,2,5,3.0
SAE 1022,Noviembre,20,35027171.0,5.13,106,5.13,5.14,5.13,2,5,3.0
SAE 1022,Noviembre,20,35027172.0,5.13,109,5.14,5.14,5.12,2,4,2.0
SAE 1022,Noviembre,20,35027173.0,5.13,111,5.13,5.13,5.14,2,4,3.0
SAE 1022,Noviembre,20,35027174.0,5.13,110,5.12,5.14,5.13,2,3,3.0
SAE 1022,Noviembre,20,35027175.0,5.13,109,5.14,5.13,5.12,3,3,3.0
SAE 1022,Noviembre,20,35027176.0,5.13,103,5.13,5.14,5.13,2,3,3.0
SAE 1022,Noviembre,21,35027177.0,5.13,103,5.14,5.13,5.13,2,3,3.0
SAE 1022,Noviembre,21,35027178.0,5.13,104,5.12,5.13,5.12,5,5,4.0
SAE 1022,Noviembre,21,35027179.0,5.13,107,5.13,5.13,5.12,3,4,4.0
SAE 1022,Noviembre,21,35027180.0,5.13,103,5.13,5.13,5.12,3,4,4.0
SAE 1022,Noviembre,21,35027181.0,5.13,104,5.13,5.13,5.12,3,4,4.0
SAE 1022,Noviembre,21,35027182.0,5.13,103,5.13,5.12,5.14,3,4,3.0
SAE 1022,Noviembre,21,35027183.0,5.13,104,5.14,5.12,5.13,3,4,3.0
SAE 1022,Noviembre,21,35027184.0,5.13,108,5.13,5.13,5.14,4,4,2.0
SAE 1022,Noviembre,21,35027185.0,5.13,103,5.14,5.13,5.14,2,6,2.0
SAE 1022,Noviembre,21,35027186.0,5.13,108,5.13,5.13,5.14,3,6,2.0
SAE 1022,Noviembre,21,35027187.0,5.13,107,5.13,5.14,5.14,3,10,3.0
SAE 1022,Noviembre,21,35027188.0,5.13,105,5.14,5.13,5.13,2,5,2.0
SAE 1022,Noviembre,21,35027189.0,5.13,104,5.14,5.13,5.14,3,3,2.0
SAE 1022,Noviembre,21,35027190.0,5.13,111,5.14,5.13,5.14,3,5,3.0
SAE 1022,Noviembre,21,35027191.0,5.13,96,5.14,5.13,5.14,3,5,3.0
SAE 1022,Noviembre,22,35027192.0,5.13,95,5.14,5.13,5.14,7,10,6.0
SAE 1022,Noviembre,22,35027193.0,5.13,104,5.14,5.13,5.14,2,9,4.0
SAE 1022,Noviembre,22,35027194.0,5.13,106,5.13,5.14,5.14,2,6,2.0
SAE 1022,Noviembre,22,35027195.0,5.13,105,5.13,5.14,5.14,2,5,2.0
SAE 1022,Noviembre,22,35027196.0,5.13,104,5.13,5.14,5.14,2,5,3.0
SAE 1022,Noviembre,22,35027197.0,5.13,108,5.14,5.13,5.14,3,5,3.0
SAE 1022,Noviembre,22,35027198.0,5.13,109,5.14,5.13,5.14,3,5,3.0
SAE 1022,Noviembre,22,35027199.0,5.13,107,5.14,5.14,5.13,2,6,3.0
SAE 1022,Noviembre,22,35027200.0,5.13,114,5.13,,5.13,3,,3.0
SAE 1022,Noviembre,22,35027201.0,5.13,96,5.13,,5.14,3,,4.0
SAE 1022,Noviembre,25,35027202.0,5.13,105,5.13,5.14,5.12,3,4,6.0
SAE 1022,Noviembre,25,35027203.0,5.13,98,5.13,5.13,5.13,4,8,5.0
SAE 1022,Noviembre,25,35027204.0,5.13,105,5.13,5.13,5.14,6,13,5.0
SAE 1022,Noviembre,25,35027205.0,5.13,105,5.14,5.14,5.12,4,6,4.0
SAE 1022,Noviembre,25,35027206.0,5.13,106,5.13,5.14,5.13,2,4,4.0
SAE 1022,Noviembre,25,35027207.0,5.13,106,5.12,5.13,5.14,3,4,4.0
SAE 1022,Noviembre,25,35027208.0,5.13,112,5.14,5.14,5.14,4,5,4.0
SAE 1022,Noviembre,25,35027209.0,5.13,104,5.13,5.13,5.14,3,3,4.0
SAE 1022,Noviembre,25,35027210.0,5.13,109,5.13,5.13,5.14,3,3,3.0
SAE 1022,Noviembre,25,35027211.0,5.13,95,5.13,5.13,5.14,3,4,3.0
SAE 1022,Noviembre,25,35027212.0,5.13,112,5.13,5.13,5.14,3,3,4.0
SAE 1022,Noviembre,25,35027213.0,5.13,104,5.13,5.13,5.14,3,3,4.0
SAE 1022,Noviembre,25,35027214.0,5.13,103,5.13,5.13,5.14,3,3,3.0
SAE 1022,Noviembre,26,35027215.0,5.13,101,5.13,5.14,5.14,3,10,3.0
SAE 1022,Noviembre,26,35027216.0,5.13,110,5.13,5.13,5.12,2,6,3.0
SAE 1022,Noviembre,26,35027217.0,5.13,101,5.13,5.13,5.12,2,5,3.0
SAE 1022,Noviembre,26,35027218.0,5.13,105,5.14,5.14,5.14,2,6,4.0
SAE 1022,Noviembre,26,35027219.0,5.13,113,5.13,5.12,5.13,3,6,3.0
SAE 1022,Noviembre,26,35027220.0,5.13,95,5.13,5.14,5.13,3,5,3.0
SAE 1022,Noviembre,26,35027221.0,5.13,95,5.13,5.14,5.14,4,5,4.0
SAE 1022,Noviembre,27,35027222.0,5.13,108,5.13,5.12,5.13,4,8,7.0
SAE 1022,Noviembre,27,35027223.0,5.13,100,5.14,5.14,5.13,3,6,3.0
SAE 1022,Noviembre,27,35027224.0,5.13,104,5.13,5.14,5.14,2,6,3.0
SAE 1022,Noviembre,27,35027225.0,5.13,104,5.12,5.13,5.13,1,6,3.0
SAE 1022,Noviembre,27,35027226.0,5.13,108,5.13,5.14,5.12,1,5,4.0
SAE 1022,Noviembre,27,35027227.0,5.13,106,5.13,5.12,5.13,2,5,3.0
SAE 1022,Noviembre,27,35027228.0,5.13,109,5.14,5.14,5.14,3,6,3.0
SAE 1022,Noviembre,27,35027229.0,5.13,103,5.14,5.15,5.14,2,4,3.0
SAE 1022,Noviembre,27,35027230.0,5.13,103,5.14,5.15,5.14,3,3,3.0
SAE 1022,Noviembre,27,35027231.0,5.13,104,5.14,5.15,5.14,2,3,3.0
SAE 1022,Noviembre,27,35027232.0,5.13,111,5.14,5.14,5.14,3,2,3.0
SAE 1022,Noviembre,27,35027233.0,5.13,95,5.14,5.14,5.14,3,3,3.0
SAE 1022,Noviembre,27,35027234.0,5.13,101,5.14,5.13,5.14,3,2,3.0
SAE 1022,Noviembre,27,35027235.0,5.13,105,5.14,5.13,5.14,2,3,3.0
SAE 1022,Noviembre,27,35027236.0,5.13,99,5.14,5.13,5.14,3,3,3.0
SAE 1022,Noviembre,28,35027237.0,5.13,105,5.13,5.14,5.13,3,8,4.0
SAE 1022,Noviembre,28,35027238.0,5.13,104,5.12,5.13,5.13,3,6,4.0
SAE 1022,Noviembre,28,35027239.0,5.13,107,5.14,5.14,5.14,2,4,3.0
SAE 1022,Noviembre,28,35027240.0,5.13,104,5.14,5.14,5.14,3,4,2.0
SAE 1022,Noviembre,28,35027241.0,5.13,101,5.14,5.14,5.14,3,3,2.0
SAE 1022,Noviembre,28,35027242.0,5.13,105,5.14,5.13,5.14,2,2,3.0
SAE 1022,Noviembre,28,35027243.0,5.13,111,5.14,5.13,5.14,2,2,3.0
SAE 1022,Noviembre,28,35027244.0,5.13,105,5.14,5.14,5.14,4,3,3.0
SAE 1022,Noviembre,28,35027245.0,5.13,100,5.14,5.14,5.14,4,3,3.0
SAE 1022,Noviembre,28,35027246.0,5.13,105,5.14,5.13,5.13,3,3,3.0
SAE 1022,Noviembre,28,35027247.0,5.13,103,5.14,5.13,5.13,3,4,3.0
SAE 1022,Noviembre,28,35027248.0,5.13,101,5.14,5.13,5.13,3,4,3.0
SAE 1022,Noviembre,29,35027249.0,5.13,102,5.13,5.14,5.14,3,9,7.0
SAE 1022,Noviembre,29,35027250.0,5.13,106,5.13,5.14,5.14,2,7,4.0
SAE 1022,Noviembre,29,35027251.0,5.13,108,5.12,5.13,5.13,3,7,3.0
SAE 1022,Noviembre,29,35027254.0,5.13,105,5.13,5.14,5.13,3,6,3.0
SAE 1022,Noviembre,29,35027255.0,5.13,107,5.12,5.13,5.14,2,5,3.0
SAE 1022,Noviembre,29,35027256.0,5.13,106,5.13,5.14,5.14,3,4,3.0
SAE 1022,Noviembre,29,35027257.0,5.13,106,5.13,5.14,5.14,3,3,3.0
SAE 1022,Noviembre,29,35027258.0,5.13,104,5.13,5.14,5.14,3,4,3.0
SAE 1022,Noviembre,29,35027259.0,5.13,106,5.13,5.13,5.14,2,4,3.0
SAE 1022,Noviembre,29,35027260.0,5.13,116,5.13,5.13,5.14,3,4,4.0
SAE 1022,Diciembre,29,35027261.0,5.13,100,5.13,,5.14,3,,3.0
SAE 1022,Diciembre,2,35027262.0,5.13,96,5.13,5.15,5.13,5,12,7.0
SAE 1022,Diciembre,2,35027278.0,5.13,104,5.13,5.15,5.13,2,8,3.0
SAE 1022,Diciembre,2,35027279.0,5.13,103,5.13,5.14,5.13,2,6,3.0
SAE 1022,Diciembre,2,35027280.0,5.13,104,5.13,5.14,5.14,2,6,3.0
SAE 1022,Diciembre,2,35027281.0,5.13,103,5.13,5.14,5.14,3,6,3.0
SAE 1022,Diciembre,2,35027282.0,5.13,108,5.13,5.14,5.14,2,6,2.0
SAE 1022,Diciembre,2,35027283.0,5.13,100,5.13,5.14,5.14,2,5,2.0
SAE 1022,Diciembre,2,35027284.0,5.13,104,5.14,5.13,5.14,3,5,3.0
SAE 1022,Diciembre,2,35027285.0,5.13,107,5.14,5.13,5.14,2,3,2.0
SAE 1022,Diciembre,2,35027286.0,5.13,109,5.14,5.13,5.14,3,3,3.0
SAE 1022,Diciembre,2,35027287.0,5.13,98,5.14,5.13,5.14,2,3,2.0
SAE 1022,Diciembre,2,35027288.0,5.13,109,5.14,5.13,5.14,3,3,3.0
SAE 1022,Diciembre,2,35027289.0,5.13,108,5.14,5.13,5.14,3,3,3.0
SAE 1022,Diciembre,2,35027290.0,5.13,102,5.14,5.13,5.14,3,3,3.0
SAE 1022,Diciembre,3,35027291.0,5.13,99,5.13,5.14,5.14,4,4,5.0
SAE 1022,Diciembre,3,35027292.0,5.13,104,5.13,5.14,5.14,3,5,3.0
SAE 1022,Diciembre,3,35027293.0,5.13,105,5.13,5.14,5.14,2,5,3.0
SAE 1022,Diciembre,3,35027294.0,5.13,112,5.13,5.14,5.14,2,3,2.0
SAE 1022,Diciembre,3,35027295.0,5.13,114,5.13,5.14,5.14,2,4,3.0
SAE 1022,Diciembre,3,35027296.0,5.13,101,5.13,5.14,5.14,3,4,2.0
SAE 1022,Diciembre,3,35027297.0,5.13,109,5.13,5.14,5.14,3,3,3.0
SAE 1523,Diciembre,3,35027298.0,5.13,105,5.13,5.14,5.14,3,5,3.0
SAE 1523,Diciembre,4,35027315.0,4.4,119,4.41,4.42,4.41,2,3,3.0
SAE 1523,Diciembre,4,35027316.0,4.4,124,4.41,4.42,4.41,2,4,2.0
SAE 1523,Diciembre,4,35027317.0,4.4,123,4.41,4.41,4.41,2,4,2.0
SAE 1523,Diciembre,4,35027318.0,4.4,133,4.41,4.41,4.41,2,3,2.0
SAE 1523,Diciembre,4,35027319.0,4.4,122,4.41,4.4,4.4,2,3,3.0
SAE 1523,Diciembre,4,35027320.0,4.4,131,4.41,4.4,4.4,3,2,3.0
SAE 1523,Diciembre,4,35027321.0,4.4,120,4.41,4.4,4.4,2,3,2.0
SAE 1523,Diciembre,4,35027322.0,4.4,121,4.41,4.4,4.4,2,3,3.0
SAE 1523,Diciembre,4,35027323.0,4.4,111,4.41,4.4,4.4,3,2,3.0
SAE 1523,Diciembre,4,35027324.0,4.4,136,4.41,4.4,4.4,8,7,7.0
SAE 1523,Diciembre,4,35027325.0,4.4,91,4.41,4.4,4.4,3,5,3.0
SAE 1011,Diciembre,5,35027331.0,4.4,104,4.4,4.41,4.41,4,3,7.0
SAE 1011,Diciembre,5,35027333.0,4.4,120,4.4,4.41,4.41,2,2,6.0
SAE 1008,Diciembre,5,35027334.0,4.4,113,4.4,4.41,4.41,4,4,5.0
SAE 1008,Diciembre,5,35027335.0,4.4,122,4.4,4.41,4.4,3,4,5.0
SAE 1008,Diciembre,5,35027336.0,4.4,126,4.4,4.41,4.41,2,3,5.0
SAE 1008,Diciembre,5,35027337.0,4.4,126,4.4,4.41,4.41,2,5,3.0
SAE 1008,Diciembre,5,35027338.0,4.4,121,4.4,4.41,4.41,2,5,3.0
SAE 1008,Diciembre,5,35027339.0,4.4,121,4.4,4.41,4.4,3,5,3.0
SAE 1008,Diciembre,5,35027340.0,4.4,123,4.41,4.41,4.4,2,5,3.0
SAE 1008,Diciembre,5,35027341.0,4.4,124,4.41,4.41,4.4,2,3,3.0
SAE 1008,Diciembre,5,35027342.0,4.4,125,4.41,4.41,4.4,3,5,3.0
SAE 1008,Diciembre,5,35027343.0,4.4,119,4.41,4.41,4.4,3,5,3.0
SAE 1011,Diciembre,6,35027332.0,4.4,30,4.4,4.41,4.41,3,6,6.0
SAE 1011,Diciembre,6,35027344.0,4.4,135,4.4,4.41,4.41,3,6,6.0
SAE 1008,Diciembre,6,35027345.0,4.4,126,4.41,4.41,4.41,2,5,6.0
SAE 1006,Diciembre,6,35027348.0,4.4,122,4.4,4.41,4.41,3,5,3.0
SAE 1006,Diciembre,6,35027349.0,4.4,120,4.4,4.41,4.41,3,5,4.0
SAE 1006,Diciembre,6,35027350.0,4.4,118,4.4,4.41,,2,4,
SAE 1006,Diciembre,6,35027351.0,4.4,116,4.4,4.41,,2,4,
SAE 1022,Diciembre,9,35027374.0,5.13,101,5.14,5.13,5.14,10,10,14.0
SAE 1022,Diciembre,9,35027375.0,5.13,102,5.14,5.14,5.14,9,8,12.0
SAE 1022,Diciembre,9,35027376.0,5.13,101,5.13,5.14,5.14,4,6,8.0
SAE 1022,Diciembre,9,35027377.0,5.13,104,5.13,5.14,5.14,2,5,8.0
SAE 1022,Diciembre,9,35027378.0,5.13,106,5.13,5.14,5.13,4,6,10.0
SAE 1022,Diciembre,9,35027379.0,5.13,104,5.13,5.14,5.14,7,12,12.0
SAE 1022,Diciembre,9,35027380.0,5.13,106,5.13,5.14,5.14,4,4,6.0
SAE 1022,Diciembre,9,35027381.0,5.13,106,5.13,5.14,5.14,2,4,6.0
SAE 1022,Diciembre,9,35027382.0,5.13,105,5.13,5.14,5.14,2,4,6.0
SAE 1022,Diciembre,9,35027383.0,5.13,111,5.13,,5.13,2,,2.0
SAE 1022,Diciembre,9,35027384.0,5.13,97,5.13,5.14,5.14,4,8,5.0
SAE 1022,Diciembre,9,35027385.0,5.13,102,5.13,5.14,5.14,4,7,5.0
SAE 1022,Diciembre,10,35027386.0,5.13,103,5.13,5.13,5.14,4,8,10.0
SAE 1022,Diciembre,10,35027387.0,5.13,103,5.13,5.13,5.14,3,5,8.0
SAE 1022,Diciembre,10,35027388.0,5.13,95,5.13,5.13,5.14,3,6,6.0
SAE 1022,Diciembre,10,35027389.0,5.13,102,5.13,5.13,5.13,2,4,4.0
SAE 1022,Diciembre,10,35027390.0,5.13,108,5.13,5.13,5.14,2,3,4.0
SAE 1022,Diciembre,10,35027391.0,5.13,104,5.13,5.13,5.14,2,3,2.0
SAE 1022,Diciembre,10,35027392.0,5.13,106,5.13,5.14,5.14,2,2,2.0
SAE 1022,Diciembre,10,35027393.0,5.13,102,5.14,5.14,5.14,2,2,2.0
SAE 1022,Diciembre,10,35027394.0,5.13,104,5.14,5.14,5.14,3,2,2.0
SAE 1022,Diciembre,10,35027395.0,5.13,99,5.14,,5.14,3,,3.0
SAE 1022,Diciembre,10,35027396.0,5.13,104,5.14,5.14,5.14,3,8,3.0
SAE 1022,Diciembre,10,35027397.0,5.13,97,5.14,5.14,5.14,3,7,2.0
SAE 1022,Diciembre,11,35027398.0,5.13,101,5.13,5.14,5.14,3,12,4.0
SAE 1022,Diciembre,11,35027399.0,5.13,104,5.13,5.14,5.14,3,9,4.0
SAE 1022,Diciembre,11,35027400.0,5.13,103,5.13,5.14,5.14,3,7,4.0
SAE 1022,Diciembre,11,35027401.0,5.13,110,5.13,5.14,5.14,3,5,3.0
SAE 1022,Diciembre,11,35027402.0,5.13,106,5.13,5.14,5.14,2,3,2.0
SAE 1022,Diciembre,11,35027403.0,5.13,108,5.13,5.14,5.14,2,3,2.0
SAE 1022,Diciembre,11,35027404.0,5.13,100,5.13,5.14,5.14,2,3,3.0
SAE 1022,Diciembre,11,35027405.0,5.13,103,5.13,5.14,5.14,2,2,3.0
SAE 1022,Diciembre,11,35027406.0,5.13,106,5.14,5.14,,3,3,
SAE 1022,Diciembre,11,35027407.0,5.13,104,5.14,5.14,,2,2,
SAE 1011,Enero,13,35027408.0,4.4,124,4.4,4.41,4.41,2,4,4.0
SAE 1011,Enero,13,35027409.0,4.4,118,4.41,4.4,4.4,2,4,3.0
SAE 1011,Enero,13,35027410.0,4.4,112,4.39,4.41,4.4,1,3,3.0
SAE 1523,Enero,14,35027413.0,4.4,120,4.4,4.39,4.4,6,6,10.0
SAE 1523,Enero,14,35027414.0,4.4,119,4.41,4.4,4.4,4,4,8.0
SAE 1523,Enero,14,35027415.0,4.4,120,4.4,4.41,4.41,3,10,10.0
SAE 1523,Enero,14,35027416.0,4.4,126,4.41,4.39,4.4,2,4,10.0
SAE 1523,Enero,14,35027417.0,4.4,119,4.41,4.4,4.41,4,4,9.0
SAE 1523,Enero,14,35027418.0,4.4,124,4.4,4.41,4.4,4,5,12.0
SAE 1523,Enero,14,35027419.0,4.4,124,4.4,4.39,4.4,2,4,10.0
SAE 1523,Enero,14,35027420.0,4.4,123,4.41,4.39,4.4,2,3,9.0
SAE 1523,Enero,14,35027421.0,4.4,109,4.39,4.41,4.4,2,3,9.0
SAE 1523,Enero,14,35027422.0,4.4,119,4.41,4.4,4.39,2,4,8.0
SAE 1022,Enero,15,35027428.0,5.13,102,5.13,5.12,5.12,6,8,12.0
SAE 1022,Enero,15,35027429.0,5.13,107,5.13,5.12,5.13,4,6,12.0
SAE 1022,Enero,15,35027430.0,5.13,100,5.13,5.13,,3,5,
SAE 1022,Enero,15,35027431.0,5.13,108,5.13,5.13,,4,4,
SAE 1022,Enero,15,35027432.0,5.13,107,5.12,5.13,,3,4,
SAE 1022,Enero,15,35027433.0,5.13,109,5.13,5.14,,2,5,
SAE 1022,Enero,15,35027434.0,5.13,104,5.13,5.13,,2,4,
SAE 1022,Enero,15,35027435.0,5.13,100,5.12,5.14,,4,6,
SAE 1022,Enero,15,35027436.0,5.13,109,5.13,5.14,,3,5,
SAE 1022,Enero,15,35027437.0,5.13,102,5.13,5.13,5.14,3,6,
SAE 1022,Enero,15,35027438.0,5.13,101,5.14,5.13,5.13,3,6,14.0
SAE 1022,Enero,15,35027439.0,5.13,107,5.14,5.13,,,8,12.0
SAE 1022,Enero,16,35027440.0,5.13,96,5.14,5.13,,10,6,12.0
SAE 1022,Enero,16,35027441.0,5.13,103,5.13,5.14,5.13,10,10,12.0
SAE 1022,Enero,16,35027442.0,5.13,106,5.13,5.14,5.13,5,6,12.0
SAE 1022,Enero,16,35027443.0,5.13,102,5.13,5.14,,3,6,
SAE 1022,Enero,16,35027444.0,5.13,101,5.13,5.14,,3,6,
SAE 1022,Enero,16,35027445.0,5.13,105,5.13,5.14,,3,5,
SAE 1022,Enero,16,35027446.0,5.13,108,5.14,5.14,,3,6,
SAE 1022,Enero,16,35027447.0,5.13,99,5.13,5.14,,3,6,
SAE 1022,Enero,16,35027448.0,5.13,112,5.13,5.14,,2,4,
SAE 1022,Enero,16,35027449.0,5.13,100,5.14,5.13,,3,3,
SAE 1022,Enero,16,35027450.0,5.13,105,5.13,5.13,,2,3,
SAE 1022,Enero,16,35027451.0,5.13,104,5.13,5.14,,3,3,
SAE 1022,Enero,16,67404.15,5.13,102,5.13,5.14,,3,4,
SAE 1022,Enero,16,64680.75,5.13,110,5.13,5.14,,3,4,
SAE 1022,Enero,16,35027454.0,5.13,101,5.14,5.14,5.14,5,8,12.0
SAE 1022,Enero,17,35027455.0,5.13,99,5.14,5.12,5.12,5,6,12.0
SAE 1022,Enero,17,35027456.0,5.13,104,5.14,5.13,,5,6,
SAE 1022,Enero,17,35027457.0,5.13,103,5.14,5.13,,4,4,
SAE 1022,Enero,17,35027458.0,5.13,105,5.14,5.13,,4,4,
SAE 1022,Enero,17,35027459.0,5.13,108,5.13,5.12,,4,6,
SAE 1022,Enero,17,35027460.0,5.13,103,5.12,5.14,,2,6,
SAE 1022,Enero,17,35027461.0,5.13,106,5.13,5.14,,4,6,
SAE 1022,Enero,17,35027462.0,5.13,102,5.14,5.13,,3,10,
SAE 1022,Enero,17,35027463.0,5.13,109,5.13,5.14,,3,10,
SAE 1022,Enero,17,35027464.0,5.13,104,5.12,5.13,,4,13,
SAE 1022,Enero,17,35027465.0,5.13,108,5.13,5.14,,3,9,
SAE 1022,Enero,17,35027466.0,5.13,101,5.13,5.14,,3,8,
SAE 1011,Enero,20,35027501.0,4.4,118,4.41,4.4,4.4,4,4,4.0
SAE 1011,Enero,20,35027502.0,4.4,124,4.4,4.41,4.41,2,3,4.0
SAE 1011,Enero,20,35027503.0,4.4,119,4.39,4.4,4.41,2,3,3.0
SAE 1011,Enero,20,35027504.0,4.4,126,4.39,4.41,4.4,2,3,4.0
SAE 1011,Enero,20,35027505.0,4.4,119,4.4,4.4,4.4,2,3,3.0
SAE 1011,Enero,20,35027506.0,4.4,132,4.4,4.4,4.4,2,2,3.0
SAE 1011,Enero,20,35027507.0,4.4,113,4.4,4.41,4.41,3,2,3.0
SAE 1011,Enero,20,35027508.0,4.4,124,4.4,4.41,4.4,3,3,3.0
SAE 1011,Enero,20,35027509.0,4.4,119,4.4,4.41,4.4,2,2,3.0
SAE 1011,Enero,20,35027510.0,4.4,75,4.4,4.4,4.4,3,3,3.0
SAE 1011,Enero,20,35027511.0,4.4,116,4.41,4.42,4.42,3,4,4.0
SAE 1011,Enero,20,35027512.0,4.4,119,4.41,4.42,4.42,3,4,4.0
SAE 1011,Enero,20,35027513.0,4.4,118,4.41,4.42,4.42,4,4,4.0
SAE 1011,Enero,21,35027514.0,4.4,107,4.39,4.4,4.4,2,5,3.0
SAE 1011,Enero,21,35027515.0,4.4,123,4.42,4.4,4.41,2,3,3.0
SAE 1011,Enero,21,35027516.0,4.4,124,4.41,4.41,4.39,2,3,3.0
SAE 1011,Enero,21,35027517.0,4.4,118,4.41,4.39,4.42,3,3,3.0
SAE 1011,Enero,21,35027518.0,4.4,127,4.4,4.41,4.41,3,4,3.0
SAE 1011,Enero,21,35027519.0,4.4,117,4.4,4.41,4.41,3,3,3.0
SAE 1011,Enero,21,35027520.0,4.4,113,4.4,4.41,4.41,3,4,3.0
SAE 1022,Enero,21,35027467.0,5.13,99,5.13,5.14,5.14,4,5,10.0
SAE 1022,Enero,21,35027468.0,5.13,107,5.13,5.14,5.14,4,7,9.0
SAE 1022,Enero,21,35027469.0,5.13,101,5.13,5.14,5.14,5,7,10.0
SAE 1022,Enero,21,35027470.0,5.13,105,5.13,5.14,5.14,4,5,10.0
SAE 1022,Enero,21,35027471.0,5.13,106,5.13,5.14,5.14,4,4,10.0
SAE 1022,Enero,21,35027472.0,5.13,99,5.13,5.14,5.14,4,4,10.0
SAE 1022,Enero,22,35027473.0,5.13,104,5.14,5.13,5.12,4,6,10.0
SAE 1022,Enero,22,35027474.0,5.13,103,5.12,5.13,5.13,5,6,10.0
SAE 1022,Enero,22,35027475.0,5.13,104,5.13,5.14,5.13,2,4,8.0
SAE 1022,Enero,22,35027476.0,5.13,106,5.14,5.13,5.15,2,3,6.0
SAE 1022,Enero,22,35027477.0,5.13,105,5.13,5.14,5.13,3,3,6.0
SAE 1022,Enero,22,35027478.0,5.13,102,5.13,5.13,5.14,2,4,7.0
SAE 1022,Enero,22,35027479.0,5.13,108,5.13,5.14,5.13,2,3,7.0
SAE 1022,Enero,22,35027480.0,5.13,102,5.14,5.13,5.14,3,3,7.0
SAE 1022,Enero,22,35027481.0,5.13,104,5.14,5.14,5.14,3,3,6.0
SAE 1022,Enero,22,35027482.0,5.13,104,5.14,5.14,5.14,3,3,6.0
SAE 1022,Enero,22,35027483.0,5.13,106,5.14,5.14,5.14,2,4,7.0
SAE 1022,Enero,22,35027484.0,5.13,103,5.14,5.14,5.14,2,5,5.0
SAE 1022,Enero,22,35027485.0,5.13,102,5.14,5.14,5.14,5,5,3.0
SAE 1022,Enero,22,35027486.0,5.13,104,5.14,5.14,5.14,3,3,4.0
SAE 1022,Enero,22,35027487.0,5.13,103,5.14,5.14,5.14,2,3,3.0
SAE 1022,Enero,22,35027488.0,5.13,103,5.13,5.14,5.13,2,4,4.0
SAE 1022,Enero,23,35027489.0,5.13,99,5.12,5.13,5.14,4,8,9.0
SAE 1022,Enero,23,35027490.0,5.13,99,5.13,5.14,5.13,2,6,8.0
SAE 1022,Enero,23,35027491.0,5.13,104,5.13,5.14,5.13,2,4,7.0
SAE 1022,Enero,23,35027492.0,5.13,106,5.13,5.14,5.13,2,2,5.0
SAE 1022,Enero,23,35027493.0,5.13,103,5.14,5.12,5.13,2,2,3.0
SAE 1022,Enero,23,35027494.0,5.13,107,5.13,5.14,5.14,2,3,4.0
SAE 1022,Enero,23,35027495.0,5.13,106,5.13,5.14,5.14,2,4,3.0
SAE 1022,Enero,23,35027496.0,5.13,106,5.13,5.14,5.14,2,4,6.0
SAE 1022,Enero,23,35027497.0,5.13,107,5.13,5.13,5.14,2,3,3.0
SAE 1022,Enero,23,35027498.0,5.13,107,5.13,5.13,5.13,2,3,4.0
SAE 1022,Enero,23,35027499.0,5.13,109,5.13,5.13,5.13,2,4,4.0
SAE 1022,Enero,23,35027547.0,5.13,108,5.13,5.13,5.13,2,3,4.0
SAE 1022,Enero,23,35027548.0,5.13,110,5.13,5.13,5.13,2,3,3.0
SAE 1022,Enero,23,35027549.0,5.13,109,5.13,5.13,5.13,2,3,3.0
SAE 1022,Enero,23,35027550.0,5.13,92,5.13,5.13,5.13,2,4,4.0
SAE 1022,Enero,24,35027551.0,5.13,102,5.13,5.14,5.13,9,4,8.0
SAE 1022,Enero,24,35027552.0,5.13,106,5.12,5.13,5.14,9,4,8.0
SAE 1022,Enero,24,35027553.0,5.13,104,5.14,5.13,5.14,9,3,5.0
SAE 1022,Enero,24,35027554.0,5.13,102,5.13,5.13,5.12,9,3,5.0
SAE 1022,Enero,24,35027555.0,5.13,105,5.12,5.13,5.14,10,6,3.0
SAE 1022,Enero,24,35027556.0,5.13,103,5.14,5.12,5.13,10,6,3.0
SAE 1022,Enero,24,35027557.0,5.13,105,5.13,5.14,5.14,6,2,4.0
SAE 1022,Enero,24,35027558.0,5.13,99,5.13,5.14,5.14,8,4,4.0
SAE 1022,Enero,24,35027559.0,5.13,103,5.13,5.14,5.14,5,3,4.0
SAE 1022,Enero,24,35027560.0,5.13,107,5.13,5.14,5.14,4,3,3.0
SAE 1022,Enero,24,35027561.0,5.13,102,5.13,5.14,5.14,2,5,3.0
SAE 1022,Enero,24,35027562.0,5.13,106,5.13,5.14,5.14,3,4,3.0
SAE 1022,Enero,24,35027563.0,5.13,106,5.13,5.14,5.14,3,3,3.0
SAE 1022,Enero,24,35027564.0,5.13,107,5.13,5.14,,3,3,
SAE 1022,Enero,27,35027565.0,5.13,96,5.13,5.14,,4,3,
SAE 1022,Enero,27,35027566.0,5.13,82,5.14,5.14,5.14,10,8,6.0
SAE 1022,Enero,27,35027567.0,5.13,99,5.14,5.13,5.13,10,8,5.0
SAE 1022,Enero,27,35027568.0,5.13,105,5.14,5.13,5.13,10,8,5.0
SAE 1022,Enero,27,35027569.0,5.13,97,5.13,5.14,5.13,13,5,5.0
SAE 1022,Enero,27,35027570.0,5.13,106,5.14,5.15,5.12,12,5,5.0
SAE 1022,Enero,27,35027571.0,5.13,103,5.13,5.14,5.13,10,4,5.0
SAE 1022,Enero,27,35027572.0,5.13,109,,5.14,5.13,,4,5.0
SAE 1022,Enero,27,35027573.0,5.13,101,,5.14,5.13,,4,4.0
SAE 1022,Enero,27,35027574.0,5.13,109,,5.14,5.13,,5,3.0
SAE 1022,Enero,27,35027575.0,5.13,99,,5.14,5.13,,4,3.0
SAE 1022,Enero,27,35027576.0,5.13,105,,5.14,5.13,,4,3.0
SAE 1022,Enero,27,35027577.0,5.13,100,,5.14,5.13,,5,3.0
SAE 1011,Enero,28,35027521.0,4.4,115,4.4,4.41,4.41,9,5,3.0
SAE 1006,Enero,28,35027595.0,4.4,114,4.4,4.41,4.41,9,5,3.0
SAE 1006,Enero,28,35027596.0,4.4,114,4.4,4.41,4.41,9,3,3.0
SAE 1011,Enero,28,35027597.0,4.4,110,4.4,4.4,4.4,6,4,4.0
SAE 1006,Enero,28,35027598.0,4.4,118,4.41,4.41,4.39,6,4,3.0
SAE 1006,Enero,28,35027599.0,4.4,120,4.4,4.39,4.41,3,4,3.0
SAE 1006,Enero,28,35027600.0,4.4,121,4.4,4.4,4.41,4,6,4.0
SAE 1006,Enero,28,35027601.0,4.4,122,4.41,4.41,4.42,4,5,5.0
SAE 1006,Enero,28,35027602.0,4.4,15,4.41,4.41,4.42,4,5,5.0
SAE 1011,Enero,28,35027522.0,4.4,84,4.4,4.41,4.41,6,6,4.0
SAE 1011,Enero,28,35027603.0,4.4,129,4.4,4.41,4.4,5,5,3.0
SAE 1011,Enero,29,35027604.0,4.4,99,4.41,4.41,4.4,4,3,3.0
SAE 1022,Enero,29,35027578.0,5.13,105,5.13,5.12,5.13,4,7,12.0
SAE 1022,Enero,29,35027579.0,5.13,104,5.13,5.13,5.14,2,6,8.0
SAE 1022,Enero,29,35027580.0,5.13,104,5.13,5.13,5.14,2,5,7.0
SAE 1022,Enero,29,35027581.0,5.13,107,5.13,5.14,5.14,2,6,7.0
SAE 1022,Enero,29,35027582.0,5.13,106,5.13,5.14,5.14,2,6,6.0
SAE 1022,Enero,29,35027583.0,5.13,105,5.13,5.14,5.13,2,3,7.0
SAE 1022,Enero,29,35027584.0,5.13,106,5.14,5.13,5.12,2,3,7.0
SAE 1022,Enero,29,35027585.0,5.13,105,5.12,5.14,5.13,2,4,7.0
SAE 1022,Enero,29,35027586.0,5.13,109,5.13,5.14,5.14,2,3,6.0
SAE 1022,Enero,29,35027587.0,5.13,104,5.14,,5.12,2,,8.0
SAE 1022,Enero,29,35027588.0,5.13,100,5.13,,5.13,1,,8.0
SAE 1022,Enero,29,35027589.0,5.13,114,5.12,,5.14,2,,6.0
SAE 1022,Enero,29,35027590.0,5.13,105,5.13,5.13,5.13,2,8,6.0
SAE 1022,Enero,29,35027591.0,5.13,102,5.14,5.12,5.14,2,9,5.0
SAE 1022,Enero,30,35027592.0,5.13,106,5.13,5.13,5.14,8,10,10.0
SAE 1022,Enero,30,35027593.0,5.13,103,5.13,5.13,5.14,4,6,7.0
SAE 1022,Enero,30,35027294.0,5.13,107,5.13,5.13,5.14,2,2,5.0
SAE 1022,Enero,30,35027610.0,5.13,102,5.13,5.13,5.13,2,3,5.0
SAE 1022,Enero,30,35027611.0,5.13,108,5.13,5.13,5.13,2,6,8.0
SAE 1022,Enero,30,35027612.0,5.13,104,5.13,5.13,5.13,2,6,8.0
SAE 1022,Enero,30,35027613.0,5.13,106,5.13,5.14,5.13,2,6,7.0
SAE 1022,Enero,30,35027614.0,5.13,107,5.14,5.13,5.13,2,5,7.0
SAE 1022,Enero,30,35027615.0,5.13,107,5.13,5.14,5.13,2,5,5.0
SAE 1022,Enero,30,35027616.0,5.13,103,5.13,5.14,5.14,2,4,5.0
SAE 1022,Enero,30,35027617.0,5.13,106,5.14,5.14,5.14,2,4,7.0
SAE 1022,Enero,30,35027618.0,5.13,108,5.14,5.13,5.14,2,4,6.0
SAE 1022,Enero,30,35027619.0,5.13,114,5.14,5.13,5.13,2,4,6.0
SAE 1022,Enero,30,35027620.0,5.13,102,5.14,5.13,5.13,2,6,6.0
SAE 1022,Enero,30,35027621.0,5.13,105,5.14,5.14,5.13,2,5,6.0
SAE 1022,Enero,30,35027622.0,5.13,100,,,,,,
SAE 1011,Enero,31,35027634.0,4.4,121,4.4,4.4,4.4,2,6,3.0
SAE 1011,Enero,31,35027635.0,4.4,123,4.4,4.4,4.4,2,5,3.0
SAE 1011,Enero,31,35027636.0,4.4,127,4.4,4.4,4.4,3,5,4.0
SAE 1011,Enero,31,35027637.0,4.4,124,4.4,4.4,4.4,2,5,3.0
SAE 1011,Enero,31,35027638.0,4.4,119,4.4,4.4,4.4,2,5,4.0
SAE 1011,Enero,31,35027639.0,4.4,129,4.4,4.4,4.4,2,5,3.0
SAE 1011,Enero,31,35027640.0,4.4,124,4.4,4.41,4.41,2,3,3.0
SAE 1011,Enero,31,35027641.0,4.4,120,4.4,4.41,4.41,2,3,3.0
SAE 1011,Enero,31,35027642.0,4.4,127,4.4,4.4,4.41,2,3,2.0
SAE 1011,Enero,31,35027643.0,4.4,125,4.41,4.4,4.4,2,4,3.0
SAE 1011,Enero,31,35027644.0,4.4,137,4.4,4.4,4.41,2,4,2.0
SAE 1011,Enero,31,35027645.0,4.4,104,4.41,4.41,4.41,2,3,2.0
SAE 1011,Enero,31,35027646.0,4.4,128,4.41,,4.4,2,,3.0
SAE 1011,Enero,31,35027647.0,4.4,119,4.4,,4.4,3,,3.0
SAE 1011,Febrero,3,35027648.0,4.4,116,4.4,4.42,4.41,2,6,5.0
SAE 1011,Febrero,3,35027651.0,4.4,123,4.41,4.42,4.4,2,4,7.0
SAE 1011,Febrero,3,35027652.0,4.4,124,4.4,4.41,4.41,3,5,6.0
SAE 1011,Febrero,3,35027653.0,4.4,128,4.41,4.4,4.41,3,5,5.0
SAE 1011,Febrero,3,35027654.0,4.4,119,4.42,4.41,4.4,2,5,6.0
SAE 1011,Febrero,3,35027655.0,4.4,124,4.4,4.4,4.4,2,4,4.0
SAE 1011,Febrero,3,35027656.0,4.4,116,4.4,4.4,4.4,3,4,4.0
SAE 1011,Febrero,3,35027657.0,4.4,122,4.4,4.4,4.41,2,3,3.0
SAE 1011,Febrero,3,35027658.0,4.4,136,4.4,4.4,4.41,2,3,3.0
SAE 1011,Febrero,3,35027659.0,4.4,108,4.4,4.4,4.41,2,4,3.0
SAE 1011,Febrero,3,35027660.0,4.4,119,4.4,4.4,4.41,2,3,2.0
SAE 1011,Febrero,3,35027661.0,4.4,123,4.4,4.41,4.4,2,3,3.0
SAE 1011,Febrero,3,35027662.0,4.4,119,4.4,4.41,4.4,2,3,3.0
SAE 1011,Febrero,3,35027663.0,4.4,118,4.4,4.4,4.4,2,2,3.0
SAE 1011,Febrero,4,35027664.0,4.4,115,4.4,4.41,,2,7,
SAE 1008,Febrero,4,35027669.0,4.4,115,4.41,4.4,,3,5,
SAE 1008,Febrero,4,35027670.0,4.4,117,4.4,4.4,,3,5,
SAE 1011,Febrero,4,35027671.0,4.4,117,4.4,4.4,4.4,3,5,6.0
SAE 1008,Febrero,4,35027672.0,4.4,111,4.4,4.4,4.4,2,5,5.0
SAE 1008,Febrero,4,35027673.0,4.4,121,4.4,4.41,4.41,2,5,5.0
SAE 1008,Febrero,4,35027674.0,4.4,117,4.4,4.41,4.41,2,5,5.0
SAE 1008,Febrero,4,35027675.0,4.4,120,4.4,4.4,4.41,2,4,5.0
SAE 1008,Febrero,4,35027676.0,4.4,116,4.4,4.4,4.4,2,4,4.0
SAE 1008,Febrero,4,35027677.0,4.4,116,4.4,4.4,4.4,3,4,5.0
SAE 1008,Febrero,4,35027678.0,4.4,118,4.4,4.4,4.4,3,4,4.0
SAE 1008,Febrero,4,35027679.0,4.4,114,4.4,4.4,4.4,3,4,4.0
SAE 1523,Febrero,5,35027685.0,4.4,119,4.41,4.4,4.41,5,9,14.0
SAE 1523,Febrero,5,35027686.0,4.4,118,4.4,4.4,4.41,2,4,8.0
SAE 1523,Febrero,5,35027687.0,4.4,124,4.41,4.4,4.39,2,4,5.0
SAE 1523,Febrero,5,35027688.0,4.4,120,4.4,4.41,4.4,2,4,4.0
SAE 1523,Febrero,5,35027689.0,4.4,123,4.39,4.4,4.41,2,3,4.0
SAE 1523,Febrero,5,35027690.0,4.4,125,4.4,4.41,4.4,2,3,5.0
SAE 1523,Febrero,5,35027691.0,4.4,127,4.4,4.41,4.4,3,3,5.0
SAE 1523,Febrero,5,35027692.0,4.4,115,4.4,4.41,4.4,2,3,3.0
SAE 1523,Febrero,5,35027693.0,4.4,118,4.4,4.41,4.4,2,3,3.0
SAE 1523,Febrero,5,35027694.0,4.4,113,4.4,4.4,4.4,5,5,6.0
SAE 1523,Febrero,5,35027695.0,4.4,117,4.4,4.4,4.4,3,2,3.0
SAE 1523,Febrero,6,35027696.0,4.4,124,4.4,4.41,4.4,3,10,14.0
SAE 1523,Febrero,6,35027697.0,4.4,119,4.41,4.4,4.41,3,5,7.0
SAE 1523,Febrero,6,35027698.0,4.4,122,4.4,4.41,4.4,3,3,5.0
SAE 1523,Febrero,6,35027699.0,4.4,123,4.4,4.4,4.4,2,3,3.0
SAE 1523,Febrero,6,35027700.0,4.4,123,4.4,4.41,4.4,2,3,4.0
SAE 1523,Febrero,6,35027701.0,4.4,117,4.4,4.41,4.4,2,3,4.0
SAE 1523,Febrero,6,35027702.0,4.4,23,4.4,4.41,4.4,3,3,4.0
SAE 1523,Febrero,6,35027703.0,4.4,145,4.4,4.39,4.39,10,7,12.0
SAE 1523,Febrero,6,35027704.0,4.4,87,4.4,4.4,4.4,6,5,6.0
SAE 1011,Febrero,7,35027705.0,4.4,112,4.41,4.4,4.41,5,3,5.0
SAE 1011,Febrero,7,35027721.0,4.4,121,4.4,4.4,4.41,3,3,5.0
SAE 1011,Febrero,7,35027722.0,4.4,122,4.41,4.4,,3,3,
SAE 1011,Febrero,7,35027723.0,4.4,122,4.4,4.41,,2,3,
SAE 1011,Febrero,7,35027724.0,4.4,122,4.41,4.4,4.4,2,2,3.0
SAE 1011,Febrero,7,35027725.0,4.4,113,4.41,4.41,4.4,2,2,4.0
SAE 1011,Febrero,7,35027726.0,4.4,111,4.41,4.41,,2,2,
SAE 1011,Febrero,7,35027727.0,4.4,121,4.41,4.41,,2,2,
SAE 1011,Febrero,10,35027728.0,4.4,107,4.4,4.39,4.41,3,5,6.0
SAE 1011,Febrero,10,35027729.0,4.4,119,4.4,4.4,4.41,3,4,6.0
SAE 1011,Febrero,10,35027730.0,4.4,121,4.4,4.4,4.41,3,3,5.0
SAE 1011,Febrero,10,35027731.0,4.4,113,4.4,4.4,4.41,3,3,5.0
SAE 1011,Febrero,10,35027732.0,4.4,120,4.4,4.39,4.4,3,3,5.0
SAE 1011,Febrero,10,35027733.0,4.4,130,4.41,4.4,4.41,3,3,4.0
SAE 1011,Febrero,10,35027734.0,4.4,113,4.41,4.39,4.41,2,3,3.0
SAE 1011,Febrero,10,35027735.0,4.4,123,4.4,4.41,4.39,2,3,2.0
SAE 1011,Febrero,10,35027736.0,4.4,125,4.4,4.41,4.4,2,2,3.0
SAE 1011,Febrero,10,35027737.0,4.4,119,4.4,4.39,4.41,2,2,3.0
SAE 1011,Febrero,10,35027738.0,4.4,111,,4.41,4.41,,2,3.0
SAE 1011,Febrero,10,35027739.0,4.4,125,,4.4,4.4,,3,4.0
SAE 1011,Febrero,11,35027740.0,4.4,122,,4.39,4.39,,2,3.0
SAE 1022,Febrero,11,35027745.0,5.13,103,5.13,5.14,5.13,10,10,10.0
SAE 1022,Febrero,11,35027746.0,5.13,94,5.13,5.14,5.13,4,8,7.0
SAE 1022,Febrero,11,35027747.0,5.13,100,5.12,5.13,5.14,10,10,12.0
SAE 1022,Febrero,11,35027748.0,5.13,100,5.14,5.14,5.12,9,10,12.0
SAE 1022,Febrero,11,35027749.0,5.13,109,5.13,5.14,5.13,6,7,10.0
SAE 1022,Febrero,11,35027750.0,5.13,95,5.12,5.13,,2,3,
SAE 1022,Febrero,11,35027751.0,5.13,104,5.13,5.14,5.13,9,10,10.0
SAE 1022,Febrero,11,35027752.0,5.13,97,5.13,5.14,5.13,8,8,10.0
SAE 1022,Febrero,11,35027753.0,5.13,104,5.13,5.14,5.14,7,5,9.0
SAE 1022,Febrero,11,35027754.0,5.13,106,5.13,5.14,5.14,6,6,9.0
SAE 1022,Febrero,11,35027755.0,5.13,105,5.14,5.13,5.14,6,5,9.0
SAE 1022,Febrero,12,35027756.0,5.13,101,5.14,5.13,5.14,6,5,9.0
SAE 1022,Febrero,12,35027757.0,5.13,98,5.12,5.12,5.13,10,10,8.0
SAE 1022,Febrero,12,35027758.0,5.13,103,5.12,5.13,5.13,5,8,7.0
SAE 1022,Febrero,12,35027759.0,5.13,107,5.12,5.13,5.13,3,6,6.0
SAE 1022,Febrero,12,35027760.0,5.13,103,5.12,5.13,5.13,3,5,6.0
SAE 1022,Febrero,12,35027761.0,5.13,105,5.12,5.13,5.13,8,3,10.0
SAE 1022,Febrero,12,35027762.0,5.13,102,5.13,5.13,5.14,3,3,5.0
SAE 1022,Febrero,12,35027763.0,5.13,109,5.14,5.12,5.13,3,2,10.0
SAE 1022,Febrero,12,35027764.0,5.13,104,5.13,5.14,5.13,3,2,10.0
SAE 1022,Febrero,12,35027765.0,5.13,105,5.13,5.14,5.12,3,3,10.0
SAE 1022,Febrero,12,35027766.0,5.13,108,5.13,5.13,5.13,3,2,10.0
SAE 1022,Febrero,12,35027767.0,5.13,106,5.12,5.13,5.14,3,3,10.0
SAE 1022,Febrero,12,35027768.0,5.13,112,5.13,5.12,5.14,2,3,10.0
SAE 1022,Febrero,12,35027769.0,5.13,105,5.13,5.14,5.13,2,2,10.0
SAE 1022,Febrero,12,35027770.0,5.13,104,5.13,5.13,5.12,5,3,10.0
SAE 1022,Febrero,13,35027771.0,5.13,102,5.13,5.14,5.13,5,4,10.0
SAE 1022,Febrero,13,35027772.0,5.13,99,5.13,5.14,5.14,9,9,7.0
SAE 1022,Febrero,13,35027773.0,5.13,99,5.13,,5.14,9,,5.0
SAE 1022,Febrero,13,35027774.0,5.13,104,5.13,,5.14,7,,4.0
SAE 1022,Febrero,13,35027775.0,5.13,105,5.13,,5.14,5,,4.0
SAE 1022,Febrero,13,35027776.0,5.13,104,5.13,5.13,5.13,3,6,3.0
SAE 1022,Febrero,13,35027777.0,5.13,106,5.13,5.14,5.13,3,6,4.0
SAE 1022,Febrero,13,35027778.0,5.13,102,5.13,5.14,5.13,3,6,3.0
SAE 1022,Febrero,13,35027779.0,5.13,106,5.13,5.14,5.13,3,4,3.0
SAE 1022,Febrero,13,35027780.0,5.13,109,5.13,5.13,5.13,3,5,3.0
SAE 1022,Febrero,13,35027781.0,5.13,117,5.13,5.14,5.13,3,5,5.0
SAE 1022,Febrero,13,35027782.0,5.13,95,5.14,5.13,5.14,3,5,5.0
SAE 1022,Febrero,13,35027783.0,5.13,107,5.14,5.14,5.14,2,4,3.0
,Febrero,13,35027784.0,5.13,103,5.13,5.14,5.13,2,3,3.0
SAE 1022,Febrero,13,35027785.0,5.13,107,5.13,5.14,5.13,2,3,3.0
SAE 1022,Febrero,14,35027786.0,5.13,94,5.13,5.14,5.13,2,3,3.0
SAE 1022,Febrero,14,35027787.0,5.13,99,5.13,5.14,5.14,6,10,4.0
SAE 1022,Febrero,14,35027788.0,5.13,102,5.13,5.14,5.14,5,4,4.0
SAE 1022,Febrero,14,35027789.0,5.13,101,5.13,5.14,5.14,5,4,4.0
SAE 1022,Febrero,14,35027790.0,5.13,104,5.13,5.14,5.13,2,3,3.0
SAE 1022,Febrero,14,35027791.0,5.13,106,5.14,5.13,5.12,2,3,2.0
SAE 1022,Febrero,14,35027792.0,5.13,104,5.14,5.13,5.14,2,3,3.0
SAE 1022,Febrero,14,35027793.0,5.13,106,5.13,5.14,5.13,2,3,3.0
SAE 1022,Febrero,14,35027794.0,5.13,102,5.13,5.14,5.13,2,1,1.0
SAE 1022,Febrero,14,35027795.0,5.13,110,5.13,5.14,5.13,2,1,1.0
SAE 1022,Febrero,14,35027796.0,5.13,107,5.14,5.13,5.12,2,2,1.0
SAE 1022,Febrero,14,35027797.0,5.13,106,5.13,5.14,,2,7,
SAE 1022,Febrero,14,35027798.0,5.13,106,5.12,5.13,,2,7,
SAE 1022,Febrero,14,35027799.0,5.13,103,5.13,5.12,,2,5,
SAE 1022,Febrero,17,35027800.0,5.13,103,5.13,5.14,5.13,9,5,10.0
SAE 1022,Febrero,17,35027801.0,5.13,106,5.14,5.13,5.14,4,10,3.0
SAE 1022,Febrero,17,35027802.0,5.13,110,5.13,5.14,5.14,4,9,3.0
SAE 1022,Febrero,17,35027803.0,5.13,102,5.12,5.13,5.12,4,4,3.0
SAE 1022,Febrero,17,35027804.0,5.13,108,5.13,5.12,5.13,4,4,3.0
SAE 1022,Febrero,17,35027805.0,5.13,107,5.13,5.14,5.14,3,5,3.0
SAE 1022,Febrero,17,35027806.0,5.13,106,5.13,5.14,5.14,2,3,5.0
SAE 1022,Febrero,17,35027807.0,5.13,103,5.13,5.12,5.12,3,3,4.0
SAE 1022,Febrero,17,35027808.0,5.13,108,5.13,5.12,5.12,2,3,3.0
SAE 1022,Febrero,17,35027809.0,5.13,105,5.13,5.13,5.13,3,3,2.0
SAE 1022,Febrero,17,35027810.0,5.13,102,5.13,5.13,5.13,2,3,3.0
SAE 1022,Febrero,17,35027811.0,5.13,109,5.13,5.13,5.13,2,3,3.0
SAE 1022,Febrero,17,35027812.0,5.13,111,5.13,5.13,5.13,3,3,3.0
SAE 1022,Febrero,17,35027813.0,5.13,103,5.13,5.13,5.13,2,3,3.0
SAE 1022,Febrero,17,35027814.0,5.13,100,5.13,5.13,5.13,3,2,4.0
SAE 1022,Febrero,18,35027815.0,5.13,15,5.13,5.14,,8,10,
SAE 1022,Febrero,18,35027816.0,5.13,99,5.13,5.14,5.14,6,10,10.0
SAE 1022,Febrero,18,35027817.0,5.13,106,5.13,5.14,5.13,5,7,8.0
SAE 1022,Febrero,18,35027818.0,5.13,112,5.13,5.14,5.13,4,4,5.0
SAE 1022,Febrero,18,35027819.0,5.13,94,5.13,5.14,5.13,3,3,3.0
SAE 1022,Febrero,18,35027820.0,5.13,105,5.13,5.14,5.13,3,8,5.0
SAE 1022,Febrero,18,35027821.0,5.13,107,5.13,5.14,5.14,3,7,5.0
SAE 1022,Febrero,18,35027822.0,5.13,105,5.13,5.14,5.14,3,7,4.0
SAE 1022,Febrero,18,35027823.0,5.13,105,5.13,5.14,5.14,2,3,3.0
SAE 1022,Febrero,18,35027824.0,5.13,107,5.13,5.14,5.14,2,3,3.0
SAE 1022,Febrero,18,35027825.0,5.13,104,5.13,5.14,5.14,2,3,2.0
SAE 1022,Febrero,18,35027826.0,5.13,105,5.13,5.14,5.14,3,3,2.0
SAE 1022,Febrero,19,35027827.0,5.13,98,5.13,5.14,5.13,6,10,10.0
SAE 1022,Febrero,19,35027828.0,5.13,109,5.13,5.13,5.14,4,8,8.0
SAE 1022,Febrero,19,35027829.0,5.13,104,5.14,5.13,5.14,4,5,8.0
SAE 1022,Febrero,19,35027830.0,5.13,104,5.13,5.14,5.13,3,4,7.0
SAE 1022,Febrero,19,35027831.0,5.13,104,5.12,5.13,5.14,2,4,5.0
SAE 1022,Febrero,19,35027832.0,5.13,108,5.14,5.12,5.13,2,4,4.0
SAE 1022,Febrero,19,35027833.0,5.13,105,5.13,5.14,5.13,3,2,2.0
SAE 1022,Febrero,19,35027834.0,5.13,105,5.13,5.14,5.13,3,2,2.0
SAE 1022,Febrero,19,35027835.0,5.13,108,5.13,5.14,5.14,3,3,3.0
SAE 1022,Febrero,19,35027836.0,5.13,99,5.13,5.14,5.13,3,3,3.0
SAE 1022,Febrero,19,35027837.0,5.13,103,5.13,5.14,5.13,3,3,2.0
SAE 1022,Febrero,19,35027838.0,5.13,107,5.13,5.14,5.14,3,4,3.0
SAE 1022,Febrero,19,35027839.0,5.13,103,5.13,5.14,5.14,3,4,3.0
SAE 1022,Febrero,19,35027840.0,5.13,102,5.13,5.14,5.14,2,2,3.0
SAE 1022,Febrero,19,35027841.0,5.13,103,5.13,5.14,5.14,2,2,3.0
SAE 1022,Febrero,19,35027842.0,5.13,102,5.14,5.13,5.12,6,3,5.0
SAE 1022,Febrero,20,35027843.0,5.13,99,5.13,5.14,5.14,5,3,5.0
SAE 1022,Febrero,20,35027844.0,5.13,103,5.13,5.14,5.13,7,3,5.0
SAE 1022,Febrero,20,35027845.0,5.13,107,5.13,5.14,5.13,9,2,6.0
SAE 1022,Febrero,20,35027846.0,5.13,100,5.13,5.14,5.13,4,3,5.0
SAE 1022,Febrero,20,35027847.0,5.13,103,5.14,5.13,5.14,3,3,5.0
SAE 1022,Febrero,20,35027848.0,5.13,99,5.13,5.14,5.14,3,3,5.0
SAE 1022,Febrero,20,35027849.0,5.13,94,5.13,5.14,5.14,3,3,4.0
SAE 1022,Febrero,20,35027850.0,5.13,108,5.13,5.14,5.14,2,2,6.0
SAE 1022,Febrero,20,35027851.0,5.13,107,5.13,5.14,5.14,2,3,6.0
SAE 1022,Febrero,20,35027852.0,5.13,103,5.13,5.14,5.14,2,2,7.0
SAE 1022,Febrero,20,35027853.0,5.13,103,5.13,5.14,5.14,2,3,7.0
SAE 1022,Febrero,20,35027854.0,5.13,103,5.15,5.14,5.14,3,2,6.0
SAE 1022,Febrero,20,35027855.0,5.13,112,5.15,5.14,5.14,4,4,7.0
SAE 1022,Febrero,20,35027856.0,5.13,100,5.15,5.14,5.14,6,6,7.0
SAE 1022,Febrero,20,35027857.0,5.13,104,5.15,5.14,5.14,7,7,8.0
SAE 1022,Febrero,20,35027858.0,5.13,105,5.15,5.14,5.14,7,8,9.0
SAE 1022,Febrero,20,35027859.0,5.13,104,5.15,5.14,5.14,6,6,8.0
SAE 1022,Febrero,20,35027860.0,5.13,98,5.15,5.14,5.14,4,6,6.0
SAE 1022,Febrero,21,35027861.0,5.13,102,5.13,5.14,5.13,5,10,10.0
SAE 1022,Febrero,21,35027862.0,5.13,106,5.14,5.13,5.14,5,4,10.0
SAE 1022,Febrero,21,35027863.0,5.13,103,5.13,5.13,5.15,3,4,10.0
SAE 1022,Febrero,21,35027864.0,5.13,103,5.13,5.14,5.14,3,4,8.0
SAE 1022,Febrero,21,35027865.0,5.13,0,,,,,,
SAE 1022,Febrero,21,35027866.0,5.13,112,5.14,5.14,5.14,6,6,10.0
SAE 1022,Febrero,21,35027867.0,5.13,99,5.14,5.14,5.14,4,4,5.0
SAE 1022,Febrero,21,35027868.0,5.13,93,5.14,5.14,5.14,3,3,4.0
SAE 1022,Febrero,24,35027869.0,5.13,99,5.14,5.13,5.13,10,10,10.0
SAE 1022,Febrero,24,35027870.0,5.13,104,5.14,5.13,5.13,10,9,6.0
SAE 1022,Febrero,24,35027871.0,5.13,105,5.14,5.13,5.13,10,9,4.0
SAE 1022,Febrero,24,35027872.0,5.13,106,5.14,5.13,5.13,9,5,8.0
SAE 1022,Febrero,24,35027873.0,5.13,107,5.13,5.14,5.15,10,4,10.0
SAE 1022,Febrero,24,35027874.0,5.13,102,5.14,5.13,5.14,10,5,10.0
SAE 1022,Febrero,24,35027875.0,5.13,106,5.13,5.15,5.13,10,5,10.0
SAE 1022,Febrero,24,35027876.0,5.13,106,5.13,5.14,5.14,10,4,10.0
SAE 1022,Febrero,24,35027877.0,5.13,102,5.13,5.14,5.14,10,3,10.0
SAE 1022,Febrero,24,35027878.0,5.13,110,5.13,5.14,5.14,10,2,10.0
SAE 1022,Febrero,24,35027879.0,5.13,103,5.13,5.14,5.14,10,4,10.0
SAE 1022,Febrero,25,35027880.0,5.13,98,5.13,5.14,5.14,10,4,10.0
SAE 1022,Febrero,25,35027881.0,5.13,100,5.13,5.14,5.14,10,10,12.0
SAE 1022,Febrero,25,35027882.0,5.13,106,5.13,5.14,5.14,13,10,12.0
SAE 1022,Febrero,25,35027883.0,5.13,101,5.13,5.14,5.14,13,10,13.0
SAE 1022,Febrero,25,35027884.0,5.13,103,5.13,5.13,5.14,12,9,13.0
SAE 1022,Febrero,25,35027885.0,5.13,98,5.13,5.13,5.14,12,9,12.0
SAE 1011,Febrero,25,35027886.0,4.4,98,4.4,4.41,4.4,4,3,4.0
SAE 1011,Febrero,25,35027887.0,4.4,110,4.4,4.39,4.4,6,4,6.0
SAE 1011,Febrero,25,35027888.0,4.4,107,4.41,4.41,4.4,5,2,6.0
SAE 1011,Febrero,25,35027889.0,4.4,113,4.4,4.42,4.39,5,2,5.0
SAE 1011,Febrero,25,35027890.0,4.4,122,4.41,4.4,4.4,4,2,4.0
SAE 1022,Febrero,25,35027891.0,5.13,107,5.13,5.14,5.14,12,6,13.0
SAE 1022,Febrero,25,35027902.0,5.13,101,5.14,5.13,5.12,12,12,13.0
SAE 1022,Febrero,25,35027903.0,5.13,105,5.13,5.14,5.13,10,10,13.0
SAE 1022,Febrero,25,35027904.0,5.13,98,5.13,5.13,5.14,13,14,14.0
SAE 1022,Febrero,26,35027894.0,5.13,95,5.13,5.13,5.14,12,10,13.0
SAE 1022,Febrero,26,35027895.0,5.13,101,5.13,5.13,5.14,12,10,13.0
SAE 1523,Febrero,26,35027896.0,4.4,109,4.4,4.41,4.41,10,10,12.0
SAE 1523,Febrero,26,35027925.0,4.4,120,4.41,4.4,,7,2,
SAE 1523,Febrero,26,35027926.0,4.4,126,4.4,4.41,,6,2,
SAE 1523,Febrero,26,35027927.0,4.4,127,4.4,4.41,,7,2,
SAE 1523,Febrero,26,35027928.0,4.4,121,4.41,4.4,,6,2,
SAE 1523,Febrero,26,35027929.0,4.4,121,4.4,4.39,,5,2,
SAE 1523,Febrero,26,35027930.0,4.4,116,4.4,4.41,,4,2,
SAE 1523,Febrero,26,35027931.0,4.4,122,4.39,4.41,,4,2,
SAE 1523,Febrero,26,35027932.0,4.4,129,4.41,4.4,,4,2,
SAE 1523,Febrero,26,35027933.0,4.4,111,4.41,4.4,4.41,4,2,13.0
SAE 1022,Febrero,27,35027897.0,5.13,95,5.14,5.13,,13,12,
SAE 1022,Febrero,27,35027898.0,5.13,102,5.14,5.13,,13,6,
SAE 1022,Febrero,27,35027899.0,5.13,100,5.14,5.13,,10,4,
SAE 1022,Febrero,27,35027900.0,5.13,106,5.14,5.13,,10,4,
SAE 1022,Febrero,27,35027901.0,5.13,103,5.13,5.14,,10,6,
SAE 1022,Febrero,27,35027912.0,5.13,106,5.13,5.12,,10,5,
SAE 1022,Febrero,27,35027913.0,5.13,104,5.14,5.13,,17,4,
SAE 1022,Febrero,27,35027914.0,5.13,108,5.13,5.14,,14,4,
SAE 1022,Febrero,27,35027915.0,5.13,98,5.13,5.12,,13,9,
SAE 1022,Febrero,27,35027916.0,5.13,108,5.14,5.13,,13,10,
SAE 1022,Febrero,27,35027917.0,5.13,105,5.13,5.14,,15,10,
SAE 1022,Febrero,27,35027918.0,5.13,95,5.14,5.13,,13,10,
SAE 1011,Febrero,28,35027905.0,4.4,120,4.41,4.39,4.4,5,4,5.0
SAE 1011,Febrero,28,35027949.0,4.4,132,4.41,4.4,4.4,4,3,3.0
SAE 1008,Febrero,28,35027950.0,4.4,113,4.41,4.4,4.4,4,4,3.0
SAE 1008,Febrero,28,35027951.0,4.4,119,4.41,4.4,4.4,4,4,3.0
SAE 1011,Febrero,28,35027952.0,4.4,129,4.41,4.41,4.4,6,5,5.0
SAE 1008,Febrero,28,35027953.0,4.4,112,4.41,,4.4,6,,7.0
SAE 1022,Febrero,28,35027954.0,5.13,82,5.13,,5.14,2,,3.0
SAE 1022,Marzo,3,35027968.0,5.13,99,5.13,5.14,5.14,10,10,10.0
SAE 1022,Marzo,3,35027969.0,5.13,104,5.13,5.14,5.14,9,10,10.0
SAE 1022,Marzo,3,35027970.0,5.13,109,5.13,5.14,5.14,9,6,9.0
SAE 1022,Marzo,3,35027971.0,5.13,107,5.13,5.14,5.14,9,5,9.0
SAE 1022,Marzo,3,35027972.0,5.13,100,5.14,5.13,5.13,9,6,9.0
SAE 1022,Marzo,3,35027973.0,5.13,107,5.14,5.13,5.13,9,6,9.0
SAE 1022,Marzo,3,35027974.0,5.13,104,5.14,5.13,5.13,9,8,9.0
SAE 1022,Marzo,3,35027975.0,5.13,94,5.14,5.13,5.13,6,7,8.0
SAE 1022,Marzo,3,35027976.0,5.13,106,5.14,5.14,5.13,8,7,8.0
SAE 1022,Marzo,3,35027977.0,5.13,105,5.14,5.14,5.13,8,6,8.0
SAE 1022,Marzo,3,35027978.0,5.13,100,5.14,5.14,5.13,8,6,8.0
SAE 1022,Marzo,3,35027979.0,5.13,107,5.14,5.14,5.13,7,5,9.0
SAE 1022,Marzo,3,35027980.0,5.13,102,5.14,5.14,5.13,8,6,9.0
SAE 1022,Marzo,3,35027981.0,5.13,102,5.14,5.14,5.13,8,5,9.0
SAE 1022,Marzo,4,35027982.0,5.13,105,5.13,5.14,5.14,10,10,10.0
SAE 1022,Marzo,4,35027983.0,5.13,103,5.12,5.14,5.13,9,10,10.0
SAE 1022,Marzo,4,35027984.0,5.13,103,5.13,5.13,5.12,7,10,7.0
SAE 1022,Marzo,4,35027985.0,5.13,111,5.14,5.13,5.14,7,10,7.0
SAE 1022,Marzo,4,35027986.0,5.13,96,5.13,5.14,5.13,6,8,6.0
SAE 1022,Marzo,4,35027987.0,5.13,109,5.14,5.13,5.14,5,7,5.0
SAE 1022,Marzo,4,35027988.0,5.13,105,5.14,5.14,5.13,4,7,7.0
SAE 1022,Marzo,4,35027989.0,5.13,104,5.14,5.14,5.12,6,5,6.0
SAE 1022,Marzo,4,35027990.0,5.13,101,5.14,5.14,5.12,6,6,6.0
SAE 1022,Marzo,4,35027991.0,5.13,106,5.15,5.13,5.13,6,6,7.0
SAE 1022,Marzo,4,35027992.0,5.13,101,5.15,5.13,5.13,5,6,7.0
SAE 1022,Marzo,4,35027993.0,5.13,107,5.15,5.13,5.13,6,5,7.0
SAE 1022,Marzo,4,35027994.0,5.13,110,5.15,5.13,5.13,6,6,7.0
SAE 1022,Marzo,4,35027995.0,5.13,104,5.15,5.13,5.13,6,6,7.0
SAE 1022,Marzo,4,35027996.0,5.13,99,5.14,5.14,5.14,6,6,6.0
SAE 1022,Marzo,4,35027997.0,5.13,101,5.14,5.14,5.14,6,7,7.0
SAE 1022,Marzo,5,35027998.0,5.13,100,5.13,5.14,5.14,10,9,10.0
SAE 1022,Marzo,5,35027999.0,5.13,106,5.14,5.13,5.14,10,9,9.0
SAE 1022,Marzo,5,35028000.0,5.13,111,5.13,5.14,5.13,8,6,6.0
SAE 1022,Marzo,5,35028001.0,5.13,96,5.13,5.12,5.13,5,4,5.0
SAE 1022,Marzo,5,35028002.0,5.13,101,5.14,5.13,5.14,5,4,5.0
SAE 1022,Marzo,5,35028003.0,5.13,112,5.13,5.14,5.13,6,5,6.0
SAE 1022,Marzo,5,35028004.0,5.13,103,5.13,5.14,5.13,6,4,6.0
SAE 1022,Marzo,5,35028005.0,5.13,102,5.13,5.14,5.13,6,4,6.0
SAE 1022,Marzo,5,35028006.0,5.13,105,5.13,5.13,5.14,7,4,6.0
SAE 1022,Marzo,5,35028007.0,5.13,106,5.13,5.13,5.14,7,4,6.0
SAE 1022,Marzo,5,35028008.0,5.13,99,5.13,5.13,5.14,6,5,6.0
SAE 1022,Marzo,5,35028009.0,5.13,102,5.13,5.13,5.14,6,6,6.0
SAE 1022,Marzo,5,35028010.0,5.13,106,5.13,5.14,5.14,6,5,5.0
SAE 1022,Marzo,5,35028011.0,5.13,98,5.13,5.14,5.14,6,5,5.0
SAE 1022,Marzo,6,35028012.0,5.13,102,5.14,5.13,5.14,9,9,9.0
SAE 1022,Marzo,6,35028013.0,5.13,99,5.13,5.14,5.14,9,7,9.0
SAE 1022,Marzo,6,35028014.0,5.13,110,5.14,5.13,5.12,9,5,7.0
SAE 1022,Marzo,6,35028015.0,5.13,106,5.13,5.14,5.13,9,5,5.0
SAE 1022,Marzo,6,35028032.0,5.13,98,5.14,5.13,5.13,8,5,6.0
SAE 1022,Marzo,6,35028033.0,5.13,105,5.15,5.14,5.14,6,5,6.0
SAE 1022,Marzo,6,35028034.0,5.13,105,5.15,5.14,5.14,4,3,3.0
SAE 1022,Marzo,6,35028035.0,5.13,97,5.14,5.14,5.14,3,3,3.0
SAE 1022,Marzo,6,35028036.0,5.13,110,5.14,5.14,5.14,4,3,3.0
SAE 1022,Marzo,6,35028037.0,5.13,109,5.14,5.14,5.14,4,3,4.0
SAE 1022,Marzo,6,35028038.0,5.13,93,5.14,5.14,5.14,6,5,6.0
SAE 1022,Marzo,6,35028039.0,5.13,100,5.14,5.14,5.14,6,5,6.0
SAE 1022,Marzo,6,35028040.0,5.13,102,5.14,5.14,5.14,6,6,6.0
SAE 1022,Marzo,6,35028041.0,5.13,101,4.41,4.41,4.4,3,3,5.0
SAE 1011,Marzo,7,35028016.0,4.4,124,4.41,4.41,4.4,7,7,4.0
SAE 1008,Marzo,7,35028045.0,4.4,113,4.41,4.41,4.4,5,8,5.0
SAE 1008,Marzo,7,35028046.0,4.4,122,4.41,4.41,4.4,5,8,3.0
SAE 1008,Marzo,7,35028047.0,4.4,121,4.4,4.41,4.41,2,6,4.0
SAE 1008,Marzo,7,35028048.0,4.4,110,4.41,4.4,4.41,2,6,4.0
SAE 1008,Marzo,7,35028049.0,4.4,121,4.4,4.41,4.41,2,6,4.0
SAE 1008,Marzo,7,35028050.0,4.4,121,4.4,4.41,4.41,2,4,4.0
SAE 1008,Marzo,7,35028051.0,4.4,122,4.4,4.41,4.4,2,4,3.0
SAE 1008,Marzo,7,35028052.0,4.4,121,4.4,4.41,4.4,2,3,3.0
SAE 1008,Marzo,7,35028053.0,4.4,121,4.4,4.41,4.4,3,3,3.0
SAE 1008,Marzo,7,35028054.0,4.4,116,4.4,4.41,4.4,3,4,4.0
SAE 1022,Marzo,7,35028055.0,5.13,99,5.15,5.13,5.13,6,10,7.0
SAE 1022,Marzo,7,35028056.0,5.13,86,5.15,,5.13,4,,3.0
SAE 1022,Marzo,7,35028057.0,5.13,95,5.15,5.13,5.13,9,5,10.0
SAE 1022,Marzo,10,35028043.0,5.13,77,5.14,5.12,5.13,10,10,10.0
SAE 1022,Marzo,10,35028044.0,5.13,112,5.14,5.14,5.14,10,10,10.0
SAE 1022,Marzo,10,35028061.0,5.13,91,5.14,5.14,5.14,4,10,8.0
SAE 1022,Marzo,10,35028062.0,5.13,104,5.14,5.13,5.14,10,13,10.0
SAE 1022,Marzo,10,35028063.0,5.13,103,5.13,5.14,5.14,12,13,8.0
SAE 1022,Marzo,10,35028064.0,5.13,96,5.13,5.13,5.13,10,8,10.0
SAE 1022,Marzo,10,35028065.0,5.13,104,5.14,5.13,5.14,8,8,10.0
SAE 1022,Marzo,10,35028066.0,5.13,100,5.13,5.12,5.14,9,8,9.0
SAE 1022,Marzo,10,35028067.0,5.13,102,5.13,5.13,,7,8,
SAE 1022,Marzo,10,35028068.0,5.13,104,5.14,5.13,,7,8,
SAE 1022,Marzo,11,35028069.0,5.13,95,5.12,5.12,5.13,10,10,10.0
SAE 1022,Marzo,11,35028070.0,5.13,107,5.12,5.13,5.13,10,9,10.0
SAE 1022,Marzo,11,35028071.0,5.13,106,5.13,5.14,5.14,9,9,10.0
SAE 1022,Marzo,11,35028072.0,5.13,98,5.13,5.14,5.14,9,9,10.0
SAE 1022,Marzo,11,35028073.0,5.13,77,5.13,5.14,5.13,9,9,10.0
SAE 1022,Marzo,11,35028074.0,5.13,105,5.14,5.13,5.14,10,13,10.0
SAE 1022,Marzo,11,35028075.0,5.13,106,5.13,5.13,5.13,10,10,10.0
SAE 1523,Marzo,11,35028076.0,4.4,104,5.14,,5.15,10,,10.0
SAE 1523,Marzo,12,35028077.0,4.4,113,4.42,4.4,4.4,10,10,10.0
SAE 1523,Marzo,12,35028085.0,4.4,121,4.42,4.4,4.4,10,10,9.0
SAE 1523,Marzo,12,35028086.0,4.4,116,4.41,4.4,4.4,5,5,4.0
SAE 1523,Marzo,12,35028087.0,4.4,116,4.41,4.4,4.4,5,5,4.0
SAE 1523,Marzo,12,35028088.0,4.4,116,4.41,4.4,4.41,9,3,9.0
SAE 1523,Marzo,12,35028089.0,4.4,112,4.4,4.41,4.4,7,3,6.0
SAE 1523,Marzo,12,35028090.0,4.4,118,4.41,4.4,4.41,4,3,3.0
SAE 1523,Marzo,12,35028091.0,4.4,131,4.4,4.4,4.41,4,3,4.0
SAE 1523,Marzo,12,35028092.0,4.4,107,4.41,4.4,4.41,2,1,2.0
SAE 1523,Marzo,12,35028093.0,4.4,123,4.4,4.41,4.4,2,2,2.0
SAE 1523,Marzo,12,35028094.0,4.4,120,4.42,4.41,4.41,5,3,4.0
SAE 1523,Marzo,12,35028095.0,4.4,117,4.41,4.4,4.41,5,3,3.0
SAE 1523,Marzo,12,35028096.0,4.4,139,4.4,4.41,4.4,5,2,3.0
SAE 1523,Marzo,13,35028097.0,4.4,116,4.39,4.4,4.39,7,10,10.0
SAE 1523,Marzo,13,35028098.0,4.4,124,4.39,4.4,4.39,4,5,7.0
SAE 1523,Marzo,13,35028099.0,4.4,109,4.4,4.4,,2,2,
SAE 1523,Marzo,13,35028100.0,4.4,127,4.4,4.4,,2,2,
SAE 1523,Marzo,13,35028101.0,4.4,115,4.4,4.4,,2,2,
SAE 1523,Marzo,13,35028102.0,4.4,126,4.4,4.41,,3,2,
SAE 1523,Marzo,13,35028103.0,4.4,116,4.4,4.4,,3,1,
SAE 1523,Marzo,13,35028104.0,4.4,116,4.42,4.41,,2,2,
SAE 1523,Marzo,13,35028105.0,4.4,115,4.4,4.41,,2,1,
SAE 1523,Marzo,13,35028106.0,4.4,119,4.41,4.4,,3,2,
SAE 1523,Marzo,13,35028107.0,4.4,109,4.41,4.41,4.4,8,9,7.0
SAE 1523,Marzo,13,35028108.0,4.4,75,4.4,4.41,,8,9,
SAE 1011,Marzo,17,35028109.0,4.4,122,4.41,4.4,4.41,3,5,3.0
SAE 1011,Marzo,17,35028110.0,4.4,116,4.4,4.41,4.4,3,4,2.0
SAE 1011,Marzo,17,35028111.0,4.4,123,4.41,4.41,4.4,2,4,2.0
SAE 1011,Marzo,17,35028112.0,4.4,115,4.41,4.41,4.4,2,5,3.0
SAE 1011,Marzo,17,35028113.0,4.4,112,4.4,4.41,4.4,2,4,3.0
SAE 1011,Marzo,17,35028114.0,4.4,112,4.4,4.41,4.4,2,4,2.0
SAE 1022,Marzo,17,35028115.0,5.13,87,5.15,5.13,5.13,3,8,6.0
SAE 1011,Marzo,17,35028116.0,4.4,103,4.41,4.41,4.4,2,3,2.0
SAE 1011,Marzo,17,35028117.0,4.4,117,4.41,4.41,4.4,2,3,2.0
SAE 1011,Marzo,17,35028118.0,4.4,124,4.41,4.41,4.4,2,3,3.0
SAE 1011,Marzo,17,35028119.0,4.4,117,4.41,4.41,,2,3,
SAE 1011,Marzo,17,35028120.0,4.4,109,4.41,4.41,4.41,2,2,4.0
SAE 1022,Marzo,18,35028133.0,5.13,102,5.13,5.14,5.13,10,9,9.0
SAE 1022,Marzo,18,35028134.0,5.13,101,5.13,5.14,5.13,8,10,8.0
SAE 1022,Marzo,18,35028135.0,5.13,106,5.13,5.14,5.13,6,10,7.0
SAE 1022,Marzo,18,35028136.0,5.13,105,5.13,5.14,5.13,4,10,7.0
SAE 1022,Marzo,18,35028137.0,5.13,101,5.13,5.14,5.13,4,10,7.0
SAE 1022,Marzo,18,35028138.0,5.13,100,5.14,5.14,5.13,6,10,8.0
SAE 1022,Marzo,18,35028139.0,5.13,109,5.14,5.14,5.13,8,10,7.0
SAE 1022,Marzo,18,35028140.0,5.13,99,5.14,5.13,5.13,7,10,6.0
SAE 1022,Marzo,18,35028141.0,5.13,101,5.14,5.13,5.13,7,10,7.0
SAE 1022,Marzo,18,35028142.0,5.13,105,5.15,5.13,5.13,8,10,6.0
SAE 1022,Marzo,18,35028143.0,5.13,101,5.15,5.13,5.13,8,10,7.0
SAE 1022,Marzo,18,35028144.0,5.13,100,5.15,5.14,5.14,7,10,7.0
SAE 1022,Marzo,18,35028145.0,5.13,103,5.15,5.14,5.14,7,10,7.0
SAE 1022,Marzo,18,35028146.0,5.13,97,5.15,5.14,5.14,7,10,7.0
SAE 1022,Marzo,19,35028147.0,5.13,98,5.13,5.14,5.13,10,10,7.0
SAE 1022,Marzo,19,35028148.0,5.13,109,5.14,5.13,5.14,9,10,7.0
SAE 1022,Marzo,19,35028149.0,5.13,100,5.13,5.14,5.13,9,10,7.0
SAE 1022,Marzo,19,35028150.0,5.13,105,5.14,5.13,5.14,10,10,6.0
SAE 1022,Marzo,19,35028151.0,5.13,99,5.13,5.14,5.13,10,10,6.0
SAE 1022,Marzo,19,35028152.0,5.13,112,5.14,5.14,5.14,9,10,6.0
SAE 1022,Marzo,19,35028153.0,5.13,103,5.14,5.14,5.14,7,10,6.0
SAE 1022,Marzo,19,35028154.0,5.13,100,5.14,,5.13,6,,6.0
SAE 1022,Marzo,19,35028155.0,5.13,103,5.14,,5.13,7,,7.0
SAE 1022,Marzo,19,35028156.0,5.13,106,5.13,5.11,5.13,13,12,6.0
SAE 1022,Marzo,19,35028157.0,5.13,97,5.13,5.11,5.13,12,12,6.0
SAE 1022,Marzo,19,35028158.0,5.13,105,,5.12,5.13,,12,7.0
SAE 1022,Marzo,19,35028159.0,5.13,99,5.13,,5.14,12,,8.0
SAE 1022,Marzo,20,35028160.0,5.13,102,5.13,5.14,5.13,10,10,9.0
SAE 1022,Marzo,20,35028161.0,5.13,103,5.13,5.13,5.14,10,13,7.0
SAE 1022,Marzo,20,35028162.0,5.13,105,5.14,5.13,5.13,6,12,7.0
SAE 1022,Marzo,20,35028163.0,5.13,100,5.13,5.14,5.13,6,12,7.0
SAE 1022,Marzo,20,35028164.0,5.13,112,5.13,5.14,5.13,6,12,6.0
SAE 1022,Marzo,20,35028165.0,5.13,100,5.15,,5.14,10,,9.0
SAE 1022,Marzo,20,35028166.0,5.13,98,5.15,,5.14,10,,7.0
SAE 1022,Marzo,20,35028167.0,5.13,105,5.15,,5.14,9,,7.0
SAE 1022,Marzo,20,35028168.0,5.13,107,5.15,,5.14,4,,7.0
SAE 1022,Marzo,20,35028169.0,5.13,105,5.15,,5.14,8,,7.0
SAE 1022,Marzo,20,35028170.0,5.13,104,5.15,,5.14,10,,6.0
SAE 1022,Marzo,20,35028171.0,5.13,102,5.13,,5.13,10,,6.0
SAE 1022,Marzo,21,35028172.0,5.13,95,5.13,5.14,5.13,10,12,9.0
SAE 1022,Marzo,21,35028173.0,5.13,105,5.14,5.13,5.14,10,10,9.0
SAE 1022,Marzo,21,35028174.0,5.13,103,5.13,5.14,5.13,10,10,7.0
SAE 1022,Marzo,21,35028175.0,5.13,110,5.13,5.13,5.14,10,10,7.0
SAE 1022,Marzo,21,35028176.0,5.13,99,5.13,5.14,,12,12,
SAE 1022,Marzo,21,35028177.0,5.13,97,5.13,5.14,,10,10,
SAE 1022,Marzo,21,35028178.0,5.13,100,5.13,5.14,,9,10,
SAE 1022,Marzo,26,35028179.0,5.13,107,5.13,5.14,5.12,12,14,10.0
SAE 1022,Marzo,26,35028180.0,5.13,97,5.14,5.13,5.12,13,14,8.0
SAE 1030,Marzo,27,35028181.0,4.7,109,4.71,,4.69,14,,13.0
SAE 1030,Marzo,27,35028196.0,4.7,116,4.71,,4.69,5,,7.0
SAE 1030,Marzo,27,35028197.0,4.7,110,4.71,,4.69,3,,3.0
SAE 1030,Marzo,27,35028198.0,4.7,113,4.7,,4.7,12,,7.0
SAE 1030,Marzo,27,35028199.0,4.7,111,4.71,,4.69,12,,7.0
SAE 1030,Marzo,27,35028200.0,4.7,114,4.7,,4.71,10,,7.0
SAE 1030,Marzo,27,35028201.0,4.7,113,4.71,,4.71,9,,5.0
SAE 1030,Marzo,27,35028202.0,4.7,127,4.7,,4.69,7,,5.0
SAE 1030,Marzo,27,35028203.0,4.7,107,4.71,,4.7,3,,3.0
SAE 1030,Marzo,27,35028204.0,4.7,106,4.7,,4.71,3,,3.0
SAE 1030,Marzo,27,35028205.0,4.7,119,4.71,,4.69,4,,3.0
SAE 1030,Marzo,27,35028206.0,4.7,109,4.7,,4.7,4,,3.0
SAE 1030,Marzo,28,35028207.0,4.7,112,4.7,4.69,4.69,12,12,8.0
SAE 1030,Marzo,28,35028208.0,4.7,121,4.7,4.69,4.69,10,10,7.0
SAE 1030,Marzo,28,35028209.0,4.7,116,4.7,4.69,4.69,10,7,7.0
SAE 1030,Marzo,28,35028210.0,4.7,105,4.7,4.69,4.69,10,10,7.0
SAE 1030,Marzo,28,35028211.0,4.7,117,4.7,4.69,4.69,4,8,3.0
SAE 1030,Marzo,28,35028236.0,4.7,110,4.7,4.69,4.69,9,7,5.0
SAE 3702,Marzo,28,35028238.0,5.42,88,5.42,5.41,5.42,8,7,4.0
SAE 3702,Marzo,28,35028239.0,5.42,113,5.41,5.42,5.41,5,,4.0
SAE 3702,Marzo,28,35028240.0,5.42,90,5.42,5.41,5.42,4,11,3.0
SAE 3702,Marzo,28,35028241.0,5.42,105,5.42,5.41,5.41,3,8,2.0
SAE 3702,Marzo,28,35028242.0,5.42,99,5.42,,5.42,2,,2.0
SAE 3702,Marzo,28,35028243.0,5.42,101,5.42,,5.41,2,,2.0
SAE 3702,Marzo,28,35028244.0,5.42,99,5.42,,5.42,2,,2.0
SAE 3702,Marzo,28,35028245.0,5.42,99,5.42,,5.41,3,,2.0
SAE 1022,Marzo,31,35028262.0,5.13,94,5.13,5.14,5.13,10,12,6.0
SAE 3702,Marzo,31,35028248.0,5.42,95,5.42,5.43,5.42,9,7,7.0
SAE 3702,Marzo,31,35028249.0,5.42,96,5.41,5.42,5.42,4,2,2.0
SAE 1022,Marzo,31,35028250.0,5.13,102,5.13,5.14,5.13,10,10,7.0
SAE 1022,Marzo,31,35028263.0,5.13,112,5.13,5.14,5.13,10,10,7.0
SAE 1022,Marzo,31,35028264.0,5.13,96,5.14,5.13,5.13,10,10,5.0
SAE 1022,Marzo,31,35028265.0,5.13,100,5.14,5.13,5.13,10,10,6.0
SAE 3702,Marzo,31,35028266.0,5.42,98,5.41,5.41,5.42,3,2,2.0
SAE 3702,Marzo,31,35028267.0,5.42,100,5.41,5.41,5.42,2,2,2.0
SAE 3702,Marzo,31,35028268.0,5.42,99,5.41,5.41,5.42,3,3,4.0
SAE 3702,Marzo,31,35028253.0,5.42,97,5.41,5.41,5.42,3,2,3.0
SAE 3702,Marzo,31,35028254.0,5.42,101,5.41,5.41,5.42,3,2,3.0
SAE 3702,Marzo,31,35028255.0,5.42,99,5.42,5.41,5.41,2,2,2.0
SAE 3702,Marzo,31,35028256.0,5.42,99,5.42,5.41,5.42,2,3,3.0
SAE 3702,Marzo,31,35028257.0,5.42,100,5.42,5.4,5.42,2,2,3.0
SAE 3702,Abril,1,35028258.0,5.42,97,5.42,5.41,5.4,11,12,7.0
SAE 3702,Abril,1,35028296.0,5.42,106,5.41,,5.4,3,,6.0
SAE 3702,Abril,1,35028297.0,5.42,100,5.42,5.41,5.42,2,9,3.0
SAE 3702,Abril,1,35028298.0,5.42,97,5.41,5.42,5.42,,9,3.0
SAE 3702,Abril,1,35028299.0,5.42,93,5.41,5.42,5.42,2,7,3.0
SAE 3702,Abril,1,35028300.0,5.42,97,5.41,5.42,5.42,11,12,7.0
SAE 3702,Abril,1,35028301.0,5.42,105,5.41,5.42,5.42,11,11,3.0
SAE 3702,Abril,1,35028302.0,5.42,97,5.43,5.42,5.42,3,2,2.0
SAE 3702,Abril,1,35028303.0,5.42,102,5.43,5.42,5.42,3,3,2.0
SAE 3702,Abril,1,35028304.0,5.42,101,5.43,5.42,5.42,4,3,2.0
SAE 3702,Abril,1,35028305.0,5.42,99,5.43,5.42,5.42,2,1,1.0
SAE 3702,Abril,1,35028306.0,5.42,104,5.43,5.42,5.42,2,2,2.0
SAE 3702,Abril,1,35028307.0,5.42,97,5.43,5.42,5.42,2,2,2.0
SAE 3702,Abril,1,35028308.0,5.42,99,5.43,5.42,5.42,2,3,3.0
SAE 1022,Abril,2,35028309.0,5.13,102,5.13,5.14,5.13,10,9,6.0
SAE 3702,Abril,2,35028310.0,5.42,97,5.42,5.41,5.41,3,2,3.0
SAE 3702,Abril,2,35028311.0,5.42,88,5.41,5.42,5.42,3,2,5.0
SAE 3702,Abril,2,35028312.0,5.42,104,5.42,5.41,5.41,3,2,5.0
SAE 3702,Abril,2,35028313.0,5.42,96,5.41,5.42,5.42,2,2,3.0
SAE 3702,Abril,2,35028314.0,5.42,102,5.43,5.42,5.42,4,2,3.0
SAE 3702,Abril,2,35028315.0,5.42,110,5.43,5.42,5.42,3,2,2.0
SAE 3702,Abril,2,35028316.0,5.42,88,5.43,5.42,5.42,3,2,3.0
SAE 3702,Abril,2,35028317.0,5.42,111,5.43,5.42,5.42,2,2,2.0
SAE 3702,Abril,2,35028318.0,5.42,94,5.43,5.42,5.42,3,3,2.0
SAE 3702,Abril,2,35028319.0,5.42,108,5.43,5.43,5.42,3,3,2.0
SAE 3702,Abril,2,35028320.0,5.42,95,5.43,5.43,5.42,3,2,2.0
SAE 3702,Abril,2,35028321.0,5.42,103,5.43,5.42,5.42,2,4,2.0
SAE 3702,Abril,2,35028322.0,5.42,98,5.43,5.42,5.42,2,2,2.0
SAE 3702,Abril,2,35028323.0,5.42,101,5.43,5.42,5.42,2,3,2.0
SAE 3702,Abril,2,35028324.0,5.42,99,5.43,5.42,5.42,3,2,2.0
SAE 3702,Abril,3,35028325.0,5.42,100,5.41,5.42,5.42,5,11,3.0
SAE 3702,Abril,3,35028326.0,5.42,100,5.41,5.42,5.42,7,11,5.0
SAE 3702,Abril,3,35028327.0,5.42,98,5.42,5.42,5.42,9,3,2.0
SAE 3702,Abril,3,35028328.0,5.42,96,5.41,5.42,5.41,11,11,3.0
SAE 3702,Abril,3,35028329.0,5.42,104,5.41,5.42,5.41,2,2,4.0
SAE 3702,Abril,3,35028330.0,5.42,97,5.41,5.42,5.41,2,2,4.0
SAE 1022,Abril,4,35028331.0,5.13,96,5.13,5.12,5.13,10,12,7.0
SAE 3702,Abril,4,35028332.0,5.42,97,5.41,5.42,5.42,5,3,4.0
SAE 3702,Abril,4,35028333.0,5.42,103,5.42,5.41,5.42,3,2,3.0
SAE 3702,Abril,4,35028334.0,5.42,100,5.41,5.42,5.42,3,2,2.0
SAE 3702,Abril,4,35028335.0,5.42,105,5.42,5.41,5.42,2,2,2.0
SAE 3702,Abril,4,35028336.0,5.42,98,5.42,5.41,5.42,2,2,2.0
SAE 3702,Abril,4,35028337.0,5.42,81,5.42,5.41,5.42,2,3,3.0
SAE 3702,Abril,4,35028338.0,5.42,103,5.43,5.42,5.42,11,11,5.0
SAE 3702,Abril,4,35028339.0,5.42,100,5.42,5.42,5.42,7,4,4.0
SAE 3702,Abril,4,35028340.0,5.42,99,5.42,5.42,5.42,9,3,3.0
SAE 3702,Abril,4,35028341.0,5.42,103,5.42,5.42,5.42,4,3,3.0
SAE 3702,Abril,4,35028342.0,5.42,103,5.42,5.42,5.42,3,3,2.0
SAE 3702,Abril,4,35028343.0,5.42,100,5.42,5.42,5.42,3,2,2.0
SAE 3702,Abril,4,35028349.0,5.42,95,5.42,5.42,5.42,,2,2.0
SAE 3702,Abril,4,35028350.0,5.42,97,5.42,5.42,5.42,,2,4.0
SAE 1022,Abril,7,35028344.0,5.13,90,5.14,5.13,5.13,10,12,5.0
SAE 3702,Abril,7,35028351.0,5.42,98,5.43,5.42,5.42,8,8,6.0
SAE 3702,Abril,7,35028352.0,5.42,99,5.43,5.42,5.42,4,3,3.0
SAE 3702,Abril,7,35028353.0,5.42,102,5.41,5.42,5.42,4,3,2.0
SAE 3702,Abril,7,35028354.0,5.42,101,5.42,5.43,5.42,4,3,2.0
SAE 3702,Abril,7,35028355.0,5.42,102,5.42,5.41,5.43,3,2,2.0
SAE 3702,Abril,7,35028356.0,5.42,103,5.42,5.41,5.42,2,2,4.0
SAE 3702,Abril,7,35028357.0,5.42,103,5.42,5.43,5.42,2,2,6.0
SAE 3702,Abril,7,35028358.0,5.42,102,5.41,5.42,5.41,2,2,6.0
SAE 3702,Abril,7,35028359.0,5.42,102,5.43,5.42,5.42,3,2,2.0
SAE 3702,Abril,7,35028360.0,5.42,100,5.42,5.41,5.43,4,2,2.0
SAE 3702,Abril,7,35028361.0,5.42,101,5.42,5.43,5.42,2,2,2.0
SAE 3702,Abril,7,35028362.0,5.42,104,5.42,5.42,5.42,2,2,2.0
SAE 3702,Abril,7,35028363.0,5.42,98,5.42,5.42,5.42,2,2,2.0
SAE 3702,Abril,7,35028364.0,5.42,99,5.42,5.42,5.42,2,2,2.0
SAE 1022,Abril,8,35028345.0,5.13,100,5.14,5.14,5.13,12,12,6.0
SAE 3702,Abril,8,35028365.0,5.42,93,5.42,5.42,5.42,12,12,8.0
SAE 3702,Abril,8,35028366.0,5.42,99,5.42,5.42,5.42,11,4,4.0
SAE 3702,Abril,8,35028367.0,5.42,97,5.43,5.43,5.42,5,3,3.0
SAE 3702,Abril,8,35028368.0,5.42,104,5.42,5.41,5.42,2,2,3.0
SAE 3702,Abril,8,35028369.0,5.42,99,5.42,5.41,5.42,2,2,2.0
SAE 3702,Abril,8,35028370.0,5.42,101,5.42,5.43,5.43,2,3,3.0
SAE 3702,Abril,8,35028371.0,5.42,98,5.41,5.42,5.43,3,2,2.0
SAE 3702,Abril,8,35028372.0,5.42,100,5.43,5.42,5.42,2,2,2.0
SAE 3702,Abril,8,35028390.0,5.42,102,5.42,5.41,5.41,2,2,1.0
SAE 3702,Abril,8,35028391.0,5.42,101,5.43,5.43,5.42,3,2,2.0
SAE 3702,Abril,8,35028392.0,5.42,101,5.43,5.41,5.42,1,2,2.0
SAE 3702,Abril,8,35028393.0,5.42,104,5.43,5.42,5.41,6,,2.0
SAE 3702,Abril,8,35028346.0,5.42,95,5.42,,5.43,6,,3.0
SAE 1022,Abril,9,35028347.0,5.13,99,5.13,5.12,5.13,12,10,5.0
SAE 3702,Abril,9,35028402.0,5.37,97,5.37,5.36,5.36,11,10,8.0
SAE 3702,Abril,9,35028403.0,5.37,98,5.37,5.36,5.37,4,4,3.0
SAE 3702,Abril,9,35028404.0,5.37,99,5.37,5.36,5.37,3,3,3.0
SAE 3702,Abril,9,35028405.0,5.37,96,5.36,5.36,5.36,3,5,3.0
SAE 3702,Abril,9,35028406.0,5.37,100,5.36,5.38,5.37,2,2,2.0
SAE 3702,Abril,9,35028407.0,5.37,101,5.37,5.37,5.36,1,2,2.0
SAE 3702,Abril,9,35028408.0,5.37,98,5.36,5.36,5.37,1,2,1.0
SAE 3702,Abril,9,35028409.0,5.37,105,5.37,5.38,5.37,1,2,2.0
SAE 3702,Abril,9,35028410.0,5.37,97,5.38,5.38,5.37,1,2,1.0
SAE 3702,Abril,9,35028411.0,5.37,100,5.37,5.37,5.39,1,2,2.0
SAE 3702,Abril,9,35028412.0,5.37,98,5.38,5.37,5.38,1,2,2.0
SAE 3702,Abril,9,35028413.0,5.37,104,5.39,5.37,5.37,2,2,2.0
SAE 3702,Abril,9,35028414.0,5.37,98,5.38,5.39,5.37,2,2,2.0
SAE 3702,Abril,9,35028415.0,5.37,102,5.38,5.37,5.37,2,2,1.0
SAE 3702,Abril,9,35028416.0,5.37,101,5.38,5.37,5.37,2,2,2.0
SAE 3702,Abril,9,35028417.0,5.37,97,5.37,5.37,5.37,2,2,2.0
SAE 1011,Abril,10,35028348.0,4.4,107,4.4,4.41,4.41,4,4,4.0
SAE 3702,Abril,10,35028418.0,5.37,94,5.37,5.36,5.36,11,11,6.0
SAE 3702,Abril,10,35028419.0,5.37,97,5.38,5.36,5.38,3,2,2.0
SAE 3702,Abril,10,35028420.0,5.37,98,5.38,5.37,5.38,3,3,2.0
SAE 3702,Abril,10,35028421.0,5.37,99,5.38,5.37,5.38,3,2,2.0
SAE 3702,Abril,10,35028422.0,5.37,98,5.38,5.37,5.38,4,2,2.0
SAE 3702,Abril,10,35028423.0,5.37,101,5.38,5.37,5.38,2,2,2.0
SAE 3702,Abril,10,35028424.0,5.37,100,5.38,5.37,5.38,4,2,2.0
SAE 3702,Abril,10,35028425.0,5.37,106,5.38,5.37,5.38,3,2,2.0
SAE 3702,Abril,10,35028426.0,5.37,98,5.38,5.36,5.38,3,3,2.0
SAE 3702,Abril,10,35028427.0,5.37,110,5.38,5.37,5.38,3,2,2.0
SAE 3702,Abril,10,35028428.0,5.37,96,5.38,5.37,5.38,4,2,2.0
SAE 3702,Abril,10,35028429.0,5.37,101,5.38,5.37,5.38,2,2,2.0
SAE 3702,Abril,10,35028430.0,5.37,106,5.38,5.37,5.38,4,2,2.0
SAE 3702,Abril,10,35028431.0,5.37,101,5.38,5.37,5.38,3,2,2.0
SAE 3702,Abril,10,35028432.0,5.37,98,5.38,5.37,5.38,3,2,2.0
SAE 1011,Abril,11,35028450.0,4.4,116,4.4,4.39,4.4,2,2,2.0
SAE 3702,Abril,11,35028433.0,5.37,90,5.36,5.37,5.36,11,4,8.0
SAE 3702,Abril,11,35028434.0,5.37,98,5.37,5.37,5.36,4,3,4.0
SAE 3702,Abril,11,35028435.0,5.37,102,5.38,5.38,5.37,3,2,5.0
SAE 3702,Abril,11,35028436.0,5.37,101,5.38,5.38,5.37,2,2,3.0
SAE 3702,Abril,11,35028437.0,5.37,105,5.38,5.38,5.37,3,2,2.0
SAE 3702,Abril,11,35028438.0,5.37,100,5.38,5.38,5.37,2,2,1.0
SAE 1011,Abril,11,35028451.0,4.4,17,4.4,4.41,4.4,5,6,5.0
SAE 3702,Abril,11,35028439.0,5.37,98,5.37,5.37,5.37,12,12,10.0
SAE 3702,Abril,11,35028440.0,5.37,107,5.37,5.38,5.38,5,9,8.0
SAE 3702,Abril,11,35028441.0,5.37,96,5.38,5.37,5.37,3,3,2.0
SAE 3702,Abril,11,35028442.0,5.37,104,5.38,,5.37,3,,2.0
SAE 3702,Abril,11,35028443.0,5.37,101,5.38,,5.37,3,,3.0
SAE 1011,Abril,12,35028452.0,4.4,114,4.4,4.41,4.41,2,6,3.0
SAE 3702,Abril,12,35028444.0,5.37,90,5.38,5.37,5.38,11,10,8.0
SAE 3702,Abril,12,35028445.0,5.37,102,5.38,5.37,5.38,4,2,2.0
SAE 3702,Abril,12,35028446.0,5.37,103,5.38,5.37,5.38,3,3,2.0
SAE 3702,Abril,12,35028447.0,5.37,105,5.38,5.37,5.38,3,2,2.0
SAE 3702,Abril,12,35028448.0,5.37,98,5.38,5.37,5.37,2,2,2.0
SAE 3702,Abril,12,35028449.0,5.37,103,5.38,5.37,5.38,2,2,1.0
SAE 3702,Abril,12,35028456.0,5.37,98,,5.39,5.37,,4,3.0
SAE 1011,Abril,14,35028453.0,4.4,115,4.41,4.4,4.41,3,5,3.0
SAE 3702,Abril,14,35028457.0,5.37,90,5.37,5.38,5.37,12,11,7.0
SAE 3702,Abril,14,35028458.0,5.37,104,5.37,5.37,5.38,6,5,7.0
SAE 3702,Abril,14,35028459.0,5.37,102,5.37,5.36,5.36,5,3,3.0
SAE 3702,Abril,14,35028460.0,5.37,103,5.37,5.36,5.36,4,3,3.0
SAE 3702,Abril,14,35028461.0,5.37,102,5.37,5.36,5.36,4,2,2.0
SAE 3702,Abril,14,35028462.0,5.37,101,5.37,5.36,5.36,5,2,2.0
SAE 3702,Abril,14,35028463.0,5.37,102,5.37,5.37,5.37,2,2,2.0
SAE 3702,Abril,14,35028464.0,5.37,102,5.37,5.37,5.37,2,2,2.0
SAE 3702,Abril,14,35028465.0,5.37,103,5.37,5.37,5.37,2,2,3.0
SAE 3702,Abril,14,35028466.0,5.37,101,5.37,5.36,5.36,2,2,3.0
SAE 3702,Abril,14,35028467.0,5.37,101,5.37,5.36,5.36,4,3,2.0
SAE 3702,Abril,14,35028468.0,5.37,106,5.37,5.37,5.38,4,2,2.0
SAE 3702,Abril,14,35028469.0,5.37,95,5.37,5.37,5.38,4,2,3.0
SAE 3702,Abril,14,35028470.0,5.37,101,5.37,5.37,5.38,3,2,3.0
SAE 1022,Abril,15,35028454.0,5.13,95,5.13,5.14,5.14,4,10,4.0
SAE 3702,Abril,15,35028471.0,5.37,99,5.38,5.37,5.38,7,9,9.0
SAE 3702,Abril,15,35028472.0,5.37,97,5.37,5.36,5.37,2,9,2.0
SAE 3702,Abril,15,35028473.0,5.37,102,5.38,5.37,5.37,2,9,2.0
SAE 3702,Abril,15,35028474.0,5.37,101,5.37,5.38,5.37,2,6,3.0
SAE 3702,Abril,15,35028475.0,5.37,102,5.39,5.37,5.37,2,8,2.0
SAE 3702,Abril,15,35028476.0,5.37,101,5.39,5.37,5.37,2,7,2.0
SAE 3702,Abril,15,35028477.0,5.37,101,5.39,5.37,5.37,2,7,2.0
SAE 3702,Abril,15,35028478.0,5.37,101,5.39,5.37,5.37,2,7,2.0
SAE 3702,Abril,15,35028479.0,5.37,101,5.39,5.37,5.37,3,7,3.0
SAE 3702,Abril,15,35028480.0,5.37,100,5.39,5.37,5.37,3,7,3.0
SAE 3702,Abril,15,35028481.0,5.37,100,5.39,5.37,5.37,3,7,3.0
SAE 3702,Abril,15,35028482.0,5.37,97,5.39,5.37,5.37,2,4,2.0
SAE 3702,Abril,15,35028483.0,5.37,99,5.39,5.37,5.37,3,2,3.0
SAE 3702,Abril,15,35028484.0,5.37,101,5.39,5.37,5.37,3,1,
SAE 3702,Abril,15,35028485.0,5.37,91,5.39,5.37,5.37,3,3,3.0
SAE 1022,Abril,16,35028492.0,5.13,97,5.14,5.13,5.14,14,9,7.0
SAE 1030,Abril,16,35028497.0,4.7,110,4.71,4.7,4.71,9,9,10.0
SAE 1030,Abril,16,35028498.0,4.7,117,4.71,4.71,4.7,5,7,6.0
SAE 1030,Abril,16,35028499.0,4.7,111,4.71,4.72,4.71,4,7,6.0
SAE 1030,Abril,16,35028500.0,4.7,113,4.71,4.71,4.7,5,9,4.0
SAE 1030,Abril,16,35028501.0,4.7,112,4.71,4.71,4.7,5,9,4.0
SAE 1030,Abril,16,35028502.0,4.7,112,4.7,4.7,4.7,4,7,4.0
SAE 1030,Abril,16,35028503.0,4.7,113,4.71,4.71,4.7,11,11,4.0
SAE 1030,Abril,16,35028504.0,4.7,117,4.71,4.71,4.7,4,8,3.0
SAE 1030,Abril,16,35028505.0,4.7,113,4.71,4.71,4.71,5,9,3.0
SAE 1030,Abril,16,35028506.0,4.7,112,4.71,4.71,4.7,3,9,7.0
SAE 1030,Abril,16,35028507.0,4.7,112,4.71,4.71,4.7,3,9,7.0
SAE 1030,Abril,16,35028508.0,4.7,114,4.71,4.71,4.7,4,9,6.0
SAE 1030,Abril,16,35028509.0,4.7,113,4.71,4.71,4.7,7,9,6.0
SAE 1030,Abril,16,35028510.0,4.7,113,4.71,4.71,4.7,7,,6.0
SAE 1030,Abril,16,35028511.0,4.7,105,4.7,4.71,4.7,7,,7.0
SAE 1022,Abril,17,35028493.0,5.13,96,5.13,5.14,5.13,13,10,9.0
SAE 1030,Abril,17,35028512.0,4.7,111,4.7,4.71,4.71,11,11,8.0
SAE 1030,Abril,17,35028513.0,4.7,112,4.71,4.71,4.7,7,11,5.0
SAE 1030,Abril,17,35028514.0,4.7,112,4.7,4.71,4.71,8,9,5.0
SAE 1030,Abril,17,35028515.0,4.7,113,4.7,4.71,4.71,9,9,5.0
SAE 1030,Abril,17,35028516.0,4.7,112,4.7,4.71,4.71,9,9,5.0
SAE 1030,Abril,17,35028517.0,4.7,115,4.7,4.7,4.7,8,9,5.0
SAE 1030,Abril,17,35028518.0,4.7,115,4.7,4.7,4.7,8,9,5.0
SAE 1030,Abril,17,35028519.0,4.7,98,4.7,4.7,4.7,12,12,9.0
SAE 1030,Abril,17,35028520.0,4.7,110,4.7,4.7,4.7,12,12,5.0
SAE 3460,Abril,17,35028521.0,12.0,43,12.01,12.02,12.02,10,10,9.0
SAE 3460,Abril,17,35028522.0,12.0,45,12.01,12.02,12.02,3,9,7.0
SAE 3460,Abril,17,35028523.0,12.0,44,12.01,12.02,12.02,2,3,7.0
SAE 1022,Abril,18,35028524.0,5.13,99,5.13,5.14,5.13,13,9,13.0
SAE 1022,Abril,18,35028576.0,5.13,104,5.14,5.13,5.13,12,9,9.0
SAE 1030,Abril,18,35028525.0,4.7,113,4.7,4.71,4.7,12,11,9.0
SAE 1030,Abril,18,35028526.0,4.7,115,4.71,4.71,4.7,5,10,6.0
SAE 1030,Abril,18,35028527.0,4.7,116,4.7,4.71,4.7,5,9,8.0
SAE 1030,Abril,18,35028528.0,4.7,119,4.72,,4.7,2,,2.0
SAE 1030,Abril,18,35028529.0,4.7,113,4.72,,4.7,4,,2.0
SAE 1030,Abril,18,35028530.0,4.7,115,4.72,,4.7,4,,3.0
SAE 1030,Abril,18,35028531.0,4.7,117,4.72,,4.7,4,,2.0
SAE 1030,Abril,18,35028532.0,4.7,107,4.72,,4.7,4,,2.0
SAE 3460,Abril,18,35028542.0,12.0,45,12.02,,12.01,2,,2.0
SAE 3460,Abril,18,35028543.0,12.0,45,12.02,,12.02,2,,2.0
SAE 3460,Abril,18,35028544.0,12.0,41,12.02,,12.02,2,,2.0
SAE 1022,Abril,21,35028577.0,5.13,97,5.13,5.14,5.14,12,11,12.0
SAE 1022,Abril,21,35028578.0,5.13,104,5.13,5.14,5.14,13,11,10.0
SAE 3460,Abril,21,35028545.0,12.0,41,12.01,,12.0,6,,9.0
SAE 3460,Abril,21,35028546.0,12.0,43,12.06,,12.03,3,,2.0
SAE 3460,Abril,21,35028547.0,12.0,44,12.07,,12.02,3,,3.0
SAE 3460,Abril,21,35028548.0,12.0,44,12.07,,12.04,3,,4.0
SAE 3460,Abril,21,35028549.0,12.0,46,12.08,,12.03,2,,3.0
SAE 3460,Abril,21,35028550.0,2.0,44,12.07,,12.04,3,,3.0
SAE 3460,Abril,21,35028551.0,12.0,47,12.06,,12.03,2,,3.0
SAE 3460,Abril,21,35028552.0,12.0,44,12.06,,12.03,3,,3.0
SAE 3702,Abril,22,35028553.0,5.42,97,5.41,5.41,5.42,5,11,9.0
SAE 3702,Abril,22,35028600.0,5.42,101,5.41,5.41,5.41,4,11,8.0
SAE 3702,Abril,22,35028601.0,5.42,98,5.41,,5.41,4,,4.0
SAE 3702,Abril,22,35028602.0,5.42,96,5.41,,5.42,5,,5.0
SAE 3702,Abril,22,35028603.0,5.42,99,5.41,,5.42,3,,3.0
SAE 3702,Abril,22,35028604.0,5.42,104,5.42,,5.42,4,,3.0
SAE 3702,Abril,22,35028605.0,5.42,102,5.41,,5.42,4,,2.0
SAE 3702,Abril,22,35028606.0,5.42,100,5.42,,5.42,4,,2.0
SAE 3702,Abril,22,35028607.0,5.42,103,5.42,,5.42,3,,2.0
SAE 3702,Abril,22,35028608.0,5.42,103,5.41,,5.41,2,,2.0
SAE 3702,Abril,22,35028609.0,5.42,97,5.42,,5.42,3,,3.0
SAE 3702,Abril,22,35028610.0,5.37,105,5.41,,5.41,3,,1.0
SAE 3702,Abril,22,35028611.0,5.37,104,5.38,,5.37,2,,2.0
SAE 3702,Abril,22,35028612.0,5.37,104,5.38,,5.37,3,,2.0
SAE 3702,Abril,22,35028613.0,5.37,99,5.38,,5.37,2,,2.0
SAE 1022,Abril,23,35028579.0,5.13,97,5.14,5.14,5.14,10,10,7.0
SAE 3702,Abril,23,35028614.0,5.37,95,5.38,5.38,5.37,9,9,8.0
SAE 3702,Abril,23,35028615.0,5.37,104,5.38,5.37,5.37,9,9,7.0
SAE 3702,Abril,23,35028616.0,5.37,103,5.38,5.37,5.38,4,8,7.0
SAE 3702,Abril,23,35028617.0,5.37,97,5.37,5.38,5.37,6,4,6.0
SAE 3702,Abril,23,35028618.0,5.37,106,5.38,5.37,5.38,4,7,6.0
SAE 3460,Abril,23,35028554.0,12.0,45,12.05,12.02,12.01,4,6,5.0
SAE 3460,Abril,23,35028555.0,12.0,48,12.04,12.02,12.02,2,2,2.0
SAE 3460,Abril,23,35028556.0,12.0,47,12.05,12.03,12.02,3,2,2.0
SAE 3460,Abril,23,35028557.0,12.0,47,12.04,12.02,12.01,3,2,1.0
SAE 3460,Abril,23,35028558.0,12.0,47,12.05,12.04,12.01,3,3,2.0
SAE 3460,Abril,23,35028559.0,12.0,47,12.05,12.03,12.01,2,3,3.0
SAE 3460,Abril,23,35028560.0,12.0,46,12.04,12.01,12.01,2,2,3.0
SAE 3460,Abril,23,35028561.0,12.0,47,12.04,12.01,,2,2,
SAE 3460,Abril,23,35028562.0,12.0,46,12.04,12.01,,2,2,
SAE 1022,Abril,24,35028580.0,5.13,102,5.14,5.14,5.13,12,10,4.0
SAE 3460,Abril,24,35028563.0,12.0,46,12.02,12.02,12.01,10,10,8.0
SAE 3460,Abril,24,35028564.0,12.0,45,12.02,12.02,12.01,6,4,3.0
SAE 3460,Abril,24,35028565.0,12.0,46,12.02,12.02,12.0,5,3,3.0
SAE 3460,Abril,24,35028566.0,12.0,47,12.0,12.01,12.02,3,3,3.0
SAE 3460,Abril,24,35028567.0,12.0,43,12.01,12.02,12.01,3,3,2.0
SAE 1022,Abril,24,35028568.0,5.13,96,5.13,5.14,5.13,21,17,5.0
SAE 3460,Abril,24,35028569.0,12.0,43,12.03,12.02,,4,3,
SAE 3460,Abril,24,35028570.0,12.0,48,12.04,12.01,,3,2,
SAE 3460,Abril,24,35028571.0,12.0,46,12.03,12.03,,2,3,
SAE 3460,Abril,24,35028572.0,12.0,46,12.04,12.02,,3,2,
SAE 3460,Abril,24,35028573.0,12.0,47,12.02,12.03,,3,3,
SAE 3460,Abril,24,35028574.0,12.0,42,12.02,12.02,,3,3,
SAE 3460,Abril,24,35028575.0,12.0,44,12.02,12.02,,2,3,
SAE 1022,Abril,25,35028581.0,5.13,99,5.13,5.14,5.14,10,10,10.0
SAE 1022,Abril,25,35028620.0,5.13,92,5.13,5.14,5.13,13,12,6.0
SAE 3460,Abril,25,35028619.0,12.0,43,12.03,12.02,12.02,10,7,7.0
SAE 3460,Abril,25,35028621.0,12.0,47,12.02,12.0,12.0,3,3,7.0
SAE 3460,Abril,25,35028622.0,12.0,45,12.03,12.01,12.01,2,2,3.0
SAE 3460,Abril,25,35028623.0,12.0,45,12.04,12.0,,3,2,
SAE 3460,Abril,25,35028624.0,12.0,46,12.01,12.01,,3,2,
SAE 1022,Abril,26,35028625.0,5.13,98,5.12,5.12,5.14,12,12,8.0
SAE 3460,Abril,26,35028626.0,12.0,42,12.01,12.01,12.0,10,9,9.0
SAE 3460,Abril,26,35028627.0,12.0,45,12.01,12.01,12.01,3,3,3.0
SAE 3460,Abril,26,35028628.0,12.0,46,12.02,12.02,12.0,2,4,3.0
SAE 3460,Abril,26,35028629.0,12.0,48,12.02,12.01,12.01,2,2,5.0
SAE 3460,Abril,26,35028630.0,12.0,44,12.01,12.03,12.01,2,3,4.0
SAE 3460,Abril,26,35028631.0,12.0,45,12.03,12.01,12.0,2,2,4.0
SAE 1022,Abril,28,35028582.0,5.13,93,5.13,5.14,5.13,13,12,9.0
SAE 3460,Abril,28,35028632.0,12.0,45,12.02,12.0,12.01,10,7,9.0
SAE 3460,Abril,28,35028633.0,12.0,44,12.02,12.01,12.0,2,2,3.0
SAE 3460,Abril,28,35028634.0,12.0,47,12.03,12.0,12.01,2,3,3.0
SAE 3460,Abril,28,35028635.0,12.0,45,12.04,12.02,12.0,7,6,7.0
SAE 3460,Abril,28,35028636.0,12.0,45,12.01,12.0,12.0,10,10,9.0
SAE 3460,Abril,28,35028637.0,12.0,45,12.01,12.0,12.0,4,9,8.0
SAE 3460,Abril,28,35028638.0,12.0,47,12.01,12.01,12.01,9,9,8.0
SAE 3460,Abril,28,35028639.0,12.0,43,12.01,12.01,,3,4,
SAE 3460,Abril,28,35028640.0,12.0,46,12.01,12.01,,3,3,
SAE 3460,Abril,28,35028641.0,12.0,48,12.01,12.01,,2,2,
SAE 3460,Abril,28,35028642.0,12.0,45,12.01,12.01,,2,2,
SAE 3460,Abril,28,35028643.0,12.0,45,12.01,12.01,,2,2,
SAE 1022,Abril,29,35028583.0,5.13,101,5.13,5.14,5.13,13,10,10.0
SAE 3460,Abril,29,35028644.0,12.0,43,12.02,12.01,12.01,4,3,7.0
SAE 3460,Abril,29,35028645.0,12.0,43,12.03,12.01,12.0,3,2,5.0
SAE 3460,Abril,29,35028646.0,12.0,47,12.03,12.02,12.02,3,4,5.0
SAE 3460,Abril,29,35028647.0,12.0,45,12.03,12.02,12.02,3,3,3.0
SAE 3460,Abril,29,35028648.0,12.0,46,12.03,12.02,12.02,3,3,2.0
SAE 3460,Abril,29,35028649.0,12.0,45,12.03,12.02,12.02,7,5,3.0
SAE 3460,Abril,29,35028650.0,12.0,42,12.03,12.02,12.02,10,10,9.0
SAE 3460,Abril,29,35028651.0,12.0,46,12.02,12.02,12.02,9,3,4.0
SAE 3460,Abril,29,35028652.0,12.0,45,12.02,12.02,12.02,7,3,4.0
SAE 3460,Abril,29,35028653.0,12.0,45,12.03,12.02,12.02,9,3,4.0
SAE 3460,Abril,29,35028654.0,12.0,48,12.02,12.02,12.02,9,3,4.0
SAE 3460,Abril,29,35028655.0,12.0,45,12.02,12.02,12.02,9,4,3.0
SAE 1022,Abril,30,35028584.0,5.13,99,5.13,5.14,5.14,14,12,8.0
SAE 3460,Abril,30,35028656.0,12.0,44,12.03,12.0,12.01,10,10,10.0
SAE 3460,Abril,30,35028657.0,12.0,46,12.02,12.01,12.02,3,9,5.0
SAE 3460,Abril,30,35028658.0,12.0,47,12.03,12.0,12.01,2,3,6.0
SAE 3460,Abril,30,35028659.0,12.0,45,12.02,12.01,12.0,3,2,3.0
SAE 3460,Abril,30,35028660.0,12.0,49,12.02,12.02,12.02,5,3,3.0
SAE 3460,Abril,30,35028661.0,12.0,44,12.02,12.02,12.02,3,6,7.0
SAE 3460,Abril,30,35028662.0,12.0,46,12.02,12.02,12.01,3,6,7.0
SAE 3460,Abril,30,35028663.0,12.0,45,12.02,12.02,12.01,3,7,3.0
SAE 3460,Abril,30,35028664.0,12.0,47,12.03,12.02,12.02,3,3,3.0
SAE 3460,Abril,30,35028665.0,12.0,47,12.03,12.02,12.0,3,3,3.0
SAE 3460,Abril,30,35028666.0,12.0,45,12.02,12.02,12.0,2,4,3.0
SAE 3460,Abril,30,35028667.0,12.0,47,12.02,12.02,12.0,3,2,4.0
SAE 3460,Abril,30,35028668.0,12.0,45,12.02,12.02,12.0,3,2,4.0
SAE 3460,Abril,30,35028669.0,12.0,48,12.02,12.02,12.0,3,4,2.0
SAE 3460,Abril,30,35028670.0,12.0,47,12.02,12.02,12.0,3,4,3.0
SAE 3460,Abril,30,35028671.0,12.0,44,12.02,12.02,12.0,2,3,2.0
SAE 1523 LAISA,Mayo,2,35028585.0,4.4,119,4.4,4.41,4.41,12,12,8.0
SAE 3460,Mayo,2,35028675.0,12.0,43,12.03,12.0,12.02,9,10,9.0
SAE 3460,Mayo,2,35028676.0,12.0,48,12.02,12.01,12.0,4,4,7.0
SAE 3460,Mayo,2,35028677.0,12.0,46,12.03,12.0,12.02,3,3,5.0
SAE 3460,Mayo,2,35028678.0,12.0,45,12.03,12.02,12.02,3,5,7.0
SAE 3460,Mayo,2,35028679.0,12.0,46,12.03,12.02,12.02,3,3,5.0
SAE 3460,Mayo,2,35028680.0,12.0,45,12.03,12.02,12.02,5,3,3.0
SAE 3460,Mayo,2,35028681.0,12.0,47,12.03,12.02,12.02,4,2,3.0
SAE 3460,Mayo,2,35028682.0,12.0,42,12.03,12.02,12.02,3,2,2.0
SAE 3460,Mayo,2,35028683.0,12.0,46,12.03,12.02,12.02,3,3,3.0
SAE 3460,Mayo,2,35028684.0,12.0,42,12.05,12.01,12.01,1,1,2.0
SAE 3460,Mayo,2,35028685.0,12.0,42,12.05,12.01,12.01,1,2,2.0
SAE 3460,Mayo,2,35028686.0,12.0,47,12.04,12.01,12.0,2,2,2.0
SAE 3460,Mayo,2,35028687.0,12.0,45,12.03,12.02,12.01,2,2,2.0
SAE 3460,Mayo,2,35028688.0,12.0,47,12.03,12.02,12.01,1,2,2.0
SAE 1523 LAISA,Mayo,3,35028699.0,4.4,115,4.4,4.41,4.4,10,8,10.0
SAE 3460,Mayo,3,35028689.0,12.0,42,12.03,12.0,12.01,2,5,3.0
SAE 3460,Mayo,3,35028690.0,12.0,48,12.02,12.01,12.0,1,3,2.0
SAE 3460,Mayo,3,35028691.0,12.0,45,12.02,12.01,12.01,2,3,3.0
SAE 3460,Mayo,3,35028692.0,12.0,42,12.01,,12.01,2,,3.0
SAE 3460,Mayo,3,35028693.0,12.0,45,12.01,,12.01,2,,3.0
SAE 1022,Mayo,5,35028715.0,5.13,93,5.14,5.14,5.14,10,9,10.0
SAE 3460,Mayo,5,35028694.0,12.0,49,12.02,12.03,12.03,10,10,7.0
SAE 3460,Mayo,5,35028695.0,12.0,47,12.02,12.02,12.01,3,3,3.0
SAE 3460,Mayo,5,35028696.0,12.0,46,12.02,12.02,12.01,3,2,2.0
SAE 3460,Mayo,5,35028697.0,12.0,45,12.02,12.02,12.01,2,2,3.0
SAE 3460,Mayo,5,35028698.0,12.0,47,12.02,12.02,12.01,2,2,1.0
SAE 3460,Mayo,5,35028701.0,12.0,47,12.03,12.01,12.02,2,2,2.0
SAE 3460,Mayo,5,35028702.0,12.0,47,12.02,12.01,12.0,2,2,2.0
SAE 3460,Mayo,5,35028703.0,12.0,45,12.02,12.01,12.0,3,2,2.0
SAE 3460,Mayo,5,35028704.0,12.0,45,12.03,12.01,12.01,3,2,1.0
SAE 3460,Mayo,5,35028705.0,12.0,45,12.02,12.01,12.03,1,1,2.0
SAE 3460,Mayo,5,35028706.0,12.0,45,12.01,12.02,12.01,1,1,2.0
SAE 3460,Mayo,5,35028707.0,12.0,42,12.03,12.02,12.01,2,1,2.0
SAE 3460,Mayo,5,35028708.0,12.0,39,12.03,12.02,12.01,2,2,2.0
SAE 3460,Mayo,5,35028709.0,12.0,46,12.03,12.02,12.01,3,2,2.0
SAE 3460,Mayo,6,35028710.0,12.0,44,12.03,12.02,12.01,3,2,2.0
SAE 1022,Mayo,6,35028716.0,5.13,60,5.13,5.14,5.13,13,12,11.0
SAE 1022,Mayo,6,35028712.0,5.13,97,5.14,5.13,5.14,14,12,12.0
SAE 3460,Mayo,6,35028711.0,12.0,41,12.02,12.02,12.0,8,10,4.0
SAE 3460,Mayo,6,35028713.0,12.0,40,12.03,12.01,12.01,6,4,2.0
SAE 3460,Mayo,6,35028714.0,12.0,47,12.02,12.02,12.0,4,3,2.0
SAE 3460,Mayo,6,35028735.0,12.0,44,12.01,12.02,12.01,2,2,2.0
SAE 3460,Mayo,6,35028736.0,12.0,44,12.03,12.01,12.02,2,2,1.0
SAE 3460,Mayo,6,35028737.0,12.0,45,12.02,12.01,12.01,2,2,2.0
SAE 3460,Mayo,6,35028738.0,12.0,45,12.01,12.0,12.02,3,2,2.0
SAE 3460,Mayo,6,35028739.0,12.0,45,12.01,12.0,12.02,3,2,2.0
SAE 3460,Mayo,6,35028740.0,12.0,42,12.01,12.0,12.02,2,2,2.0
SAE 1022,Mayo,7,35028717.0,5.13,97,5.13,5.14,5.14,13,10,10.0
SAE 3460,Mayo,7,35028741.0,12.0,45,12.02,12.02,12.01,4,3,3.0
SAE 3460,Mayo,7,35028742.0,12.0,44,12.02,12.02,12.02,3,2,2.0
SAE 3460,Mayo,7,35028743.0,12.0,48,12.0,12.01,12.01,3,3,2.0
SAE 3460,Mayo,7,35028744.0,12.0,47,12.02,12.02,12.01,3,3,2.0
SAE 3460,Mayo,7,35028745.0,12.0,44,12.02,12.01,12.0,2,2,2.0
SAE 3460,Mayo,7,35028746.0,12.0,49,12.02,12.01,12.01,2,2,1.0
SAE 3460,Mayo,7,35028747.0,12.0,44,12.02,12.01,12.0,3,2,2.0
SAE 3460,Mayo,7,35028748.0,12.0,45,12.02,12.01,12.01,3,2,1.0
SAE 3460,Mayo,7,35028749.0,12.0,48,12.02,12.01,12.0,2,2,1.0
SAE 3460,Mayo,7,35028750.0,12.0,46,12.03,12.0,12.02,2,1,1.0
SAE 3460,Mayo,7,35028751.0,12.0,46,12.01,12.01,12.0,2,2,1.0
SAE 3460,Mayo,7,35028752.0,12.0,45,12.01,,12.0,2,,2.0
SAE 3460,Mayo,7,35028753.0,12.0,45,12.01,,12.0,2,,1.0
SAE 1022,Mayo,8,35028718.0,5.13,92,5.14,5.14,5.14,13,10,4.0
SAE 3460,Mayo,8,35028754.0,12.0,40,12.03,12.02,12.02,10,10,4.0
SAE 1022,Mayo,8,35028755.0,5.13,98,5.13,5.14,5.13,15,13,12.0
SAE 3460,Mayo,8,35028756.0,12.0,44,12.02,12.01,12.01,6,4,3.0
SAE 3460,Mayo,8,35028757.0,12.0,45,12.03,12.0,12.01,10,4,3.0
SAE 3460,Mayo,8,35028758.0,12.0,45,12.01,12.0,12.0,5,3,2.0
SAE 3460,Mayo,8,35028759.0,12.0,44,12.02,12.01,12.0,4,2,2.0
SAE 1022,Mayo,9,35028755.0,5.13,98,5.14,5.14,5.14,13,13,12.0
SAE 3460,Mayo,9,35028756.0,12.0,44,12.03,12.02,12.02,6,4,
SAE 3460,Mayo,9,35028757.0,12.0,45,12.03,12.02,12.02,10,4,3.0
SAE 3460,Mayo,9,35028758.0,12.0,45,12.03,12.02,12.02,5,3,2.0
SAE 3460,Mayo,9,35028759.0,12.0,44,12.03,12.02,12.02,4,2,2.0
SAE 1022,Mayo,9,35028719.0,5.13,93,5.14,5.14,5.14,14,13,12.0
SAE 3460,Mayo,9,35028760.0,12.0,40,12.02,12.01,12.01,5,4,9.0
SAE 3460,Mayo,9,35028761.0,12.0,47,12.02,12.01,12.01,3,3,4.0
SAE 3460,Mayo,9,35028762.0,12.0,46,12.02,12.01,12.01,8,3,3.0
SAE 3460,Mayo,9,35028763.0,12.0,45,12.02,12.01,12.01,9,8,3.0
SAE 3460,Mayo,9,35028764.0,12.0,45,12.02,12.01,12.01,9,8,2.0
SAE 3460,Mayo,9,35028765.0,12.0,47,12.02,12.01,12.01,9,3,3.0
SAE 3460,Mayo,9,35028766.0,12.0,48,12.02,12.01,12.01,7,3,3.0
SAE 3460,Mayo,9,35028767.0,12.0,45,12.03,12.01,12.0,7,3,2.0
SAE 3460,Mayo,9,35028768.0,12.0,45,12.02,12.01,12.01,11,12,11.0
SAE 3460,Mayo,9,35028769.0,12.0,46,12.02,12.01,12.02,10,9,4.0
SAE 3460,Mayo,9,35028770.0,12.0,44,12.01,12.01,12.0,10,9,4.0
SAE 3460,Mayo,9,35028771.0,12.0,43,,12.01,12.0,,8,2.0
SAE 3460,Mayo,9,35028772.0,12.0,46,,12.01,12.0,,6,2.0
SAE 1523 LAISA,Mayo,12,35028720.0,4.4,111,4.41,4.4,4.4,12,11,10.0
SAE 3460,Mayo,12,35028774.0,12.0,45,12.06,12.03,12.04,10,10,4.0
SAE 3460,Mayo,12,35028775.0,12.0,42,12.04,12.03,12.03,9,7,4.0
SAE 3460,Mayo,12,35028776.0,12.0,42,12.04,12.02,12.02,4,6,4.0
SAE 3460,Mayo,12,35028777.0,12.0,48,12.03,12.02,12.02,3,7,3.0
SAE 3460,Mayo,12,35028778.0,12.0,45,12.02,12.02,12.02,3,6,3.0
SAE 3460,Mayo,12,35028779.0,12.0,46,12.04,12.02,12.02,6,2,2.0
SAE 3460,Mayo,12,35028780.0,12.0,46,12.04,12.0,12.0,2,5,3.0
SAE 3460,Mayo,12,35028781.0,12.0,48,12.03,12.02,12.02,2,5,3.0
SAE 3460,Mayo,12,35028782.0,12.0,47,12.03,12.02,12.02,2,2,2.0
SAE 3460,Mayo,12,35028783.0,12.0,47,12.03,12.02,12.02,1,2,3.0
SAE 3460,Mayo,12,35028784.0,12.0,46,12.03,12.02,12.02,2,3,2.0
SAE 3460,Mayo,12,35028785.0,12.0,46,12.03,12.02,12.02,2,3,2.0
SAE 1022,Mayo,13,35028721.0,5.13,98,5.13,5.14,5.13,13,12,10.0
SAE 3460,Mayo,13,35028786.0,12.0,42,12.03,12.0,12.01,9,9,3.0
SAE 3460,Mayo,13,35028787.0,12.0,48,12.04,12.01,12.0,8,2,2.0
SAE 3460,Mayo,13,35028788.0,12.0,41,12.03,12.01,12.01,7,2,2.0
SAE 3460,Mayo,13,35028789.0,12.0,48,12.04,12.01,12.0,5,2,2.0
SAE 3460,Mayo,13,35028790.0,12.0,45,12.04,12.02,12.02,4,3,3.0
SAE 3460,Mayo,13,35028791.0,12.0,49,12.04,12.02,12.02,3,3,3.0
SAE 3460,Mayo,13,35028792.0,12.0,43,12.04,12.02,12.02,2,5,2.0
SAE 3460,Mayo,13,35028793.0,12.0,49,12.04,12.02,12.02,4,4,2.0
SAE 3460,Mayo,13,35028794.0,12.0,45,12.06,12.02,12.02,3,3,2.0
SAE 3460,Mayo,13,35028795.0,12.0,47,12.06,12.02,12.02,3,3,3.0
SAE 3460,Mayo,13,35028796.0,12.0,46,12.06,12.02,12.02,3,3,2.0
SAE 3460,Mayo,13,35028797.0,12.0,46,12.06,12.02,12.02,3,3,3.0
SAE 3460,Mayo,13,35028798.0,12.0,47,12.06,12.01,12.02,2,2,2.0
SAE 3460,Mayo,13,35028799.0,12.0,45,12.06,12.01,12.02,2,2,2.0
SAE 3460,Mayo,13,35028800.0,12.0,46,12.06,12.01,12.02,3,2,2.0
SAE 3460,Mayo,13,35028801.0,12.0,45,12.06,12.01,12.02,2,2,2.0
SAE 1022,Mayo,14,35028722.0,5.13,92,5.13,5.14,5.13,11,12,9.0
SAE 3460,Mayo,14,35028802.0,12.0,42,12.04,12.03,12.01,8,9,2.0
SAE 3460,Mayo,14,35028803.0,12.0,48,12.04,12.03,12.0,5,7,2.0
SAE 3460,Mayo,14,35028804.0,12.0,45,12.04,12.01,12.01,6,2,3.0
SAE 3460,Mayo,14,35028805.0,12.0,47,12.03,12.01,12.01,5,2,3.0
SAE 3460,Mayo,14,35028806.0,12.0,48,12.04,12.02,12.02,5,3,3.0
SAE 3460,Mayo,14,35028808.0,12.0,45,12.04,12.02,12.02,3,3,3.0
SAE 3460,Mayo,14,35028809.0,12.0,42,12.04,12.02,12.0,3,3,2.0
SAE 3460,Mayo,14,35028810.0,12.0,49,12.03,12.02,12.0,2,2,2.0
SAE 3460,Mayo,14,35028811.0,12.0,46,12.03,12.02,12.02,3,2,2.0
SAE 3460,Mayo,14,35028812.0,12.0,46,12.03,12.02,12.02,3,3,3.0
SAE 3460,Mayo,14,35028813.0,12.0,47,12.03,12.02,12.02,3,3,3.0
SAE 3460,Mayo,14,35028814.0,12.0,46,12.03,12.02,12.02,3,2,2.0
SAE 3460,Mayo,14,35028815.0,12.0,45,12.03,12.02,12.02,3,2,2.0
SAE 3460,Mayo,14,35028816.0,12.0,46,12.03,12.02,12.02,10,6,7.0
SAE 1022,Mayo,15,35028817.0,5.13,96,5.13,5.14,5.13,12,12,13.0
SAE 3460,Mayo,15,35028818.0,12.0,44,12.04,12.01,12.02,10,9,8.0
SAE 3460,Mayo,15,35028819.0,12.0,48,12.03,12.01,12.0,10,10,3.0
SAE 3460,Mayo,15,35028820.0,12.0,45,12.01,12.02,12.01,8,9,3.0
SAE 3460,Mayo,15,35028821.0,12.0,45,12.02,12.01,12.01,8,4,3.0
SAE 3460,Mayo,15,35028822.0,12.0,48,12.02,12.01,12.01,7,2,2.0
SAE 3460,Mayo,15,35028823.0,12.0,45,12.02,12.01,12.01,7,3,2.0
SAE 3460,Mayo,15,35028824.0,12.0,48,12.02,12.01,12.01,5,3,2.0
SAE 3460,Mayo,15,35028825.0,12.0,45,12.02,12.01,12.01,5,2,2.0
SAE 3460,Mayo,15,35028828.0,12.0,45,12.02,12.01,12.01,5,2,2.0
SAE 3460,Mayo,15,35028829.0,12.0,48,12.01,12.0,12.0,3,2,2.0
SAE 3460,Mayo,15,35028830.0,12.0,48,12.01,12.0,12.0,3,3,2.0
SAE 3460,Mayo,15,35028831.0,12.0,45,12.01,12.0,12.0,4,2,2.0
SAE 3460,Mayo,15,35028832.0,12.0,47,12.01,12.0,12.0,3,2,2.0
SAE 3460,Mayo,15,35028833.0,12.0,43,12.01,12.0,12.0,3,2,2.0
SAE 1022,Mayo,16,35028726.0,5.13,96,5.13,5.14,5.13,10,12,10.0
SAE 3460,Mayo,16,35028834.0,12.0,42,12.03,12.01,12.01,8,9,3.0
SAE 3460,Mayo,16,35028835.0,12.0,44,12.02,12.0,12.01,5,6,3.0
SAE 3460,Mayo,16,35028836.0,12.0,48,12.03,12.01,12.0,3,3,2.0
SAE 3460,Mayo,16,35028837.0,12.0,45,12.06,12.01,12.01,4,4,3.0
SAE 3460,Mayo,16,35028838.0,12.0,45,12.06,12.01,12.01,4,4,3.0
SAE 3460,Mayo,16,35028839.0,12.0,45,12.06,12.02,12.02,4,3,3.0
SAE 3460,Mayo,16,35028840.0,12.0,48,12.06,12.02,12.02,5,4,
SAE 3460,Mayo,16,35028841.0,12.0,45,12.06,12.01,12.02,4,3,3.0
SAE 3460,Mayo,16,35028842.0,12.0,46,12.06,12.01,12.02,6,3,3.0
SAE 3460,Mayo,16,35028843.0,12.0,47,12.06,12.01,12.02,5,3,3.0
SAE 3460,Mayo,16,35028844.0,12.0,46,12.06,12.01,12.02,4,3,3.0
SAE 3460,Mayo,16,35028845.0,12.0,44,12.06,12.01,12.02,4,3,3.0
SAE 3460,Mayo,16,35028846.0,12.0,46,12.06,12.01,12.02,3,3,3.0
SAE 3460,Mayo,16,35028847.0,12.0,44,12.06,12.01,12.02,3,2,2.0
SAE 3460,Mayo,16,35028848.0,12.0,42,12.06,12.01,12.02,2,2,2.0
SAE 1022,Mayo,17,35028723.0,5.13,99,5.13,5.14,5.13,12,13,12.0
SAE 3460,Mayo,17,35028849.0,12.0,43,12.04,12.02,12.02,9,9,3.0
SAE 3460,Mayo,17,35028850.0,12.0,48,12.04,12.02,12.02,6,6,3.0
SAE 3460,Mayo,17,35028851.0,12.0,45,12.04,12.02,12.02,3,3,2.0
SAE 3460,Mayo,17,35028852.0,12.0,48,12.04,12.02,12.02,5,4,4.0
SAE 3460,Mayo,17,35028853.0,12.0,39,12.04,,12.02,4,,3.0
SAE 3460,Mayo,17,35028854.0,12.0,45,12.04,,12.02,4,,3.0
SAE 1022,Mayo,19,35028724.0,5.13,95,5.13,5.12,5.13,10,13,10.0
SAE 3460,Mayo,19,35028855.0,12.0,40,12.04,12.01,12.01,10,10,3.0
SAE 3460,Mayo,19,35028856.0,12.0,48,12.04,12.01,12.01,9,9,2.0
SAE 3460,Mayo,19,35028857.0,12.0,45,12.04,12.01,12.01,3,3,3.0
SAE 3460,Mayo,19,35028858.0,12.0,44,12.03,12.0,12.0,3,3,2.0
SAE 3460,Mayo,19,35028859.0,12.0,47,12.02,12.01,12.01,3,2,2.0
SAE 3460,Mayo,19,35028860.0,12.0,46,12.03,12.01,12.02,2,3,2.0
SAE 3460,Mayo,19,35028861.0,12.0,46,12.04,12.01,12.0,2,3,2.0
SAE 3460,Mayo,19,35028862.0,12.0,45,12.02,12.0,12.01,2,3,2.0
SAE 3460,Mayo,19,35028863.0,12.0,48,12.03,12.02,12.01,3,3,2.0
SAE 3460,Mayo,19,35028864.0,12.0,46,12.04,12.01,12.0,3,2,3.0
SAE 3460,Mayo,19,35028865.0,12.0,45,12.04,12.01,12.01,2,2,2.0
SAE 3460,Mayo,19,35028866.0,12.0,45,12.0,12.0,12.01,2,2,2.0
SAE 3460,Mayo,19,35028867.0,12.0,45,12.0,12.0,12.01,2,2,2.0
SAE 3460,Mayo,19,35028868.0,12.0,46,12.0,12.0,12.01,2,2,2.0
SAE 1022,Mayo,20,35028725.0,5.13,86,5.14,5.13,5.13,11,12,5.0
SAE 3460,Mayo,20,35028869.0,12.0,42,12.04,12.02,12.02,10,10,3.0
SAE 3460,Mayo,20,35028870.0,12.0,46,12.04,12.02,12.02,3,3,3.0
SAE 3460,Mayo,20,35028871.0,12.0,44,12.04,12.02,12.01,3,2,3.0
SAE 3460,Mayo,20,35028872.0,12.0,46,12.04,12.02,12.0,2,3,1.0
SAE 3460,Mayo,20,35028873.0,12.0,48,12.04,12.02,12.01,2,3,2.0
SAE 3460,Mayo,20,35028874.0,12.0,45,12.03,12.01,12.0,2,3,2.0
SAE 3460,Mayo,20,35028875.0,12.0,48,12.03,12.01,12.0,3,2,2.0
SAE 3460,Mayo,20,35028876.0,12.0,48,12.04,12.0,12.02,2,3,2.0
SAE 3460,Mayo,20,35028877.0,12.0,48,12.04,12.01,12.01,2,3,1.0
SAE 3460,Mayo,20,35028878.0,12.0,43,12.03,12.0,12.0,3,2,3.0
SAE 3460,Mayo,20,35028879.0,12.0,41,12.02,12.01,12.0,2,2,2.0
SAE 3460,Mayo,20,35028881.0,12.0,46,12.02,,12.02,2,,2.0
SAE 3460,Mayo,20,35028882.0,12.0,42,12.02,,12.03,2,,2.0
SAE 1022,Mayo,21,35028727.0,5.13,93,5.13,5.12,5.12,12,12,10.0
SAE 3460,Mayo,21,35028883.0,12.0,45,12.03,12.02,12.02,8,10,3.0
SAE 3460,Mayo,21,35028884.0,12.0,48,12.03,12.02,12.02,6,3,3.0
SAE 3460,Mayo,21,35028885.0,12.0,45,12.04,12.01,12.0,4,3,3.0
SAE 3460,Mayo,21,35028886.0,12.0,46,12.04,12.01,12.0,3,2,2.0
SAE 3460,Mayo,21,35028887.0,12.0,46,12.04,12.01,12.0,2,2,2.0
SAE 3460,Mayo,21,35028888.0,12.0,46,12.04,12.01,12.0,2,3,2.0
SAE 3460,Mayo,21,35028889.0,12.0,48,12.03,12.0,12.01,2,3,1.0
SAE 3460,Mayo,21,35028890.0,12.0,45,12.03,12.01,12.01,2,3,2.0
SAE 3460,Mayo,21,35028891.0,12.0,48,12.03,12.01,12.01,2,3,1.0
SAE 3460,Mayo,21,35028892.0,12.0,44,12.03,12.01,12.01,2,2,2.0
SAE 1022,Mayo,21,35028893.0,5.13,99,5.13,5.12,5.12,10,10,10.0
SAE 3460,Mayo,21,35028894.0,12.0,45,12.0,12.01,12.0,8,4,3.0
SAE 3460,Mayo,21,35028895.0,12.0,44,12.0,12.01,12.01,8,3,3.0
SAE 1022,Mayo,22,35028728.0,5.13,91,5.14,5.13,5.13,12,12,10.0
SAE 3460,Mayo,22,35028896.0,12.0,42,12.02,12.0,12.0,9,10,9.0
SAE 3460,Mayo,22,35028897.0,12.0,47,12.02,12.0,12.0,3,3,3.0
SAE 3460,Mayo,22,35028898.0,12.0,48,12.02,12.0,12.0,3,2,2.0
SAE 3460,Mayo,22,35028899.0,12.0,46,12.02,12.0,12.0,3,2,2.0
SAE 3460,Mayo,22,35028900.0,12.0,46,12.02,12.0,12.0,3,2,1.0
SAE 3460,Mayo,22,35028901.0,12.0,44,12.02,12.0,12.0,3,2,2.0
SAE 1022,Mayo,22,35028905.0,5.13,100,5.13,5.14,5.13,3,9,4.0
SAE 1022,Mayo,22,35028906.0,5.13,107,5.13,5.14,5.12,5,9,4.0
SAE 1022,Mayo,22,35028907.0,5.13,110,5.13,5.13,5.14,5,4,3.0
SAE 1022,Mayo,22,35028908.0,5.13,104,5.13,5.14,5.14,5,4,4.0
SAE 1022,Mayo,22,35028909.0,5.13,111,5.12,5.13,5.14,2,2,2.0
SAE 1022,Mayo,22,35028910.0,5.13,109,5.13,5.14,5.13,5,3,3.0
SAE 1022,Mayo,22,35028911.0,5.13,109,5.12,5.13,5.14,5,3,2.0
SAE 1022,Mayo,22,35028912.0,5.13,106,5.14,5.14,5.13,3,5,5.0
SAE 1022,Mayo,22,35028913.0,5.13,102,5.14,5.14,5.13,4,5,4.0
SAE 1022,Mayo,23,35028914.0,5.13,97,5.14,5.14,5.13,10,10,10.0
SAE 1022,Mayo,23,35028915.0,5.13,111,5.14,5.14,5.13,10,10,4.0
SAE 1022,Mayo,23,35028916.0,5.13,104,5.14,5.14,5.13,9,9,5.0
SAE 1022,Mayo,23,35028917.0,5.13,106,5.14,5.13,5.13,8,9,4.0
SAE 1022,Mayo,23,35028918.0,5.13,109,5.14,,5.14,9,,5.0
SAE 1022,Mayo,23,35028919.0,5.13,107,5.13,,5.13,8,,4.0
SAE 1022,Mayo,26,35028920.0,5.13,102,5.13,5.14,5.14,12,12,12.0
SAE 1022,Mayo,26,35028921.0,5.13,107,5.14,5.13,5.14,9,10,10.0
SAE 1022,Mayo,26,35028922.0,5.13,114,5.14,5.14,5.13,8,10,8.0
SAE 1022,Mayo,26,35028923.0,5.13,107,5.13,5.13,5.14,8,9,7.0
SAE 1022,Mayo,26,35028924.0,5.13,0,,,,,,
SAE 1022,Mayo,26,35028925.0,5.13,104,5.14,5.13,5.13,12,12,11.0
SAE 1022,Mayo,26,35028926.0,5.13,112,5.14,5.13,5.13,10,10,10.0
SAE 1022,Mayo,26,35028927.0,5.13,106,5.14,5.13,5.13,10,7,8.0
SAE 1022,Mayo,26,35028928.0,5.13,112,5.14,5.13,5.13,9,9,9.0
SAE 1022,Mayo,26,35028929.0,5.13,107,5.14,5.13,5.13,9,10,10.0
SAE 1022,Mayo,26,35028930.0,5.13,125,5.13,5.14,5.13,5,2,2.0
SAE 1022,Mayo,26,35028935.0,5.13,101,5.13,5.13,5.14,4,2,2.0
SAE 1022,Mayo,26,35028936.0,5.13,108,5.13,5.13,5.14,5,2,2.0
SAE 1022,Mayo,26,35028937.0,5.13,106,5.13,5.14,5.13,9,4,3.0
SAE 1022,Mayo,27,35028938.0,5.13,104,4.71,4.7,4.7,8,4,10.0
SAE 1030,Mayo,27,35028941.0,4.7,112,4.7,4.71,4.71,10,10,9.0
SAE 1030,Mayo,27,35028942.0,4.7,123,4.71,4.7,4.71,10,5,3.0
SAE 1030,Mayo,27,35028943.0,4.7,112,4.71,4.71,4.71,7,3,3.0
SAE 1030,Mayo,27,35028944.0,4.7,119,4.71,4.71,4.71,5,3,3.0
SAE 1030,Mayo,27,35028945.0,4.7,120,4.71,4.71,4.71,4,3,3.0
SAE 1030,Mayo,27,35028946.0,4.7,125,4.7,4.71,4.71,3,2,2.0
SAE 1030,Mayo,27,35028947.0,4.7,126,4.7,4.71,4.71,3,2,2.0
SAE 1030,Mayo,27,35028949.0,4.7,122,4.7,4.71,4.71,2,2,2.0
SAE 1030,Mayo,27,35028950.0,4.7,104,4.7,4.7,4.71,7,2,5.0
SAE 1030,Mayo,27,35028948.0,4.7,121,4.7,4.7,4.71,4,3,3.0
SAE 1030,Mayo,27,35028951.0,4.7,119,4.7,4.71,4.71,3,2,2.0
SAE 1030,Mayo,27,35028952.0,4.7,116,4.7,4.7,4.71,3,2,2.0
SAE 1030,Mayo,27,35028953.0,4.7,118,4.7,4.7,4.71,3,2,2.0
SAE 1022,Mayo,28,35028939.0,5.13,99,5.13,5.14,5.13,12,12,10.0
SAE 1030,Mayo,28,35028954.0,4.7,109,4.71,4.7,4.7,10,9,7.0
SAE 1030,Mayo,28,35028955.0,4.7,111,4.7,4.71,4.71,9,10,10.0
SAE 1030,Mayo,28,35028956.0,4.7,122,4.7,4.71,4.71,9,9,6.0
SAE 1030,Mayo,28,35028957.0,4.7,121,4.7,4.71,4.71,9,9,5.0
SAE 1030,Mayo,28,35028958.0,4.7,128,4.7,4.7,4.71,9,9,4.0
SAE 1030,Mayo,28,35028959.0,4.7,106,4.7,4.71,4.71,9,8,4.0
SAE 1030,Mayo,28,35028960.0,4.7,120,4.7,4.71,4.71,3,3,3.0
SAE 1030,Mayo,28,35028961.0,4.7,122,4.7,4.71,4.71,3,3,2.0
SAE 1030,Mayo,28,35028962.0,4.7,121,4.7,4.71,4.71,3,3,2.0
SAE 1030,Mayo,28,35028963.0,4.7,122,4.7,4.71,4.71,3,10,3.0
SAE 1030,Mayo,28,35028964.0,4.7,121,4.7,4.71,4.71,2,8,2.0
SAE 1030,Mayo,28,35028966.0,4.7,121,4.7,4.71,4.71,2,7,2.0
SAE 1030,Mayo,28,35028967.0,4.7,108,4.7,4.71,4.71,2,7,2.0
SAE 1022,Mayo,29,35028940.0,5.13,100,5.13,5.14,5.13,12,12,10.0
SAE 1030,Mayo,29,35028968.0,4.7,120,4.7,4.71,4.7,10,10,5.0
SAE 1030,Mayo,29,35028969.0,4.7,122,4.71,4.7,4.71,10,3,2.0
SAE 1030,Mayo,29,35028970.0,4.7,113,4.7,4.7,4.71,10,3,3.0
SAE 1030,Mayo,29,35028976.0,4.7,129,4.7,4.7,4.71,10,10,4.0
SAE 1022,Mayo,29,35028977.0,5.13,91,5.15,5.13,5.13,10,12,10.0
SAE 1022,Mayo,29,35028978.0,5.13,106,5.15,5.13,5.13,10,12,9.0
SAE 1022,Mayo,29,35028979.0,5.13,110,5.15,5.13,5.13,10,12,5.0
SAE 1022,Mayo,29,35028980.0,5.13,121,5.14,5.13,5.13,10,12,5.0
SAE 1022,Mayo,29,35028981.0,5.13,90,5.14,5.13,5.13,8,12,8.0
SAE 1022,Mayo,29,35028982.0,5.13,109,5.14,,5.14,10,,10.0
SAE 1022,Mayo,29,35028983.0,5.13,103,5.14,,5.14,10,,10.0
SAE 1022,Mayo,29,35028984.0,5.13,103,5.14,,5.14,10,,10.0
SAE 1022,Mayo,30,35028985.0,5.13,112,5.13,5.14,5.13,13,12,11.0
SAE 1022,Mayo,30,35028986.0,5.13,106,5.14,5.13,5.13,12,12,8.0
SAE 1022,Mayo,30,35028987.0,5.13,115,5.14,5.14,5.13,12,10,7.0
SAE 1022,Mayo,30,35028988.0,5.13,99,5.13,5.14,5.14,12,10,5.0
SAE 1022,Mayo,30,35028989.0,5.13,102,5.13,5.14,5.14,12,11,5.0
SAE 1022,Mayo,30,35028990.0,5.13,99,5.13,5.14,5.14,12,11,6.0
SAE 1022,Mayo,30,35028991.0,5.13,102,5.13,5.14,5.14,12,11,5.0
SAE 1022,Mayo,30,35028992.0,5.13,118,5.13,5.14,5.14,12,11,5.0
SAE 1022,Mayo,30,35028993.0,5.13,104,5.13,5.14,5.14,12,11,5.0
SAE 1022,Mayo,30,35028994.0,5.13,107,5.14,5.13,5.14,12,12,6.0
SAE 1022,Mayo,30,35028995.0,5.13,103,5.14,5.13,5.14,12,12,6.0
SAE 1022,Mayo,30,35028996.0,5.13,107,5.14,5.13,5.14,12,12,6.0
SAE 1022,Mayo,31,35028997.0,5.13,101,5.14,5.13,5.14,14,13,12.0
SAE 1022,Mayo,31,35028998.0,5.13,106,5.14,5.13,5.14,12,12,7.0
SAE 1022,Mayo,31,35028999.0,5.13,109,5.14,5.13,5.14,12,12,5.0
SAE 1022,Mayo,31,35029000.0,5.13,105,5.14,5.13,5.14,13,12,5.0
SAE 1022,Mayo,31,35029001.0,5.13,113,5.13,5.14,5.14,13,11,5.0
SAE 1022,Mayo,31,35029002.0,5.13,107,5.13,,5.14,13,,5.0
SAE 1022,Mayo,31,35029003.0,5.13,104,5.13,,5.14,13,,5.0
SAE 1011,Julio,22,35029010.0,4.4,120,4.42,4.4,4.4,8,5,5.0
SAE 1011,Julio,22,35029011.0,4.4,123,4.41,4.4,4.4,8,5,5.0
SAE 1011,Julio,22,35029012.0,4.4,124,4.4,4.41,4.4,4,3,3.0
SAE 1011,Julio,24,35029013.0,4.4,114,4.41,4.41,4.41,5,3,6.0
SAE 1022,Julio,24,35029027.0,5.13,95,5.14,5.14,5.14,8,5,6.0
SAE 1022,Julio,24,35029028.0,5.13,102,5.14,5.14,5.14,6,2,3.0
SAE 1022,Julio,24,35029029.0,5.13,106,5.14,5.14,5.14,8,6,8.0
SAE 1022,Julio,24,35029030.0,5.13,113,5.14,5.14,5.14,8,8,7.0
SAE 1022,Julio,24,35029031.0,5.13,103,5.14,5.14,5.14,8,6,5.0
SAE 1022,Julio,24,35029032.0,5.13,107,5.14,5.14,5.14,2,2,5.0
SAE 1022,Julio,25,35029033.0,5.13,105,5.13,5.13,5.12,10,10,10.0
SAE 1022,Julio,25,35029034.0,5.13,105,5.13,5.13,5.13,8,9,8.0
SAE 1022,Julio,25,35029035.0,5.13,109,5.13,5.13,5.13,10,8,6.0
SAE 1022,Julio,25,35029036.0,5.13,110,5.13,5.13,5.13,10,3,5.0
SAE 1022,Julio,25,35029037.0,5.13,103,5.13,5.13,5.13,9,2,5.0
SAE 1022,Julio,25,35029038.0,5.13,109,5.13,5.13,5.13,10,5,6.0
SAE 1022,Julio,25,35029039.0,5.13,109,5.13,5.13,5.13,9,4,5.0
SAE 1022,Julio,25,35029040.0,5.13,108,5.13,5.13,5.13,9,7,5.0
SAE 1022,Julio,25,35029041.0,5.13,112,5.13,5.13,5.13,9,8,5.0
SAE 1022,Julio,25,35029042.0,5.13,111,5.13,5.13,5.13,4,6,5.0
SAE 1022,Julio,25,35029043.0,5.13,109,5.13,5.13,5.13,9,7,6.0
SAE 1022,Julio,25,35029044.0,5.13,106,5.13,5.13,5.13,8,3,4.0
SAE 1022,Julio,25,35029045.0,5.13,104,5.13,5.13,5.13,8,3,4.0
SAE 1022,Julio,26,3029046.0,5.13,103,5.13,5.13,5.13,10,10,9.0
SAE 1022,Julio,26,35029047.0,5.13,108,5.13,5.13,5.13,10,9,8.0
SAE 1022,Julio,26,35029048.0,5.13,104,5.13,5.13,5.13,9,7,7.0
SAE 1030,Julio,26,35029049.0,4.7,108,4.7,4.7,4.69,10,9,6.0
SAE 1022,Julio,26,35029050.0,5.13,97,,5.13,5.13,,8,10.0
SAE 1022,Julio,26,35029051.0,5.13,98,,5.13,5.13,,8,10.0
SAE 1011,Julio,28,35029014.0,4.4,116,4.41,4.41,4.4,6,6,3.0
SAE 1011,Julio,28,35029015.0,4.4,122,4.41,4.41,4.41,5,6,3.0
SAE 1011,Julio,28,35029016.0,4.4,121,4.41,4.41,4.41,4,4,3.0
SAE 1022,Julio,28,35029052.0,5.13,114,5.13,5.13,5.14,9,9,6.0
SAE 1022,Julio,28,35029054.0,5.13,99,5.13,5.13,5.14,9,9,6.0
SAE 1022,Julio,28,35029053.0,5.13,110,5.13,5.13,5.14,8,9,4.0
SAE 1022,Julio,28,35029055.0,5.13,107,5.13,5.13,5.14,8,9,4.0
SAE 1022,Julio,28,35029056.0,5.13,105,5.13,5.13,5.14,10,11,10.0
SAE 1011,Julio,29,35029069.0,4.4,113,4.41,4.41,4.4,4,5,3.0
SAE 1011,Julio,29,35029070.0,4.4,123,4.41,4.41,4.4,3,2,2.0
SAE 1011,Julio,29,35029071.0,4.4,126,4.41,4.41,4.4,3,2,1.0
SAE 1011,Julio,29,35029072.0,4.4,130,4.41,4.41,4.4,2,2,2.0
SAE 1011,Julio,29,35029073.0,4.4,121,4.41,4.41,4.4,3,3,3.0
SAE 1011,Julio,29,35029074.0,4.4,16,4.41,4.41,4.41,4,4,3.0
SAE 1011,Julio,29,35029075.0,4.4,125,4.41,4.41,4.4,2,4,3.0
SAE 1011,Julio,29,35029076.0,4.4,126,4.41,4.41,4.41,4,4,4.0
SAE 1011,Julio,29,35029077.0,4.4,121,4.41,4.41,4.41,5,4,4.0
SAE 1011,Julio,30,35029078.0,4.4,115,4.41,4.41,4.41,6,5,5.0
SAE 1011,Julio,30,35029079.0,4.4,126,4.42,4.41,4.41,5,3,5.0
SAE 1011,Julio,30,35029080.0,4.4,125,4.42,4.4,4.41,4,4,5.0
SAE 1011,Julio,30,35029081.0,4.4,127,4.41,4.41,4.42,2,2,1.0
SAE 1011,Julio,30,35029082.0,4.4,124,4.41,4.41,4.41,2,2,2.0
SAE 1011,Julio,30,35029083.0,4.4,126,4.41,4.41,4.41,2,3,2.0
SAE 1011,Julio,30,35029084.0,4.4,124,4.41,4.41,4.41,10,10,5.0
SAE 1022,Julio,30,35029087.0,5.13,104,5.13,5.13,5.13,10,10,6.0
SAE 1022,Julio,30,35029088.0,5.13,108,5.13,5.13,5.13,10,10,9.0
SAE 1022,Julio,30,35029089.0,5.13,108,5.13,5.13,5.13,8,10,8.0
SAE 1022,Julio,30,35029090.0,5.13,113,5.13,5.13,5.13,10,10,8.0
SAE 1022,Julio,30,35029091.0,5.13,100,5.13,5.14,5.13,8,8,6.0
SAE 1022,Julio,31,35029092.0,5.13,104,5.13,,5.13,12,,10.0
SAE 1022,Julio,31,35029093.0,5.13,99,5.13,,5.13,12,,9.0
SAE 1022,Julio,31,35029094.0,5.13,105,5.13,,5.14,8,,5.0
SAE 1022,Julio,31,35029095.0,5.13,104,5.13,,5.14,7,,8.0
SAE 1022,Julio,31,35029096.0,5.13,107,5.13,5.13,5.13,12,9,12.0
SAE 1022,Julio,31,35029097.0,5.13,98,5.13,5.13,5.13,12,10,12.0
SAE 1022,Agosto,1,35029098.0,5.13,99,5.13,5.14,5.14,11,11,10.0
SAE 1022,Agosto,1,35029107.0,5.13,109,5.15,5.15,5.13,10,10,9.0
SAE 1022,Agosto,1,35029108.0,5.13,97,5.15,5.15,5.13,10,10,8.0
SAE 1022,Agosto,1,35029109.0,5.13,106,5.15,5.15,5.13,8,9,7.0
SAE 1022,Agosto,1,35029110.0,5.13,107,5.15,5.15,5.13,9,10,8.0
SAE 1022,Agosto,1,35029111.0,5.13,118,5.15,5.15,5.13,9,10,8.0
SAE 1022,Agosto,1,35029112.0,5.13,99,5.15,5.15,5.13,8,10,6.0
SAE 1022,Agosto,1,35029113.0,5.13,109,5.15,5.15,5.13,8,10,6.0
SAE 1022,Agosto,1,35029114.0,5.13,110,5.15,5.15,5.13,8,10,7.0
SAE 1022,Agosto,1,35029115.0,5.13,110,5.13,5.15,5.13,8,10,8.0
SAE 1022,Agosto,1,35029116.0,5.13,110,5.15,5.15,5.13,8,10,7.0
SAE 1022,Agosto,1,35029117.0,5.13,104,5.13,5.13,5.13,9,10,8.0
SAE 1022,Agosto,2,35029118.0,5.13,100,5.13,5.13,5.13,11,11,10.0
SAE 1022,Agosto,2,35029119.0,5.13,102,5.13,5.14,5.14,8,9,8.0
SAE 1022,Agosto,2,35029120.0,5.13,102,5.13,5.14,5.14,9,10,9.0
SAE 1022,Agosto,2,35029121.0,5.13,107,5.13,5.14,5.14,8,8,7.0
SAE 1022,Agosto,2,35029122.0,5.13,106,5.13,5.14,5.14,10,10,8.0
SAE 1022,Agosto,2,35029123.0,5.13,108,5.13,5.14,5.14,8,7,4.0
SAE 1022,Agosto,2,35029124.0,5.13,109,5.13,5.13,5.13,8,8,4.0
SAE 1022,Agosto,2,35029125.0,5.13,102,5.13,5.13,5.13,9,9,6.0
SAE 1022,Agosto,4,35029126.0,5.13,100,5.14,5.14,5.13,11,12,10.0
SAE 1022,Agosto,4,35029127.0,5.13,104,5.14,5.14,5.13,10,10,9.0
SAE 1022,Agosto,4,35029128.0,5.13,102,5.14,5.14,5.13,10,8,7.0
SAE 1022,Agosto,4,35029129.0,5.13,105,5.14,5.14,5.13,10,8,5.0
SAE 1022,Agosto,4,35029130.0,5.13,107,5.14,5.14,5.13,10,8,7.0
SAE 1022,Agosto,4,35029131.0,5.13,102,5.14,5.14,5.13,10,8,6.0
SAE 1022,Agosto,4,35029132.0,5.13,106,5.14,5.14,5.13,8,7,9.0
SAE 1022,Agosto,4,35029133.0,5.13,106,5.15,5.14,5.14,5,5,9.0
SAE 1022,Agosto,4,35029134.0,5.13,107,5.15,5.14,5.14,9,6,7.0
SAE 1022,Agosto,4,35029135.0,5.13,103,5.14,5.14,5.14,9,5,6.0
SAE 1022,Agosto,4,35029136.0,5.13,111,5.14,5.14,5.13,9,6,7.0
SAE 1022,Agosto,4,35029137.0,5.13,99,5.14,5.14,5.13,6,7,5.0
SAE 1022,Agosto,4,35029138.0,5.13,104,5.14,5.14,5.13,7,6,4.0
SAE 1022,Agosto,4,35029139.0,5.13,103,5.14,5.14,5.13,3,6,
SAE 1022,Agosto,4,35029140.0,5.13,110,5.14,5.13,5.14,7,7,6.0
SAE 1022,Agosto,4,35029141.0,5.13,99,5.14,5.13,5.14,8,4,7.0
SAE 1022,Agosto,5,35029142.0,5.13,104,5.14,5.14,5.13,13,13,10.0
SAE 1022,Agosto,5,35029143.0,5.13,104,5.14,5.14,5.13,10,10,10.0
SAE 1022,Agosto,5,35029144.0,5.13,99,5.14,5.14,5.13,10,10,7.0
SAE 1022,Agosto,5,35029145.0,5.13,110,5.14,5.14,5.13,9,9,8.0
SAE 1022,Agosto,5,35029146.0,5.13,105,5.14,5.14,5.13,10,9,7.0
SAE 1022,Agosto,5,35029147.0,5.13,102,5.14,5.14,5.13,10,9,8.0
SAE 1022,Agosto,5,35029148.0,5.13,119,5.14,5.14,5.13,2,1,3.0
SAE 1022,Agosto,5,35029149.0,5.13,105,5.14,5.14,5.13,4,3,3.0
SAE 1022,Agosto,5,35029150.0,5.13,107,5.14,5.14,5.13,3,3,2.0
SAE 1022,Agosto,5,35029151.0,5.13,99,5.14,5.14,5.13,4,2,3.0
SAE 1022,Agosto,5,35029152.0,5.13,120,5.14,5.14,5.13,4,2,3.0
SAE 1022,Agosto,5,35029153.0,5.13,98,5.14,5.14,5.13,4,2,3.0
SAE 1022,Agosto,5,35029154.0,5.13,107,5.14,5.14,5.13,3,4,1.0
SAE 1022,Agosto,5,35029155.0,5.13,107,5.14,5.14,5.13,1,3,2.0
SAE 1022,Agosto,5,35029156.0,5.13,110,5.14,5.14,5.13,1,2,3.0
SAE 1022,Agosto,5,35029157.0,5.13,97,5.13,5.14,5.13,2,2,2.0
SAE 1022,Agosto,6,35029158.0,5.13,104,5.14,5.14,5.13,10,10,3.0
SAE 1022,Agosto,6,35029159.0,5.13,105,5.14,5.14,5.13,3,5,7.0
SAE 1022,Agosto,6,35029160.0,5.13,111,5.14,5.14,5.13,5,5,7.0
SAE 1022,Agosto,6,35029161.0,5.13,106,5.14,5.14,5.13,9,5,5.0
SAE 1022,Agosto,6,35029162.0,5.13,104,5.14,5.14,5.13,9,5,3.0
SAE 1022,Agosto,6,35029163.0,5.13,107,5.14,5.14,5.13,9,5,3.0
SAE 1022,Agosto,6,35029164.0,5.13,108,5.14,5.14,5.13,9,6,4.0
SAE 1022,Agosto,6,35029165.0,5.13,107,5.15,5.14,5.13,10,6,3.0
SAE 1022,Agosto,6,35029166.0,5.13,69,5.14,5.14,5.13,8,6,3.0
SAE 1022,Agosto,6,35029167.0,5.13,112,5.14,5.14,5.13,10,12,6.0
SAE 1022,Agosto,6,35029168.0,5.13,96,5.14,5.14,5.13,10,10,6.0
SAE 1022,Agosto,6,35029169.0,5.13,112,5.14,5.14,5.13,10,10,5.0
SAE 1022,Agosto,6,35029170.0,5.13,102,5.14,5.14,5.13,10,10,6.0
SAE 1022,Agosto,7,35029171.0,5.13,104,5.14,5.14,5.13,10,10,7.0
SAE 1022,Agosto,7,35029172.0,5.13,108,5.14,5.14,5.13,9,10,5.0
SAE 1022,Agosto,7,35029173.0,5.13,106,5.14,5.14,5.13,7,10,5.0
SAE 1022,Agosto,7,35029174.0,5.13,115,5.14,5.14,5.13,7,10,3.0
SAE 1022,Agosto,7,35029175.0,5.13,101,5.14,5.14,5.13,8,7,6.0
SAE 1022,Agosto,7,35029176.0,5.13,114,5.14,5.14,5.13,8,8,6.0
SAE 1022,Agosto,7,35029177.0,5.13,101,5.14,5.14,5.13,4,6,8.0
SAE 1022,Agosto,7,35029178.0,5.13,106,5.15,5.15,5.13,8,8,3.0
SAE 1022,Agosto,7,35029179.0,5.13,111,5.14,5.15,5.14,7,8,7.0
SAE 1022,Agosto,7,35029180.0,5.13,111,5.14,5.14,5.14,7,7,7.0
SAE 1022,Agosto,7,35029181.0,5.13,109,5.14,5.14,5.13,7,6,7.0
SAE 1022,Agosto,7,35029182.0,5.13,108,5.15,5.14,5.13,8,6,5.0
SAE 1022,Agosto,7,35029183.0,5.13,111,5.14,5.14,5.14,9,7,4.0
SAE 1022,Agosto,7,35029184.0,5.13,108,5.15,5.15,5.14,8,6,4.0
SAE 1022,Agosto,7,35029185.0,5.13,108,5.14,5.13,5.13,8,6,4.0
SAE 1022,Agosto,7,35029186.0,5.13,95,5.14,5.13,5.13,9,5,4.0
SAE 1030,Agosto,7,35029211.0,4.7,106,4.71,4.71,4.71,10,10,7.0
SAE 1030,Agosto,8,35029212.0,4.7,98,4.71,4.71,4.71,7,3,3.0
SAE 1030,Agosto,8,35029213.0,4.7,113,4.71,4.71,4.71,7,3,3.0
SAE 1030,Agosto,8,35029214.0,4.7,113,4.71,4.71,4.71,3,3,3.0
SAE 1030,Agosto,8,35029215.0,4.7,112,4.71,4.71,4.71,5,3,3.0
SAE 1030,Agosto,8,35029216.0,4.7,109,4.71,4.71,4.7,2,2,2.0
SAE 1030,Agosto,8,35029217.0,4.7,114,4.71,4.71,4.7,10,10,6.0
SAE 1030,Agosto,8,35029218.0,4.7,116,4.71,4.71,4.7,8,9,8.0
SAE 1030,Agosto,8,35029219.0,4.7,120,4.71,4.71,4.7,6,7,4.0
SAE 1030,Agosto,8,35029220.0,4.7,128,4.71,4.71,4.7,2,3,4.0
SAE 1030,Agosto,8,35029221.0,4.7,104,4.71,4.71,4.7,5,7,2.0
SAE 1022,Agosto,9,35029227.0,5.13,99,5.13,5.14,5.14,10,10,10.0
SAE 1022,Agosto,9,35029228.0,5.13,113,5.13,5.14,5.14,10,12,10.0
SAE 1022,Agosto,9,35029229.0,5.13,108,5.13,5.14,5.14,10,9,8.0
SAE 1022,Agosto,9,35029230.0,5.13,109,5.13,5.14,5.14,10,9,7.0
SAE 1022,Agosto,9,35029231.0,5.13,113,5.13,5.14,5.14,10,9,7.0
SAE 1022,Agosto,9,35029232.0,5.13,108,5.13,5.14,5.14,7,10,10.0
SAE 1022,Agosto,9,35029233.0,5.13,111,,5.14,5.14,,9,8.0
SAE 1022,Agosto,9,35029234.0,5.13,101,5.13,5.14,5.14,10,9,8.0
SAE 1022,Agosto,11,35029235.0,5.13,98,5.13,5.13,5.14,10,12,7.0
SAE 1022,Agosto,11,35029237.0,5.13,101,5.13,5.13,5.14,10,10,7.0
SAE 1022,Agosto,11,35029238.0,5.13,106,5.13,5.13,5.14,10,10,7.0
SAE 1022,Agosto,11,35029239.0,5.13,111,5.13,5.13,5.14,10,10,7.0
SAE 1022,Agosto,11,35029240.0,5.13,105,5.14,5.14,5.13,9,9,7.0
SAE 1022,Agosto,11,35029241.0,5.13,110,5.14,5.14,5.13,9,9,7.0
SAE 1022,Agosto,11,35029242.0,5.13,104,5.14,5.14,5.13,9,9,5.0
SAE 1022,Agosto,11,35029243.0,5.13,108,5.14,5.14,5.13,8,9,5.0
SAE 1022,Agosto,11,35029244.0,5.13,109,5.14,5.14,5.13,9,9,7.0
SAE 1022,Agosto,11,35029245.0,5.13,109,5.14,5.14,5.13,9,10,7.0
SAE 1022,Agosto,11,35029246.0,5.13,108,5.14,5.14,5.13,6,7,3.0
SAE 1022,Agosto,11,35029247.0,5.13,107,5.14,5.14,5.13,5,9,5.0
SAE 1022,Agosto,11,35029248.0,5.13,111,5.14,5.14,5.13,5,9,4.0
SAE 1022,Agosto,11,35029249.0,5.13,98,5.14,5.14,5.13,6,6,3.0
SAE 1022,Agosto,11,35029250.0,5.13,108,5.14,5.14,5.13,6,6,4.0
SAE 1022,Agosto,11,35029251.0,5.13,109,5.14,5.14,5.13,6,6,5.0
SAE 1022,Agosto,12,35029252.0,5.13,100,5.13,5.14,5.14,10,10,9.0
SAE 1022,Agosto,12,35029253.0,5.13,108,5.13,5.14,5.14,10,10,7.0
SAE 1022,Agosto,12,35029254.0,5.13,106,5.13,5.14,5.14,10,10,8.0
SAE 1022,Agosto,12,35029255.0,5.13,108,5.13,5.14,5.14,10,10,9.0
SAE 1022,Agosto,12,35029256.0,5.13,111,5.13,5.14,5.14,10,10,8.0
SAE 1022,Agosto,12,35029257.0,5.13,103,5.14,5.14,5.13,10,10,7.0
SAE 1022,Agosto,12,35029258.0,5.13,108,5.14,5.14,5.13,10,10,8.0
SAE 1022,Agosto,12,35029259.0,5.13,109,5.14,5.14,5.13,10,10,6.0
SAE 1022,Agosto,12,35029260.0,5.13,110,5.14,5.14,5.13,10,10,7.0
SAE 1022,Agosto,12,35029261.0,5.13,101,5.14,5.14,5.13,10,10,7.0
SAE 1022,Agosto,12,35029262.0,5.13,107,5.14,5.14,5.13,10,10,6.0
SAE 1022,Agosto,12,35029263.0,5.13,113,5.14,5.14,5.13,8,8,6.0
SAE 1022,Agosto,12,35029264.0,5.13,107,5.14,5.14,5.13,5,5,1.0
SAE 1022,Agosto,12,35029265.0,5.13,102,5.14,5.14,5.13,5,5,1.0
SAE 1022,Agosto,12,35029266.0,5.13,110,5.14,5.14,5.13,6,5,2.0
SAE 1022,Agosto,12,35029267.0,5.13,102,5.14,5.14,5.13,6,6,2.0
SAE 1011,Agosto,13,35029269.0,4.4,119,4.41,4.41,,8,8,
SAE 1011,Agosto,13,35029270.0,4.4,120,4.41,4.41,,3,3,
SAE 1011,Agosto,13,35029271.0,4.4,123,4.41,4.41,4.4,6,6,4.0
SAE 1011,Agosto,13,35029272.0,4.4,130,4.41,4.41,4.4,6,6,3.0
SAE 1011,Agosto,13,35029273.0,4.4,125,4.41,4.41,4.4,6,7,6.0
SAE 1011,Agosto,13,35029274.0,4.4,124,4.41,4.41,4.4,8,7,7.0
SAE 1011,Agosto,13,35029275.0,4.4,130,4.41,4.41,4.4,3,3,3.0
SAE 1011,Agosto,13,35029276.0,4.4,127,4.41,4.41,4.4,3,4,3.0
SAE 1011,Agosto,13,35029277.0,4.4,126,4.41,4.41,4.4,2,3,2.0
SAE 1011,Agosto,13,35029278.0,4.4,125,4.41,4.41,4.4,3,3,2.0
SAE 1011,Agosto,13,35029279.0,4.4,121,4.41,4.41,4.4,2,3,2.0
SAE 1011,Agosto,13,35029280.0,4.4,132,4.41,4.41,4.4,2,2,3.0
SAE 1011,Agosto,13,35029281.0,4.4,121,4.41,4.41,4.4,2,2,3.0
SAE 1011,Agosto,13,35029282.0,4.4,133,4.41,4.41,4.4,2,3,2.0
SAE 1011,Agosto,13,35029283.0,4.4,118,4.41,4.41,4.4,2,3,2.0
SAE 1011,Agosto,14,35029285.0,4.4,121,4.42,4.42,4.41,8,8,3.0
SAE 1011,Agosto,14,35029284.0,4.4,124,4.42,4.42,4.41,7,6,3.0
SAE 1011,Agosto,14,35029286.0,4.4,123,4.42,4.42,4.41,6,6,3.0
SAE 1011,Agosto,14,35029287.0,4.4,131,4.42,4.42,4.41,7,7,3.0
SAE 1011,Agosto,14,35029288.0,4.4,125,4.42,4.42,4.41,7,7,3.0
SAE 1011,Agosto,14,35029289.0,4.4,126,4.42,4.42,4.41,7,7,4.0
SAE 1011,Agosto,14,35029290.0,4.4,133,4.42,4.42,4.41,4,4,3.0
SAE 1011,Agosto,14,35029291.0,4.4,121,4.42,4.42,4.41,6,3,3.0
SAE 1011,Agosto,14,35029292.0,4.4,129,4.42,4.42,4.41,7,2,3.0
SAE 1011,Agosto,14,35029293.0,4.4,130,4.42,4.42,4.41,4,3,3.0
SAE 1011,Agosto,14,35029294.0,4.4,128,4.42,4.42,4.41,3,2,3.0
SAE 1011,Agosto,14,35029295.0,4.4,122,4.42,4.42,4.41,3,3,3.0
SAE 1011,Agosto,14,35029296.0,4.4,134,4.42,4.42,4.41,7,7,3.0
SAE 1011,Agosto,14,35029297.0,4.4,121,4.42,4.42,4.41,5,5,3.0
SAE 1011,Agosto,14,35029298.0,4.4,129,4.42,4.42,4.41,5,17,3.0
SAE 1011,Agosto,14,35029299.0,4.4,123,4.42,4.42,4.41,6,9,4.0
SAE 1011,Agosto,14,35029300.0,4.4,119,4.42,4.42,4.41,2,3,2.0
SAE 1030,Agosto,15,35029310.0,4.7,120,4.72,4.72,4.71,9,9,4.0
SAE 1030,Agosto,15,35029311.0,4.7,106,4.72,4.72,4.71,3,3,3.0
SAE 1030,Agosto,15,35029312.0,4.7,116,4.72,4.72,4.71,3,3,2.0
SAE 1030,Agosto,15,35029313.0,4.7,120,4.72,4.72,4.71,3,2,2.0
SAE 1030,Agosto,15,35029314.0,4.7,117,4.72,4.72,4.71,3,3,2.0
SAE 1030,Agosto,15,35029315.0,4.7,117,4.72,4.72,4.71,2,2,2.0
SAE 1030,Agosto,15,35029316.0,4.7,116,4.72,4.71,4.72,2,2,2.0
SAE 1030,Agosto,15,35029317.0,4.7,120,4.72,4.71,4.72,2,2,2.0
SAE 1030,Agosto,15,35029318.0,4.7,120,4.72,4.71,4.72,2,3,2.0
SAE 1030,Agosto,15,35029319.0,4.7,121,4.72,4.71,4.72,2,2,2.0
SAE 1030,Agosto,15,35029320.0,4.7,116,4.72,4.71,4.72,2,2,2.0
SAE 1030,Agosto,15,35029321.0,4.7,117,4.72,4.71,4.72,2,3,3.0
SAE 1030,Agosto,15,35029322.0,4.7,120,4.72,4.71,4.72,2,3,3.0
SAE 1030,Agosto,15,35029323.0,4.7,113,4.72,4.71,4.72,2,3,3.0
SAE 1030,Agosto,15,35029324.0,4.7,127,4.72,4.71,4.72,1,3,1.0
SAE 1030,Agosto,15,35029325.0,4.7,114,4.72,,4.72,3,,3.0
SAE 1030,Agosto,15,35029326.0,4.7,111,4.72,,4.42,3,,3.0
SAE 1523,Agosto,18,35029327.0,4.4,128,4.41,4.41,4.41,12,12,5.0
SAE 1523,Agosto,18,35029328.0,4.4,122,4.41,4.41,4.41,11,11,5.0
SAE 1523,Agosto,18,35029329.0,4.4,128,4.41,4.41,4.41,6,3,3.0
SAE 1523,Agosto,18,35029330.0,4.4,124,4.41,4.41,4.41,6,5,3.0
SAE 1523,Agosto,18,35029331.0,4.4,128,4.41,4.41,4.41,6,5,3.0
SAE 1523,Agosto,18,35029332.0,4.4,126,4.41,4.41,4.41,6,5,3.0
SAE 1523,Agosto,18,35029333.0,4.4,126,4.41,4.41,4.41,5,3,3.0
SAE 1523,Agosto,18,35029334.0,4.4,128,4.41,4.41,4.41,1,3,1.0
SAE 1523,Agosto,18,35029335.0,4.4,132,4.41,4.41,4.41,3,3,2.0
SAE 1523,Agosto,18,35029336.0,4.4,106,4.41,4.41,4.41,3,3,3.0
SAE 1523,Agosto,18,35029337.0,4.4,123,4.41,4.41,4.41,2,3,3.0
SAE 1523,Agosto,18,35029338.0,4.4,130,4.41,4.41,4.41,2,3,3.0
SAE 1523,Agosto,18,35029339.0,4.4,117,4.41,4.41,4.41,3,2,2.0
SAE 1523,Agosto,18,35029340.0,4.4,123,4.41,4.41,4.41,3,3,3.0
SAE 1523,Agosto,18,35029341.0,4.4,129,4.41,4.41,4.41,4,5,2.0
SAE 1523,Agosto,18,35029342.0,4.4,110,4.41,4.41,4.41,3,4,2.0
SAE 1523,Agosto,19,35029343.0,4.4,118,,4.43,4.4,,10,4.0
SAE 1523,Agosto,19,35029344.0,4.4,127,,4.43,4.4,,2,2.0
SAE 1523,Agosto,19,35029345.0,4.4,121,4.42,4.42,4.41,5,5,5.0
SAE 1523,Agosto,19,35029346.0,4.4,23,,,,,,
SAE 1523,Agosto,19,35029347.0,4.4,116,4.41,4.4,4.4,13,9,5.0
SAE 1523,Agosto,19,35029348.0,4.4,123,4.41,4.4,4.4,10,5,5.0
SAE 1523,Agosto,19,35029349.0,4.4,126,4.41,4.4,4.4,3,7,3.0
SAE 1523,Agosto,19,35029350.0,4.4,124,4.41,4.4,4.4,6,7,3.0
SAE 1523,Agosto,19,35029351.0,4.4,128,4.4,4.4,4.41,7,7,4.0
SAE 1523,Agosto,19,35029352.0,4.4,128,,,,,,
SAE 1523,Agosto,19,35029353.0,4.4,23,,,,,,
SAE 1011,Agosto,20,35029361.0,4.4,122,4.4,4.4,4.41,6,6,4.0
SAE 1011,Agosto,20,35029362.0,4.4,126,4.4,4.4,4.41,5,5,4.0
SAE 1011,Agosto,20,35029363.0,4.4,130,4.4,4.4,4.42,5,5,3.0
SAE 1011,Agosto,20,35029364.0,4.4,126,4.4,4.4,4.42,5,5,4.0
SAE 1011,Agosto,20,35029365.0,4.4,123,4.4,4.4,4.42,3,3,5.0
SAE 1011,Agosto,20,35029366.0,4.4,122,4.4,4.4,4.42,3,3,4.0
SAE 1011,Agosto,20,35029367.0,4.4,119,4.4,4.4,4.42,3,5,3.0
SAE 1523,Agosto,21,35029368.0,4.4,118,4.41,4.41,4.4,12,12,5.0
SAE 1523,Agosto,21,35029369.0,4.4,129,4.41,4.41,4.4,3,9,2.0
SAE 1523,Agosto,21,35029385.0,4.4,119,4.41,4.41,4.4,3,6,2.0
SAE 1523,Agosto,21,35029386.0,4.4,129,4.41,4.41,4.4,2,3,2.0
SAE 1523,Agosto,21,35029387.0,4.4,122,4.41,4.41,4.4,3,3,2.0
SAE 1523,Agosto,21,35029388.0,4.4,122,4.41,4.41,4.4,2,2,1.0
SAE 1523,Agosto,21,35029389.0,4.4,131,4.41,4.41,4.4,3,1,2.0
SAE 1523,Agosto,21,35029390.0,4.4,123,4.41,4.41,4.4,3,3,3.0
SAE 1523,Agosto,21,35029391.0,4.4,132,4.41,4.41,4.4,3,2,3.0
SAE 1523,Agosto,21,35029392.0,4.4,121,4.41,4.41,4.4,2,3,2.0
SAE 1523,Agosto,21,35029393.0,4.4,122,4.41,4.41,4.4,2,3,2.0
SAE 1523,Agosto,21,35029394.0,4.4,130,4.41,4.41,4.4,3,3,2.0
SAE 1523,Agosto,21,35029395.0,4.4,126,4.41,4.41,4.4,2,2,1.0
SAE 1523,Agosto,21,35029396.0,4.4,131,4.41,4.41,4.4,2,3,2.0
SAE 1523,Agosto,21,35029397.0,4.4,129,4.41,4.41,4.4,2,2,2.0
SAE 1523,Agosto,21,35029398.0,4.4,114,4.41,4.41,4.4,2,2,2.0
SAE 1523,Agosto,22,35029399.0,4.4,124,4.41,4.41,4.4,5,10,2.0
SAE 1523,Agosto,22,35029400.0,4.4,124,4.41,4.41,4.4,3,9,3.0
SAE 1523,Agosto,22,35029403.0,4.4,128,4.41,4.41,4.4,2,2,2.0
SAE 1523,Agosto,22,35029404.0,4.4,127,,,,,,
SAE 1523,Agosto,22,35029405.0,4.4,117,,,,,,
SAE 1523,Agosto,22,35029406.0,4.4,121,,,,,,
SAE 1523,Agosto,22,35029407.0,4.4,126,4.41,4.41,4.4,10,10,7.0
SAE 1523,Agosto,22,35029408.0,4.4,123,4.41,4.41,4.4,7,7,7.0
SAE 1523,Agosto,22,35029409.0,4.4,127,4.41,4.41,4.4,3,3,3.0
SAE 1523,Agosto,22,35029410.0,4.4,128,4.41,4.41,4.4,3,3,3.0
SAE 1523,Agosto,22,35029411.0,4.4,121,4.42,4.4,4.41,2,2,2.0
SAE 1523,Agosto,22,3509412.0,4.4,124,4.41,4.41,4.42,2,3,2.0
SAE 1523,Agosto,22,35029413.0,4.4,130,4.41,4.41,4.41,2,2,3.0
SAE 1523,Agosto,22,35029414.0,4.4,115,4.41,4.41,4.41,3,3,3.0
SAE 1011,Agosto,25,35029415.0,4.4,125,4.42,4.41,4.41,5,3,3.0
SAE 1011,Agosto,25,35029420.0,4.4,126,4.42,4.41,4.41,4,3,3.0
SAE 1011,Agosto,25,35029421.0,4.4,129,4.42,4.41,4.41,2,2,2.0
SAE 1011,Agosto,25,35029422.0,4.4,123,4.42,4.41,4.41,2,2,2.0
SAE 1011,Agosto,25,35029423.0,4.4,123,4.42,4.41,4.41,2,2,2.0
SAE 1011,Agosto,25,35029424.0,4.4,128,4.42,4.41,4.41,4,4,3.0
SAE 1011,Agosto,25,35029425.0,4.4,122,4.4,4.41,4.41,2,4,2.0
SAE 1011,Agosto,25,35029426.0,4.4,128,4.4,4.41,4.41,2,3,3.0
SAE 1011,Agosto,25,35029427.0,4.4,118,4.4,4.41,4.41,3,3,2.0
SAE 1011,Agosto,25,35029428.0,4.4,122,4.4,4.41,4.41,2,2,2.0
SAE 1011,Agosto,25,35029429.0,4.4,126,4.4,4.41,4.41,2,1,2.0
SAE 1011,Agosto,25,35029430.0,4.4,123,4.4,4.41,4.41,2,2,2.0
SAE 1011,Agosto,25,35029431.0,4.4,129,4.4,,4.41,2,,3.0
SAE 1011,Agosto,25,35029432.0,4.4,118,,,,,,
SAE 1022,Agosto,26,35029438.0,5.13,103,5.14,5.13,5.12,12,12,8.0
SAE 1022,Agosto,26,35029439.0,5.13,108,5.16,5.16,5.13,8,8,6.0
SAE 1022,Agosto,26,35029440.0,5.13,107,5.16,5.16,5.15,5,5,3.0
SAE 1022,Agosto,26,35029441.0,5.13,103,5.16,5.16,5.14,5,8,3.0
SAE 1022,Agosto,26,35029442.0,5.13,108,5.15,5.15,5.14,5,8,2.0
SAE 1022,Agosto,26,35029443.0,5.13,108,5.14,5.15,5.14,5,6,5.0
SAE 1022,Agosto,26,35029444.0,5.13,107,5.14,5.14,5.14,3,6,5.0
SAE 1022,Agosto,26,35029445.0,5.13,106,5.14,5.14,5.14,5,7,5.0
SAE 1022,Agosto,26,35029446.0,5.13,110,5.14,5.14,5.13,9,7,5.0
SAE 1022,Agosto,26,35029447.0,5.13,99,5.14,5.14,5.13,8,5,5.0
SAE 1022,Agosto,26,35029448.0,5.13,107,5.14,5.14,5.13,10,5,5.0
SAE 1022,Agosto,26,35029449.0,5.13,105,5.14,5.14,5.13,7,5,5.0
SAE 1022,Agosto,26,35029450.0,5.13,111,5.14,5.14,5.13,10,4,4.0
SAE 1022,Agosto,26,35029451.0,5.13,107,5.14,5.14,5.13,10,5,5.0
SAE 1022,Agosto,26,35029452.0,5.13,107,5.14,5.14,5.13,10,7,5.0
SAE 1022,Agosto,26,35029453.0,5.13,101,5.14,5.14,5.13,10,7,5.0
SAE 1523,Agosto,26,35029454.0,4.4,114,4.41,4.41,4.4,7,10,7.0
SAE 1022,Agosto,27,35029455.0,5.13,104,5.15,5.15,5.13,12,12,10.0
SAE 1022,Agosto,27,35029456.0,5.13,101,5.15,5.15,5.13,5,5,7.0
SAE 1022,Agosto,27,35029457.0,5.13,104,5.15,5.15,5.13,2,2,3.0
SAE 1022,Agosto,27,35029458.0,5.13,112,5.15,5.15,5.13,3,3,3.0
SAE 1022,Agosto,27,35029459.0,5.13,102,5.15,5.13,5.13,3,3,3.0
SAE 1022,Agosto,27,35029460.0,5.13,109,5.13,5.15,5.15,3,3,3.0
SAE 1022,Agosto,27,35029461.0,5.13,100,5.13,5.15,5.15,3,3,5.0
SAE 1022,Agosto,27,35029462.0,5.13,104,5.13,5.15,5.15,2,3,5.0
SAE 1022,Agosto,27,35029463.0,5.13,107,5.13,5.15,5.15,3,3,4.0
SAE 1022,Agosto,27,35029464.0,5.13,102,5.13,,5.14,3,,3.0
SAE 1022,Agosto,27,35029465.0,5.13,104,5.13,,5.14,3,,4.0
SAE 1022,Agosto,27,35029466.0,5.13,102,5.13,5.15,5.15,3,10,4.0
SAE 1022,Agosto,27,35029467.0,5.13,104,5.13,5.15,5.15,8,8,6.0
SAE 1022,Agosto,27,35029468.0,5.13,102,5.13,5.15,5.15,3,3,3.0
SAE 1022,Agosto,27,35029469.0,5.13,101,5.13,5.15,5.15,5,6,4.0
SAE 1022,Agosto,28,35029470.0,5.13,102,5.15,5.15,5.14,7,8,8.0
SAE 1022,Agosto,28,35029471.0,5.13,105,5.15,5.15,5.14,4,3,5.0
SAE 1022,Agosto,28,35029472.0,5.13,105,5.15,5.15,5.14,4,4,5.0
SAE 1022,Agosto,28,35029473.0,5.13,108,5.15,5.15,5.14,3,3,3.0
SAE 1022,Agosto,28,35029474.0,5.13,103,5.15,5.15,5.14,3,3,2.0
SAE 1022,Agosto,28,35029475.0,5.13,106,5.15,5.15,5.14,3,3,3.0
SAE 1022,Agosto,28,35029476.0,5.13,106,5.15,5.15,5.14,2,3,3.0
SAE 1022,Agosto,28,35029477.0,5.13,94,5.15,5.15,5.14,3,3,3.0
SAE 1022,Agosto,28,35029478.0,5.13,110,5.15,,5.15,5,,5.0
SAE 1022,Agosto,28,35029479.0,5.13,108,5.15,,5.15,5,,4.0
SAE 1022,Agosto,28,35029480.0,5.13,98,5.15,5.15,5.14,4,9,3.0
SAE 1022,Agosto,28,35029481.0,5.13,106,5.15,5.15,5.14,4,9,4.0
SAE 1022,Septiembre,1,35029482.0,5.13,98,5.14,5.14,5.13,6,10,6.0
SAE 1022,Septiembre,1,35029505.0,5.13,102,5.14,5.14,5.13,5,5,4.0
SAE 1022,Septiembre,1,35029506.0,5.13,111,5.14,5.14,5.13,5,3,3.0
SAE 1022,Septiembre,1,35029507.0,5.13,99,5.14,5.14,5.13,5,4,3.0
SAE 1022,Septiembre,1,35029508.0,5.13,100,5.14,5.14,5.13,5,4,3.0
SAE 1022,Septiembre,2,35029509.0,5.13,104,5.14,5.14,5.13,7,3,6.0
SAE 1022,Septiembre,2,35029510.0,5.13,102,5.14,5.14,5.13,6,3,6.0
SAE 1022,Septiembre,2,35029511.0,5.13,108,5.14,5.14,5.13,6,3,5.0
SAE 1022,Septiembre,2,35029512.0,5.13,112,5.14,5.14,5.13,4,3,4.0
SAE 1022,Septiembre,2,35029513.0,5.13,105,5.14,5.14,5.13,4,3,4.0
SAE 1022,Septiembre,2,35029514.0,5.13,108,5.14,5.14,5.13,5,3,5.0
SAE 1022,Septiembre,2,35029515.0,5.13,109,5.14,5.14,5.14,3,5,6.0
SAE 1022,Septiembre,2,35029516.0,5.13,109,5.14,5.14,5.14,3,6,5.0
SAE 1022,Septiembre,2,35029517.0,5.13,109,5.14,5.14,5.14,3,4,6.0
SAE 1022,Septiembre,2,35029518.0,5.13,102,5.14,5.14,5.14,3,5,6.0
SAE 1022,Septiembre,2,35029519.0,5.13,108,5.14,5.14,5.14,4,2,2.0
SAE 1022,Septiembre,2,35029520.0,5.13,110,5.14,5.14,5.14,4,3,3.0
SAE 1022,Septiembre,2,35029521.0,5.13,106,5.14,5.14,5.14,5,2,2.0
SAE 1022,Septiembre,2,35029522.0,5.13,104,5.14,5.14,5.14,4,3,3.0
SAE 1022,Septiembre,2,35029523.0,5.13,106,5.14,5.14,5.14,5,4,4.0
SAE 1022,Septiembre,2,35029524.0,5.13,15,5.14,5.14,5.14,9,4,6.0
SAE 1022,Septiembre,2,35029525.0,5.13,96,5.13,5.13,5.14,10,4,8.0
SAE 1022,Septiembre,3,35029526.0,5.13,70,5.13,5.13,5.14,10,10,8.0
SAE 1022,Septiembre,3,35029527.0,5.13,103,5.13,,5.14,10,,8.0
SAE 1022,Septiembre,3,35029528.0,5.13,100,5.13,5.13,5.12,7,12,9.0
SAE 1022,Septiembre,3,35029529.0,5.13,106,5.13,5.14,5.14,4,3,7.0
SAE 1022,Septiembre,3,35029530.0,5.13,99,5.13,5.13,5.13,4,4,7.0
SAE 1022,Septiembre,3,35029531.0,5.13,102,5.13,5.13,5.13,5,5,5.0
SAE 1022,Septiembre,3,35029532.0,5.13,100,5.13,5.14,5.14,6,4,5.0
SAE 1022,Septiembre,4,35029533.0,5.13,103,5.14,5.14,5.13,8,13,10.0
SAE 1022,Septiembre,4,35029534.0,5.13,109,5.14,5.14,5.13,8,10,8.0
SAE 1022,Septiembre,4,35029535.0,5.13,112,5.14,5.14,5.13,8,10,8.0
SAE 1022,Septiembre,4,35029536.0,5.13,97,5.14,5.14,5.13,4,6,6.0
SAE 1022,Septiembre,4,35029537.0,5.13,107,5.14,5.14,5.13,3,3,4.0
SAE 1022,Septiembre,4,35029538.0,5.13,112,5.14,5.14,5.13,3,3,3.0
SAE 1022,Septiembre,4,35029539.0,5.13,114,5.15,5.15,5.14,3,4,3.0
SAE 1022,Septiembre,4,35029540.0,5.13,105,5.15,5.15,5.14,3,3,5.0
SAE 1022,Septiembre,4,35029541.0,5.13,96,5.15,5.15,5.14,3,5,6.0
SAE 1030,Septiembre,4,35029542.0,4.7,103,4.71,4.72,4.72,6,3,3.0
SAE 1022,Septiembre,4,35029543.0,5.13,100,5.15,5.14,5.15,8,3,6.0
SAE 1022,Septiembre,4,35029544.0,5.13,111,5.15,5.14,5.15,3,3,5.0
SAE 1022,Septiembre,4,35029545.0,5.13,109,5.15,5.14,5.15,2,2,6.0
SAE 1022,Septiembre,4,35029546.0,5.13,105,5.15,5.14,5.15,3,3,6.0
SAE 1022,Septiembre,4,35029547.0,5.13,93,5.15,5.14,5.15,3,2,2.0
SAE 1022,Septiembre,4,35029548.0,5.13,104,5.15,5.14,5.15,9,10,10.0
SAE 1022,Septiembre,4,35029549.0,5.13,108,5.15,5.14,5.15,5,5,7.0
SAE 1022,Septiembre,5,35029550.0,5.13,101,5.15,5.14,5.15,3,5,5.0
SAE 1022,Septiembre,5,35029551.0,5.13,113,5.15,5.14,5.15,3,3,4.0
SAE 1022,Septiembre,5,35029552.0,5.13,108,5.15,5.14,5.15,3,3,3.0
SAE 1022,Septiembre,5,35029553.0,5.13,103,5.15,5.14,5.15,4,3,4.0
SAE 1022,Septiembre,5,35029554.0,5.13,114,5.15,5.14,5.15,3,4,3.0
SAE 1022,Septiembre,5,35029555.0,5.13,103,5.15,5.14,5.15,3,3,3.0
SAE 1022,Septiembre,5,35029556.0,5.13,105,5.15,5.14,5.15,4,3,3.0
SAE 1022,Septiembre,5,35029557.0,5.13,114,5.15,5.14,5.15,3,3,3.0
SAE 1022,Septiembre,5,35029558.0,5.13,103,5.15,5.14,5.15,5,2,1.0
SAE 1022,Septiembre,5,35029559.0,5.13,106,5.15,5.14,5.15,4,3,3.0
SAE 1022,Septiembre,5,35029560.0,5.13,121,5.15,5.14,5.15,3,2,1.0
SAE 1022,Septiembre,5,35029561.0,5.13,98,5.15,5.14,5.15,2,2,2.0
SAE 1022,Septiembre,5,35029562.0,5.13,106,5.15,5.14,5.15,3,2,2.0
SAE 1022,Septiembre,5,35029563.0,5.13,101,5.15,5.14,5.15,2,3,3.0
SAE 1022,Septiembre,8,35029564.0,5.13,93,5.15,5.14,5.15,3,3,3.0
SAE 1022,Septiembre,8,35029565.0,5.13,99,5.14,5.13,5.14,8,9,6.0
SAE 1022,Septiembre,8,35029566.0,5.13,100,5.14,,5.13,5,,5.0
SAE 1022,Septiembre,8,35029567.0,5.13,65,,,,,,
SAE 1022,Septiembre,9,35029568.0,5.13,102,5.14,5.14,5.13,7,13,7.0
SAE 1022,Septiembre,9,35029569.0,5.13,107,5.14,5.14,5.13,3,12,7.0
SAE 1022,Septiembre,9,35029570.0,5.13,107,5.14,5.14,5.13,3,12,7.0
SAE 1022,Septiembre,9,35029571.0,5.13,108,5.14,5.14,5.13,4,12,8.0
SAE 1022,Septiembre,9,35029572.0,5.13,103,5.14,5.14,5.13,5,12,5.0
SAE 1022,Septiembre,9,35029573.0,5.13,109,5.14,,5.15,7,,5.0
SAE 1022,Septiembre,9,35029574.0,5.13,109,5.14,,5.14,5,,5.0
SAE 1022,Septiembre,9,35029575.0,5.13,101,5.14,5.14,5.14,5,13,5.0
SAE 1022,Septiembre,9,35029576.0,5.13,111,5.14,5.14,5.14,5,15,5.0
SAE 1022,Septiembre,9,35029579.0,5.13,104,5.14,5.14,5.15,5,13,5.0
SAE 1022,Septiembre,9,35029580.0,5.13,100,5.14,5.14,5.15,5,10,5.0
SAE 1022,Septiembre,9,35029581.0,5.13,104,5.14,,5.14,7,,8.0
SAE 1022,Septiembre,9,35029582.0,5.13,106,5.14,,5.14,6,,8.0
SAE 1022,Septiembre,9,35029583.0,5.13,108,5.14,,5.13,4,,3.0
SAE 1022,Septiembre,9,35029585.0,5.13,106,5.13,,5.14,5,,5.0
SAE 1022,Septiembre,10,35029584.0,5.13,108,5.14,5.14,5.13,12,12,7.0
SAE 1022,Septiembre,10,35029586.0,5.13,107,5.14,5.14,5.13,8,10,6.0
SAE 1022,Septiembre,10,35029587.0,5.13,98,5.14,5.14,5.13,6,10,6.0
SAE 1022,Septiembre,10,35029588.0,5.13,111,5.14,5.14,5.13,6,9,5.0
SAE 1022,Septiembre,10,35029589.0,5.13,104,5.14,5.14,5.13,6,9,6.0
SAE 1022,Septiembre,10,35029590.0,5.13,109,5.14,5.14,5.13,5,7,6.0
SAE 1022,Septiembre,10,35029591.0,5.13,107,5.13,5.13,5.13,2,2,2.0
SAE 1022,Septiembre,10,35029592.0,5.13,109,5.13,5.13,5.13,3,2,3.0
SAE 1022,Septiembre,10,35029593.0,5.13,111,5.13,5.13,5.13,2,3,4.0
SAE 1022,Septiembre,10,35029594.0,5.13,107,5.13,5.13,5.13,2,6,4.0
SAE 1022,Septiembre,10,35029595.0,5.13,109,5.13,5.13,5.13,3,6,3.0
SAE 1022,Septiembre,10,35029596.0,5.13,110,5.13,5.13,5.13,3,6,3.0
SAE 1022,Septiembre,10,35029597.0,5.13,107,5.13,5.13,5.13,3,4,3.0
SAE 1022,Septiembre,10,35029598.0,5.13,92,,5.13,5.13,,3,3.0
SAE 1022,Septiembre,10,35029599.0,5.13,105,,5.13,5.13,,4,3.0
SAE 1022,Septiembre,10,35029600.0,5.13,45,,5.13,5.13,,3,7.0
SAE 1022,Septiembre,10,35029601.0,5.13,105,5.13,5.13,5.13,4,10,9.0
SAE 1011,Septiembre,11,35029602.0,4.4,120,4.41,4.42,4.41,3,7,3.0
SAE 1011,Septiembre,11,35029611.0,4.4,125,4.41,4.42,4.41,3,4,3.0
SAE 1011,Septiembre,11,35029612.0,4.4,130,4.42,4.42,4.41,3,4,2.0
SAE 1011,Septiembre,11,35029613.0,4.4,125,4.42,4.42,4.41,3,3,2.0
SAE 1011,Septiembre,11,35029614.0,4.4,120,4.42,4.42,4.41,3,3,3.0
SAE 1011,Septiembre,11,35029615.0,4.4,143,4.42,4.42,4.41,3,3,2.0
SAE 1011,Septiembre,11,35029616.0,4.4,120,4.42,4.42,4.41,3,3,3.0
SAE 1011,Septiembre,11,35029617.0,4.4,129,4.42,4.42,4.41,3,2,3.0
SAE 1011,Septiembre,11,35029618.0,4.4,129,4.42,4.42,4.41,3,2,2.0
SAE 1011,Septiembre,11,35029619.0,4.4,128,4.42,4.42,4.41,3,3,3.0
SAE 1011,Septiembre,11,35029620.0,4.4,125,4.42,4.42,4.41,3,3,2.0
SAE 1011,Septiembre,11,35029621.0,4.4,127,4.42,4.42,4.41,3,3,3.0
SAE 1011,Septiembre,11,35029622.0,4.4,124,4.42,4.42,4.41,3,3,2.0
SAE 1011,Septiembre,12,35029623.0,4.4,120,4.41,4.42,4.41,6,4,4.0
SAE 1011,Septiembre,12,35029624.0,4.4,126,4.41,4.42,4.41,3,3,3.0
SAE 1011,Septiembre,12,35029625.0,4.4,125,4.41,4.42,4.41,3,3,2.0
SAE 1011,Septiembre,12,35029626.0,4.4,126,4.41,4.42,4.41,3,2,3.0
SAE 1011,Septiembre,12,35029627.0,4.4,132,4.41,4.42,4.41,2,3,2.0
SAE 1011,Septiembre,12,35029628.0,4.4,132,4.42,4.42,4.41,3,3,2.0
SAE 1011,Septiembre,12,35029629.0,4.4,120,4.42,4.42,4.41,3,3,3.0
SAE 1011,Septiembre,12,35029630.0,4.4,129,4.42,4.42,4.41,4,4,3.0
SAE 1011,Septiembre,12,35029631.0,4.4,127,4.42,4.42,4.41,4,3,3.0
SAE 1011,,12,35029632.0,4.4,130,4.42,4.42,4.41,3,3,3.0
SAE 1011,Septiembre,12,35029633.0,4.4,126,4.42,4.42,4.41,2,2,3.0
SAE 1011,Septiembre,12,35029634.0,4.4,129,4.42,4.42,4.41,3,2,2.0
SAE 1011,Septiembre,12,35029635.0,4.4,127,4.42,4.42,4.41,2,3,2.0
SAE 1011,Septiembre,12,35029636.0,4.4,133,4.41,4.42,4.4,2,3,2.0
SAE 1011,Septiembre,12,35029637.0,4.4,118,4.4,,4.41,2,,2.0
SAE 1011,Septiembre,12,35029638.0,4.4,134,4.41,,4.4,2,,3.0
SAE 1011,Septiembre,12,35029639.0,4.4,120,4.4,,4.41,3,,4.0
SAE 1011,Septiembre,15,35029641.0,4.4,121,4.4,4.41,4.41,3,4,4.0
SAE 1011,Septiembre,15,35029640.0,4.4,128,4.4,4.41,4.41,3,3,3.0
SAE 1011,Septiembre,15,35029642.0,4.4,128,4.4,4.41,4.41,3,4,3.0
SAE 1011,Septiembre,15,35029643.0,4.4,126,4.41,4.41,4.41,3,3,3.0
SAE 1011,Septiembre,15,35029644.0,4.4,120,4.41,4.41,4.41,3,4,3.0
SAE 1011,Septiembre,15,35029645.0,4.4,113,4.41,4.41,4.41,3,3,2.0
SAE 1011,Septiembre,15,35029646.0,4.4,129,4.41,4.41,4.41,3,3,3.0
SAE 1011,Septiembre,15,35029647.0,4.4,125,4.42,4.42,4.41,2,2,2.0
SAE 1011,Septiembre,15,35029648.0,4.4,123,4.42,4.42,4.41,3,2,2.0
SAE 1011,Septiembre,15,35029649.0,4.4,126,4.42,4.42,4.41,2,3,3.0
SAE 1011,Septiembre,15,35029650.0,4.4,116,4.42,,4.41,3,,3.0
SAE 1011,Septiembre,15,35029651.0,4.4,141,4.42,,4.41,3,,3.0
SAE 1011,Septiembre,15,35029652.0,4.4,112,4.42,,4.41,2,,3.0
SAE 1011,Septiembre,15,35029653.0,4.4,131,4.42,,4.41,3,,3.0
SAE 1022,Septiembre,16,35029676.0,5.13,108,5.13,5.13,5.14,4,11,11.0
SAE 1022,Septiembre,16,35029677.0,5.13,109,5.13,5.13,5.14,4,9,7.0
SAE 1022,Septiembre,16,35029678.0,5.13,107,5.13,5.13,5.14,4,9,7.0
SAE 1022,Septiembre,16,35029679.0,5.13,105,5.13,5.13,5.14,4,6,7.0
SAE 1022,Septiembre,16,35029680.0,5.13,102,5.14,5.13,5.14,4,5,5.0
SAE 1022,Septiembre,16,35029681.0,5.13,116,5.14,,5.14,3,,5.0
SAE 1022,Septiembre,16,35029682.0,5.13,107,5.14,,5.14,5,,7.0
SAE 1022,Septiembre,16,35029683.0,5.13,100,5.14,,5.14,5,,3.0
SAE 1022,Septiembre,16,35029684.0,5.13,114,5.14,,5.14,3,,3.0
SAE 1022,Septiembre,16,35029685.0,5.13,109,5.14,,5.13,3,,4.0
SAE 1022,Septiembre,16,35029686.0,5.13,104,5.14,,5.13,3,,4.0
SAE 1022,Septiembre,16,35029687.0,5.13,116,5.14,,5.13,3,,3.0
SAE 1022,Septiembre,16,35029688.0,5.13,105,5.14,,5.13,2,,3.0
SAE 1022,Septiembre,16,35029689.0,5.13,117,5.14,,5.13,3,,3.0
SAE 1022,Septiembre,17,35029690.0,5.13,110,5.14,5.14,5.13,12,10,10.0
SAE 1022,Septiembre,17,35029691.0,5.13,106,5.14,5.14,5.13,10,7,5.0
SAE 1022,Septiembre,17,35029692.0,5.13,85,5.14,5.14,5.13,10,6,6.0
SAE 1022,Septiembre,17,35029693.0,5.13,103,5.14,,5.13,9,,3.0
SAE 1022,Septiembre,17,35029694.0,5.13,113,5.14,,5.13,6,,3.0
SAE 1022,Septiembre,17,35029695.0,5.13,110,5.14,5.14,5.13,5,10,3.0
SAE 1022,Septiembre,17,35029696.0,5.13,96,5.14,,5.14,10,,8.0
SAE 1022,Septiembre,17,35029697.0,5.13,110,5.14,,5.13,9,,8.0
SAE 1022,Septiembre,17,35029698.0,5.13,99,5.14,,5.13,3,,3.0
SAE 1022,Septiembre,17,35029699.0,5.13,107,5.14,,5.13,3,,3.0
SAE 1022,Septiembre,17,35029700.0,5.13,111,5.14,,5.13,3,,2.0
SAE 1022,Septiembre,17,35029701.0,5.13,111,5.14,,5.13,3,,3.0
SAE 1022,Septiembre,17,35029702.0,5.13,99,5.14,,5.13,2,,3.0
SAE 1022,Septiembre,17,35029703.0,5.13,119,5.14,,5.13,4,,4.0
SAE 1011,Septiembre,18,35029736.0,4.4,126,4.41,4.4,4.42,5,3,3.0
SAE 1011,Septiembre,18,35029737.0,4.4,117,4.41,4.4,4.42,3,3,3.0
SAE 1011,Septiembre,18,35029738.0,4.4,121,4.41,4.4,4.42,4,3,3.0
SAE 1011,Septiembre,18,35029739.0,4.4,126,4.41,4.4,4.42,6,4,5.0
SAE 1011,Septiembre,18,35029740.0,4.4,128,4.4,4.4,4.41,5,4,4.0
SAE 1011,Septiembre,18,35029741.0,4.4,128,4.42,4.41,4.41,4,3,3.0
SAE 1011,Septiembre,18,35029742.0,4.4,124,4.42,4.41,4.41,3,3,6.0
SAE 1011,Septiembre,18,35029743.0,4.4,125,4.42,4.41,4.41,3,3,4.0
SAE 1011,Septiembre,18,35029744.0,4.4,126,4.42,4.41,,3,4,
SAE 1011,Septiembre,18,35029745.0,4.4,120,4.42,4.41,4.41,3,6,6.0
SAE 1011,Septiembre,18,35029746.0,4.4,127,4.42,4.41,4.41,3,6,6.0
SAE 1011,Septiembre,18,35029747.0,4.4,127,4.42,4.41,4.41,3,3,3.0
SAE 1011,Septiembre,18,35029748.0,4.4,114,4.42,4.41,4.41,3,3,3.0
SAE 1022,Septiembre,19,35029754.0,5.13,105,5.14,5.14,5.13,10,10,10.0
SAE 1022,Septiembre,19,35029755.0,5.13,107,5.14,5.14,5.13,4,12,10.0
SAE 1022,Septiembre,19,35029756.0,5.13,106,5.14,5.14,5.13,5,15,8.0
SAE 1022,Septiembre,19,35029757.0,5.13,108,5.14,5.14,5.13,3,15,8.0
SAE 1022,Septiembre,19,35029758.0,5.13,107,5.14,5.14,5.13,5,12,8.0
SAE 1022,Septiembre,19,35029759.0,5.13,107,5.14,,5.14,8,,5.0
SAE 1022,Septiembre,19,35029760.0,5.13,113,5.14,,5.13,4,,5.0
SAE 1022,Septiembre,19,35029761.0,5.13,101,5.15,,5.14,3,,5.0
SAE 1022,Septiembre,19,35029762.0,5.13,117,5.13,,5.14,5,,4.0
SAE 1022,Septiembre,19,35029763.0,5.13,96,5.14,5.14,5.14,6,6,4.0
SAE 1022,Septiembre,19,35029765.0,5.13,98,5.13,5.13,5.14,4,8,7.0
SAE 1022,Septiembre,19,35029766.0,5.13,97,5.13,5.13,5.14,6,8,5.0
SAE 1523,Septiembre,22,35029771.0,4.4,63,4.4,4.41,4.4,9,8,8.0
SAE 1523,Septiembre,22,35029772.0,4.4,125,4.4,4.41,4.4,9,9,7.0
SAE 1523,Septiembre,22,35029773.0,4.4,119,4.4,4.41,4.4,7,7,6.0
SAE 1523,Septiembre,23,35029774.0,4.4,130,4.4,4.4,4.41,10,5,7.0
SAE 1523,Septiembre,23,35029775.0,4.4,119,4.4,4.4,4.41,3,8,7.0
SAE 1523,Septiembre,23,35029776.0,4.4,126,4.4,4.4,4.41,3,3,3.0
SAE 1523,Septiembre,23,35029777.0,4.4,124,4.4,4.4,4.41,2,3,3.0
SAE 1523,Septiembre,23,35029778.0,4.4,125,4.4,4.4,4.41,3,3,3.0
SAE 1523,Septiembre,23,35029779.0,4.4,130,4.4,4.4,4.41,3,3,2.0
SAE 1523,Septiembre,23,35029780.0,4.4,130,4.41,4.4,4.4,3,3,3.0
SAE 1523,Septiembre,23,35029781.0,4.4,129,4.41,4.4,4.4,3,3,3.0
SAE 1523,Septiembre,23,35029782.0,4.4,122,4.41,4.4,4.4,3,4,4.0
SAE 1523,Septiembre,23,35029783.0,4.4,127,4.41,4.4,4.4,3,3,4.0
SAE 1523,Septiembre,23,35029784.0,4.4,128,4.41,4.4,4.4,3,3,4.0
SAE 1523,Septiembre,23,35029785.0,4.4,119,4.41,4.4,4.4,3,3,3.0
SAE 1523,Septiembre,23,35029786.0,4.4,127,4.41,4.4,4.4,3,4,3.0
SAE 1523,Septiembre,23,35029787.0,4.4,133,4.41,4.4,4.4,4,4,3.0
SAE 1523,Septiembre,23,35029788.0,4.4,123,4.41,4.4,4.4,4,3,3.0
SAE 1523,Septiembre,23,35029789.0,4.4,125,4.41,4.4,4.4,,,
SAE 1523,Septiembre,23,35029790.0,4.4,130,4.41,4.4,4.4,,,
SAE 1523,Septiembre,23,35029791.0,4.4,128,4.41,4.4,4.4,,,
SAE 1523,Septiembre,23,35029792.0,4.4,121,4.41,4.4,4.4,,,
SAE 1523,Septiembre,24,35029793.0,4.4,107,4.4,4.4,4.4,4,4,8.0
SAE 1523,Septiembre,24,35029796.0,4.4,118,4.4,4.4,4.39,7,7,7.0
SAE 1523,Septiembre,24,35029794.0,4.4,123,4.41,4.41,4.4,3,4,6.0
SAE 1523,Septiembre,24,35029797.0,4.4,123,4.41,4.41,4.4,3,4,4.0
SAE 1523,Septiembre,24,35029798.0,4.4,119,4.41,4.41,4.4,3,3,4.0
SAE 1523,Septiembre,24,35029799.0,4.4,133,4.41,4.41,4.4,3,4,3.0
SAE 1523,Septiembre,24,35029800.0,4.4,124,4.41,4.41,4.4,4,4,3.0
SAE 1523,Septiembre,24,35029801.0,4.4,126,4.41,4.41,4.4,2,3,3.0
SAE 1523,Septiembre,24,35029802.0,4.4,127,4.41,4.41,4.4,3,3,3.0
SAE 1523,Septiembre,24,35029803.0,4.4,125,4.41,4.41,4.4,3,4,3.0
SAE 1523,Septiembre,24,35029804.0,4.4,130,4.41,4.41,4.4,2,2,2.0
SAE 1523,Septiembre,24,35029805.0,4.4,129,4.41,4.41,4.4,3,2,2.0
SAE 1523,Septiembre,24,35029806.0,4.4,109,4.41,4.41,4.4,2,2,3.0
SAE 1523,Septiembre,24,35029807.0,4.4,130,4.41,4.41,4.4,3,2,2.0
SAE 1523,Septiembre,24,35029808.0,4.4,129,4.41,4.41,4.4,3,2,2.0
SAE 1523,Septiembre,24,35029809.0,4.4,123,4.41,4.41,4.4,2,2,2.0
SAE 1523,Septiembre,24,35029810.0,4.4,119,4.41,4.41,4.4,3,3,3.0
SAE 1022,Septiembre,25,35029813.0,5.13,100,5.14,5.13,5.13,3,6,7.0
SAE 1022,Septiembre,25,35029814.0,5.13,108,5.14,5.13,5.13,4,5,9.0
SAE 1022,Septiembre,25,35029815.0,5.13,102,5.14,5.13,5.13,3,3,9.0
SAE 1022,Septiembre,25,35029816.0,5.13,104,5.14,5.13,5.13,3,3,8.0
SAE 1022,Septiembre,25,35029817.0,5.13,110,5.14,5.13,5.13,3,3,9.0
SAE 1022,Septiembre,25,35029818.0,5.13,106,5.14,5.13,5.13,2,2,9.0
SAE 1022,Septiembre,25,35029819.0,5.13,108,5.14,5.13,5.13,2,2,9.0
SAE 1022,Septiembre,25,35029820.0,5.13,111,5.14,5.13,5.13,3,3,4.0
SAE 1022,Septiembre,25,35029821.0,5.13,109,5.14,5.13,5.13,3,4,4.0
SAE 1022,Septiembre,25,35029822.0,5.13,117,5.14,5.5,5.13,3,5,4.0
SAE 1022,Septiembre,25,35029823.0,5.13,102,5.14,5.5,5.13,3,3,4.0
SAE 1022,Septiembre,25,35029824.0,5.13,112,5.14,5.5,5.13,3,4,4.0
SAE 1022,Septiembre,25,35029825.0,5.13,103,5.14,5.5,5.13,4,,3.0
SAE 1022,Septiembre,25,35029826.0,5.13,115,5.14,5.5,5.13,4,4,7.0
SAE 1022,Septiembre,25,35029827.0,5.13,106,5.14,5.13,5.13,4,3,7.0
SAE 1022,Septiembre,25,35029828.0,5.13,107,5.14,5.12,5.13,3,3,7.0
SAE 1022,Septiembre,25,35029829.0,5.13,111,5.14,5.13,5.13,3,2,7.0
SAE 1022,Septiembre,25,35029830.0,5.13,103,5.14,5.13,5.13,3,3,7.0
SAE 1022,Septiembre,26,35029831.0,5.13,102,5.14,5.13,5.13,3,3,6.0
SAE 1022,Septiembre,26,35029832.0,5.13,96,5.13,5.06,5.13,4,7,10.0
SAE 1022,Septiembre,26,35029833.0,5.13,104,5.13,5.06,5.13,3,4,9.0
SAE 1022,Septiembre,26,35029834.0,5.13,109,5.13,5.06,5.13,4,4,8.0
SAE 1022,Septiembre,26,35029835.0,5.13,103,5.14,5.12,5.11,4,10,6.0
SAE 1022,Septiembre,26,35029836.0,5.13,104,5.14,5.12,5.11,3,5,5.0
SAE 1022,Septiembre,26,35029837.0,5.13,110,5.14,5.12,5.11,4,5,6.0
SAE 1022,Septiembre,26,35029838.0,5.13,103,5.14,5.12,5.11,5,3,8.0
SAE 1022,Septiembre,26,35029839.0,5.13,106,5.14,5.12,5.11,5,4,6.0
SAE 1022,Septiembre,26,35029840.0,5.13,107,5.14,,5.11,5,,5.0
SAE 1022,Septiembre,26,35029841.0,5.13,112,5.14,,5.11,5,,6.0
SAE 1022,Septiembre,26,35029842.0,5.13,89,5.14,,5.11,5,,5.0
SAE 1011,Septiembre,29,35029852.0,4.4,120,4.4,4.39,4.4,4,4,7.0
SAE 1011,Septiembre,29,35029853.0,4.4,122,4.4,4.39,4.4,3,3,4.0
SAE 1011,Septiembre,29,35029854.0,4.4,126,4.4,4.39,4.4,4,2,5.0
SAE 1011,Septiembre,29,35029855.0,4.4,127,4.4,4.39,4.4,4,3,4.0
SAE 1011,Septiembre,29,35029856.0,4.4,124,4.4,4.39,4.4,3,3,4.0
SAE 1011,Septiembre,29,35029857.0,4.4,128,4.4,4.39,4.4,3,3,5.0
SAE 1011,Septiembre,29,35029858.0,4.4,128,4.4,4.39,4.4,3,3,4.0
SAE 1011,Septiembre,29,35029859.0,4.4,120,4.4,4.39,4.4,3,3,3.0
SAE 1011,Septiembre,29,35029860.0,4.4,125,4.42,4.42,4.41,3,3,3.0
SAE 1011,Septiembre,29,35029861.0,4.4,126,4.42,4.42,4.41,2,3,3.0
SAE 1011,Septiembre,29,35029862.0,4.4,127,4.42,4.42,4.41,2,2,2.0
SAE 1011,Septiembre,29,35029863.0,4.4,129,4.42,4.42,4.41,3,2,3.0
SAE 1011,Septiembre,29,35029864.0,4.4,124,4.42,4.42,4.41,2,2,3.0
SAE 1011,Septiembre,29,35029865.0,4.4,126,4.42,4.42,4.41,2,3,3.0
SAE 1011,Septiembre,29,35029866.0,4.4,123,4.42,4.42,4.41,2,3,3.0
SAE 1011,Septiembre,29,35029867.0,4.4,130,4.42,4.42,4.41,2,2,2.0
SAE 1011,Septiembre,29,35029868.0,4.4,128,4.42,4.42,4.41,3,3,2.0
SAE 1011,Septiembre,29,35029869.0,4.4,113,4.42,4.42,4.42,2,3,2.0
SAE 1011,Septiembre,29,35029870.0,4.4,123,,4.42,4.41,,3,3.0
SAE 1011,Septiembre,30,35029871.0,4.4,124,4.41,4.41,4.4,2,2,4.0
SAE 1011,Septiembre,30,35029872.0,4.4,126,4.41,4.41,4.4,3,3,4.0
SAE 1011,Septiembre,30,35029873.0,4.4,119,4.41,4.41,4.4,2,3,3.0
SAE 1011,Septiembre,30,35029874.0,4.4,131,4.41,4.41,4.4,3,3,3.0
SAE 1011,Septiembre,30,35029875.0,4.4,126,4.41,4.41,4.4,2,2,4.0
SAE 1011,Septiembre,30,35029876.0,4.4,129,4.41,4.41,4.4,2,2,4.0
SAE 1011,Septiembre,30,35029877.0,4.4,133,4.41,4.41,4.4,2,3,4.0
SAE 1011,Septiembre,30,35029878.0,4.4,123,4.39,4.42,4.41,2,2,5.0
SAE 1011,Septiembre,30,35029879.0,4.4,121,4.4,4.41,4.41,3,2,4.0
SAE 1011,Septiembre,30,35029880.0,4.4,128,4.4,4.41,4.41,3,3,3.0
SAE 1011,Septiembre,30,35029881.0,4.4,132,4.4,4.41,4.41,,3,3.0
SAE 1011,Septiembre,30,35029882.0,4.4,116,4.4,4.41,4.41,,2,3.0
SAE 1011,Septiembre,30,35029883.0,4.4,135,,4.41,4.41,,3,2.0
SAE 1011,Septiembre,30,35029884.0,4.4,129,,4.41,4.41,,3,3.0
SAE 1011,Septiembre,30,35029885.0,4.4,122,4.41,4.41,4.4,5,3,3.0
SAE 1011,Septiembre,30,35029886.0,4.4,118,4.41,4.41,4.4,5,3,3.0
SAE 1022,Octubre,1,35029891.0,5.13,107,5.14,5.14,5.15,12,11,11.0
SAE 1022,Octubre,1,35029892.0,5.13,100,5.14,5.14,5.15,5,7,8.0
SAE 1022,Octubre,1,35029893.0,5.13,107,5.14,5.14,5.15,3,6,8.0
SAE 1022,Octubre,1,35029894.0,5.13,107,5.14,5.14,5.15,2,3,5.0
SAE 1022,Octubre,1,35029895.0,5.13,109,5.14,5.14,5.15,2,3,5.0
SAE 1022,Octubre,1,35029896.0,5.13,106,5.14,5.14,5.15,3,3,5.0
SAE 1022,Octubre,1,35029897.0,5.13,114,5.14,5.14,5.15,3,3,5.0
SAE 1022,Octubre,1,35029898.0,5.13,105,5.14,5.14,5.14,3,3,4.0
SAE 1022,Octubre,1,35029899.0,5.13,112,5.14,5.14,5.14,2,3,4.0
SAE 1022,Octubre,1,35029900.0,5.13,103,5.14,5.14,5.14,3,3,3.0
SAE 1022,Octubre,1,35029901.0,5.13,105,5.14,5.14,5.15,2,3,5.0
SAE 1022,Octubre,1,35029902.0,5.13,110,5.14,5.14,5.14,3,3,5.0
SAE 1022,Octubre,1,35029903.0,5.13,108,5.14,5.14,5.15,2,3,5.0
SAE 1022,Octubre,1,35029904.0,5.13,104,5.14,5.14,5.15,4,7,5.0
SAE 1022,Octubre,1,35029905.0,5.13,109,5.14,5.14,5.15,4,6,4.0
SAE 1022,Octubre,1,35029906.0,5.13,101,5.14,5.14,5.15,4,5,4.0
SAE 1022,Octubre,1,35029907.0,5.13,101,5.14,5.14,5.15,3,4,4.0
SAE 1022,Octubre,1,35029908.0,5.13,102,5.14,5.14,5.15,4,4,3.0
SAE 1011,Octubre,2,35029909.0,4.4,122,4.4,4.41,4.41,6,7,6.0
SAE 1011,Octubre,2,35029913.0,4.4,119,4.4,4.41,4.41,3,5,5.0
SAE 1008,Octubre,2,35029914.0,4.4,124,4.41,4.41,4.4,7,4,9.0
SAE 1008,Octubre,2,35029915.0,4.4,126,4.41,4.41,4.4,7,5,8.0
SAE 1008,Octubre,2,35029916.0,4.4,127,4.42,4.42,4.4,6,6,8.0
SAE 1008,Octubre,2,35029917.0,4.4,129,4.42,4.42,4.4,5,5,7.0
SAE 1008,Octubre,2,35029918.0,4.4,128,4.42,4.42,4.41,5,5,7.0
SAE 1008,Octubre,2,35029919.0,4.4,126,4.42,4.42,4.41,4,5,7.0
SAE 1008,Octubre,2,35029920.0,4.4,123,4.42,4.42,4.41,3,5,7.0
SAE 1008,Octubre,2,35029921.0,4.4,126,4.42,4.42,4.41,4,5,6.0
SAE 1008,Octubre,2,35029922.0,4.4,125,4.42,4.42,4.41,3,5,7.0
SAE 1008,Octubre,2,35029923.0,4.4,126,4.42,4.42,4.41,4,5,7.0
SAE 1008,Octubre,2,35029924.0,4.4,128,4.42,4.42,4.41,3,5,7.0
SAE 1008,Octubre,2,35029925.0,4.4,112,4.42,4.42,4.41,3,5,5.0
SAE 1011,Octubre,2,35029926.0,4.4,132,4.42,4.42,4.41,3,5,5.0
SAE 1011,Octubre,3,35029911.0,4.4,124,4.4,4.4,4.41,4,8,8.0
SAE 1011,Octubre,3,35029927.0,4.4,133,4.4,4.41,4.41,4,6,7.0
SAE 1011,Octubre,3,35029928.0,4.4,126,4.4,4.4,4.41,4,6,6.0
SAE 1011,Octubre,3,35029929.0,4.4,136,4.4,4.4,4.41,5,5,4.0
SAE 1008,Octubre,3,35029930.0,4.4,119,4.4,4.4,4.41,5,6,7.0
SAE 1011,Octubre,3,35029931.0,4.4,131,4.4,4.4,4.41,7,6,6.0
SAE 1011,Octubre,3,35029932.0,4.4,122,4.4,4.4,4.41,7,6,5.0
SAE 1011,Octubre,3,35029933.0,4.4,124,4.42,4.42,4.41,6,4,4.0
SAE 1011,Octubre,3,35029934.0,4.4,128,4.42,4.42,4.41,6,4,3.0
SAE 1011,Octubre,3,35029935.0,4.4,124,4.42,4.42,4.41,4,4,5.0
SAE 1011,Octubre,3,35029936.0,4.4,139,4.42,4.42,4.41,5,4,4.0
SAE 1008,Octubre,3,35029937.0,4.4,120,4.42,4.41,,6,4,
SAE 1008,Octubre,3,35029938.0,4.4,129,4.42,4.41,,6,4,
SAE 1008,Octubre,3,35029939.0,4.4,128,4.42,4.41,,5,5,
SAE 1008,Octubre,3,35029940.0,4.4,129,4.42,4.4,4.4,6,5,7.0
SAE 1022,Octubre,6,35029952.0,5.13,95,5.14,5.14,5.12,13,7,7.0
SAE 3460 ,Octubre,6,35029554.0,12.0,42,12.04,12.04,11.99,5,3,3.0
SAE 3460 ,Octubre,6,35029955.0,12.0,45,12.04,12.04,11.99,3,3,3.0
SAE 3460 ,Octubre,6,35029956.0,12.0,51,12.04,12.04,11.99,3,3,3.0
SAE 3460 ,Octubre,6,35029957.0,12.0,44,12.0,12.04,12.05,2,2,2.0
SAE 3460 ,Octubre,6,35029958.0,12.0,45,12.0,12.04,12.05,2,2,2.0
SAE 3460 ,Octubre,6,35029959.0,12.0,45,12.0,12.04,12.05,3,2,2.0
SAE 3460 ,Octubre,6,35029960.0,12.0,46,12.0,12.04,12.05,2,3,2.0
SAE 3460 ,Octubre,6,35029961.0,12.0,47,12.0,12.04,12.05,2,2,2.0
SAE 3460 ,Octubre,6,35029862.0,12.0,45,12.01,12.05,12.04,2,2,2.0
SAE 3460 ,Octubre,6,35029963.0,12.0,49,12.01,12.01,12.0,5,3,3.0
SAE 3460 ,Octubre,6,35029964.0,12.0,44,12.01,12.01,12.0,2,2,2.0
SAE 3460 ,Octubre,6,35029965.0,12.0,44,12.01,12.01,12.0,2,3,3.0
SAE 3460 ,Octubre,6,35029966.0,12.0,44,12.01,12.01,12.0,3,3,
SAE 3460 ,Octubre,7,35029967.0,12.0,46,12.01,12.01,11.98,10,10,5.0
SAE 3460 ,Octubre,7,35029968.0,12.0,45,12.02,12.01,12.0,4,2,6.0
SAE 3460 ,Octubre,7,35029969.0,12.0,45,12.02,12.02,11.99,3,3,4.0
SAE 3460 ,Octubre,7,35029970.0,12.0,46,12.02,12.02,11.99,3,3,3.0
SAE 3460 ,Octubre,7,35029971.0,12.0,47,12.02,12.02,11.99,4,3,3.0
SAE 3460 ,Octubre,7,35029972.0,12.0,47,12.02,12.02,11.99,3,3,2.0
SAE 3460 ,Octubre,7,35029973.0,12.0,45,12.02,12.02,11.99,3,2,3.0
SAE 3460 ,Octubre,7,35029974.0,12.0,48,12.02,12.02,11.99,3,3,3.0
SAE 3460 ,Octubre,7,35029975.0,12.0,45,12.02,12.02,11.99,3,3,2.0
SAE 3460 ,Octubre,7,35029976.0,12.0,45,12.02,12.02,11.99,3,2,3.0
SAE 3460 ,Octubre,7,35029977.0,12.0,48,12.02,12.02,11.99,4,3,4.0
SAE 3460 ,Octubre,7,35029978.0,12.0,46,12.02,11.9,12.02,4,3,3.0
SAE 3460 ,Octubre,7,35029979.0,12.0,47,12.02,12.02,12.04,3,3,3.0
SAE 3460 ,Octubre,7,35029980.0,12.0,47,12.02,12.02,12.04,3,2,3.0
SAE 3460 ,Octubre,7,35029981.0,12.0,44,12.02,12.02,12.04,3,3,3.0
SAE 3460 ,Octubre,7,35029982.0,12.0,47,12.02,12.02,12.04,3,3,3.0
SAE 3460 ,Octubre,7,35029983.0,12.0,45,12.02,12.02,12.04,3,3,3.0
SAE 3460 ,Octubre,8,35029984.0,12.0,41,12.02,12.02,11.99,10,8,5.0
SAE 3460 ,Octubre,8,35029985.0,12.0,49,12.02,12.02,11.99,3,3,3.0
SAE 3460 ,Octubre,8,35029986.0,12.0,46,12.02,12.02,11.99,3,3,2.0
SAE 3460 ,Octubre,8,35029987.0,12.0,42,12.02,12.02,11.99,3,6,3.0
SAE 3460 ,Octubre,8,35029988.0,12.0,47,12.02,12.02,11.99,3,5,3.0
SAE 3460 ,Octubre,8,35029989.0,12.0,47,12.03,12.03,12.0,2,2,4.0
SAE 3460 ,Octubre,8,35029990.0,12.0,44,12.03,12.03,12.0,3,2,3.0
SAE 3460 ,Octubre,8,35029991.0,12.0,48,12.02,12.03,12.02,3,3,4.0
SAE 3460 ,Octubre,8,35029992.0,12.0,47,12.02,12.03,12.02,4,3,4.0
SAE 3460 ,Octubre,8,35029993.0,12.0,47,12.02,12.03,12.02,3,3,2.0
SAE 3460 ,Octubre,8,35029994.0,12.0,44,12.02,12.03,12.02,2,3,2.0
SAE 3460 ,Octubre,8,35029995.0,12.0,47,12.02,12.03,12.02,3,3,3.0
SAE 3460 ,Octubre,8,35029996.0,12.0,44,12.02,12.03,12.02,3,2,2.0
SAE 3460 ,Octubre,8,35029997.0,12.0,44,12.02,12.03,12.02,2,2,2.0
SAE 3460 ,Octubre,8,35029998.0,12.0,50,12.02,12.03,12.02,3,2,2.0
SAE 3460 ,Octubre,8,35029999.0,12.0,45,12.02,12.03,12.02,3,2,2.0
SAE 3460 ,Octubre,8,35030000.0,12.0,46,12.02,12.0,12.02,3,2,2.0
SAE 3460 ,Octubre,8,35030001.0,12.0,44,12.02,12.0,12.02,2,2,2.0
SAE 3460 ,Octubre,9,35030002.0,12.0,43,12.01,12.01,11.99,10,8,10.0
SAE 3460 ,Octubre,9,35030003.0,12.0,48,12.01,12.01,12.0,6,3,3.0
SAE 3460 ,Octubre,9,35030004.0,12.0,45,12.01,12.01,12.0,5,4,3.0
SAE 3460 ,Octubre,9,35030005.0,12.0,44,12.01,12.01,12.0,3,3,3.0
SAE 3460 ,Octubre,9,35030006.0,12.0,47,12.01,12.01,12.0,3,3,2.0
SAE 3460 ,Octubre,9,35030007.0,12.0,45,12.01,12.01,12.0,2,3,3.0
SAE 3460 ,Octubre,9,35030008.0,12.0,47,12.01,12.01,12.0,3,2,3.0
SAE 3460 ,Octubre,9,35030009.0,12.0,47,12.01,12.01,12.0,3,3,3.0
SAE 3460 ,Octubre,9,35030010.0,12.0,47,12.01,12.01,12.0,3,2,3.0
SAE 3460 ,Octubre,9,35030011.0,12.0,50,12.01,12.01,12.0,2,2,3.0
SAE 3460 ,Octubre,9,35030012.0,12.0,42,12.01,12.01,12.0,2,2,2.0
SAE 3460 ,Octubre,9,35030013.0,12.0,47,12.01,12.01,12.0,2,3,2.0
SAE 3460 ,Octubre,9,35030014.0,12.0,50,12.02,12.02,12.0,2,2,2.0
SAE 3460 ,Octubre,9,35030015.0,12.0,42,12.02,12.02,12.0,3,2,3.0
SAE 3460 ,Octubre,9,35030016.0,12.0,48,12.0,12.0,11.98,2,2,3.0
SAE 3460 ,Octubre,9,35030017.0,12.0,45,12.0,12.0,11.99,2,2,3.0
SAE 3460 ,Octubre,9,35030018.0,12.0,45,11.99,12.0,12.0,3,2,2.0
SAE 3460 ,Octubre,9,35030019.0,12.0,44,12.0,12.0,11.99,3,3,3.0
SAE 3460 ,Octubre,10,35030020.0,12.0,43,12.02,12.02,12.0,10,5,5.0
SAE 3460 ,Octubre,10,35030021.0,12.0,47,12.02,12.02,12.0,3,3,3.0
SAE 3460 ,Octubre,10,35030022.0,12.0,45,12.01,12.01,12.0,3,3,3.0
SAE 3460 ,Octubre,10,35030023.0,12.0,47,12.02,12.02,11.99,2,2,2.0
SAE 3460 ,Octubre,10,35030024.0,12.0,45,12.02,12.0,12.02,2,2,3.0
SAE 3460 ,Octubre,10,35030025.0,12.0,48,12.02,12.0,12.02,2,2,2.0
SAE 3460 ,Octubre,10,35030026.0,12.0,44,12.02,12.0,12.02,3,2,3.0
SAE 3460 ,Octubre,10,35030027.0,12.0,47,12.02,12.0,12.02,2,3,3.0
SAE 3460 ,Octubre,10,35030028.0,12.0,48,12.02,12.02,12.02,2,2,2.0
SAE 3460 ,Octubre,10,35030029.0,12.0,44,12.02,12.02,12.02,3,2,3.0
SAE 3460 ,Octubre,10,35030030.0,12.0,47,12.02,12.02,12.02,3,2,2.0
SAE 3460 ,Octubre,10,35030031.0,12.0,46,12.01,12.0,12.03,3,3,3.0
SAE 3460 ,Octubre,10,35030032.0,12.0,48,12.03,12.03,12.03,3,2,3.0
SAE 3460 ,Octubre,10,35030033.0,12.0,45,12.01,12.02,12.01,3,3,3.0
SAE 3460 ,Octubre,10,35030034.0,12.0,44,12.02,12.02,12.02,10,7,5.0
SAE 3460 ,Octubre,10,35030035.0,12.0,44,12.02,12.02,12.02,3,7,3.0
SAE 3460 ,Octubre,13,35030036.0,12.0,48,12.02,12.02,12.02,2,7,3.0
SAE 3460 ,Octubre,13,35030037.0,12.0,45,12.02,12.02,12.02,3,3,3.0
SAE 3460 ,Octubre,13,35030038.0,12.0,45,12.03,12.03,12.02,2,7,3.0
SAE 3460 ,Octubre,13,35030039.0,12.0,49,12.03,12.03,12.02,3,3,3.0
SAE 3460 ,Octubre,13,35030040.0,12.0,45,12.03,12.03,12.02,2,3,3.0
SAE 3460 ,Octubre,13,35030041.0,12.0,46,12.03,12.03,12.02,3,3,3.0
SAE 3460 ,Octubre,13,35030042.0,12.0,45,12.03,12.03,12.02,3,4,3.0
SAE 3460 ,Octubre,13,35030043.0,12.0,48,12.02,12.0,12.02,4,4,2.0
SAE 3460 ,Octubre,13,35030044.0,12.0,45,12.01,12.02,12.01,2,4,3.0
SAE 3460 ,Octubre,13,35030045.0,12.0,45,12.02,12.02,12.01,4,4,2.0
SAE 3460 ,Octubre,13,35030046.0,12.0,48,12.02,12.02,12.01,3,3,3.0
SAE 3460 ,Octubre,13,35030047.0,12.0,47,12.02,12.02,12.01,2,2,3.0
SAE 3460 ,Octubre,13,35030048.0,12.0,45,12.02,12.02,12.01,3,3,3.0
SAE 3460 ,Octubre,13,35030049.0,12.0,48,12.02,12.02,12.01,3,2,3.0
SAE 3460 ,Octubre,13,35030050.0,12.0,45,12.02,12.02,12.0,3,3,2.0
SAE 3460 ,Octubre,13,35030051.0,12.0,41,12.02,12.02,12.0,2,2,3.0
SAE 3460 ,Octubre,14,35030052.0,12.0,43,12.02,12.02,12.02,10,4,3.0
SAE 3460 ,Octubre,14,35030053.0,12.0,40,12.02,12.02,12.02,5,4,4.0
SAE 3460 ,Octubre,14,35030062.0,12.0,46,12.02,12.02,12.02,10,10,10.0
SAE 3460 ,Octubre,14,35030063.0,12.0,44,12.02,12.02,12.02,12,4,4.0
SAE 3460 ,Octubre,14,35030064.0,12.0,48,12.01,12.01,12.0,3,3,3.0
SAE 3460 ,Octubre,14,35030065.0,12.0,44,12.02,12.03,12.0,8,3,3.0
SAE 3460 ,Octubre,14,35030066.0,12.0,44,12.03,12.02,12.02,3,3,3.0
SAE 3460 ,Octubre,14,35030067.0,12.0,47,12.02,12.02,12.01,3,2,2.0
SAE 3460 ,Octubre,14,35030068.0,12.0,46,12.04,12.02,12.02,3,2,2.0
SAE 3460 ,Octubre,14,35030069.0,12.0,45,12.04,12.02,12.02,4,2,2.0
SAE 3460 ,Octubre,14,35030070.0,12.0,47,12.03,12.03,12.02,2,4,2.0
SAE 3460 ,Octubre,14,35030071.0,12.0,46,12.03,12.03,12.02,3,2,2.0
SAE 3460 ,Octubre,14,35030072.0,12.0,49,12.03,12.03,12.02,2,2,2.0
SAE 3460 ,Octubre,14,35030073.0,12.0,44,12.03,12.03,12.02,3,3,3.0
SAE 3460 ,Octubre,14,35030074.0,12.0,48,12.03,12.03,12.02,3,2,2.0
SAE 3460 ,Octubre,14,35030075.0,12.0,43,12.03,12.03,12.02,3,2,2.0
SAE 3460 ,Octubre,15,35030076.0,12.0,44,12.02,12.02,12.0,10,7,5.0
SAE 3460 ,Octubre,15,35030077.0,12.0,47,12.02,12.02,12.0,7,3,3.0
SAE 3460 ,Octubre,15,35030078.0,12.0,47,12.02,12.02,12.0,5,3,2.0
SAE 3460 ,Octubre,15,35030079.0,12.0,46,12.02,12.02,12.0,3,2,2.0
SAE 3460 ,Octubre,15,35030080.0,12.0,47,12.02,12.02,12.0,2,2,3.0
SAE 3460 ,Octubre,15,35030081.0,12.0,45,12.02,12.02,12.0,3,3,3.0
SAE 3460 ,Octubre,15,35030054.0,12.0,45,12.02,12.02,12.0,3,3,2.0
SAE 3460 ,Octubre,15,35030055.0,12.0,46,12.02,12.02,12.0,2,2,3.0
SAE 3460 ,Octubre,15,35030056.0,12.0,45,12.02,12.02,12.0,3,3,3.0
SAE 3460 ,Octubre,15,35030057.0,12.0,49,12.02,12.02,12.0,3,2,2.0
SAE 3460 ,Octubre,15,35030058.0,12.0,45,12.02,12.02,12.0,2,2,2.0
SAE 3460 ,Octubre,15,35030059.0,12.0,47,12.02,12.02,12.0,3,3,2.0
SAE 3460 ,Octubre,15,35030060.0,12.0,46,12.02,12.02,12.0,2,2,2.0
SAE 3460 ,Octubre,15,35030061.0,12.0,44,12.02,12.02,12.0,2,3,3.0
SAE 3460 ,Octubre,15,35030082.0,12.0,48,12.03,12.06,12.04,2,2,2.0
SAE 3460 ,Octubre,15,35030083.0,12.0,46,12.02,12.03,12.02,3,2,2.0
SAE 3460 ,Octubre,15,35030084.0,12.0,48,12.02,12.04,12.01,3,3,3.0
SAE 3460 ,Octubre,15,35030085.0,12.0,38,12.02,12.04,12.03,2,3,4.0
SAE 3460 ,Octubre,15,35030086.0,12.0,45,12.03,12.03,12.01,10,8,10.0
SAE 3460 ,Octubre,16,35030087.0,12.0,45,12.03,12.03,12.01,10,7,3.0
SAE 3460 ,Octubre,16,35030088.0,12.0,45,12.03,12.03,12.01,10,8,10.0
SAE 3460 ,Octubre,16,35030089.0,12.0,48,12.03,12.03,12.01,3,2,3.0
SAE 3460 ,Octubre,16,35030090.0,12.0,45,12.03,12.03,12.01,3,2,3.0
SAE 3460 ,Octubre,16,35030091.0,12.0,45,12.03,12.03,12.02,2,2,3.0
SAE 3460 ,Octubre,16,35030092.0,12.0,48,12.03,12.03,12.02,2,2,3.0
SAE 3460 ,Octubre,16,35030093.0,12.0,45,12.03,12.03,12.02,2,2,3.0
SAE 3460 ,Octubre,16,35030094.0,12.0,45,12.03,12.02,12.0,5,5,3.0
SAE 3460 ,Octubre,16,35030095.0,12.0,48,12.04,12.02,12.0,3,3,3.0
SAE 3460 ,Octubre,16,35030096.0,12.0,45,12.02,12.02,12.0,2,2,3.0
SAE 3460 ,Octubre,16,35030097.0,12.0,46,12.02,12.02,12.0,2,3,3.0
SAE 3460 ,Octubre,16,35030098.0,12.0,48,12.02,12.02,12.0,3,2,2.0
SAE 3460 ,Octubre,16,35030099.0,12.0,43,12.02,12.02,12.0,3,3,2.0
SAE 3460 ,Octubre,16,35030100.0,12.0,48,12.02,12.04,12.02,6,2,3.0
SAE 3460 ,Octubre,16,35030101.0,12.0,41,12.02,12.04,12.02,6,3,3.0
SAE 3460 ,Octubre,16,35030102.0,12.0,45,,12.04,12.02,,3,3.0
SAE 3460 ,Octubre,17,35030103.0,12.0,45,12.02,12.04,12.02,10,9,9.0
SAE 3460 ,Octubre,17,35030104.0,12.0,45,12.02,12.04,12.02,10,5,4.0
SAE 3460 ,Octubre,17,35030105.0,12.0,47,12.02,12.04,12.02,6,3,3.0
SAE 3460 ,Octubre,17,35030106.0,12.0,46,12.02,12.04,12.02,6,2,3.0
SAE 3460 ,Octubre,17,35030107.0,12.0,47,12.02,12.04,12.02,6,3,3.0
SAE 3460 ,Octubre,17,35030108.0,12.0,47,12.02,12.02,12.0,3,2,3.0
SAE 3460 ,Octubre,17,35030109.0,12.0,46,12.01,12.02,12.0,2,2,2.0
SAE 3460 ,Octubre,17,35030110.0,12.0,45,12.02,12.02,12.0,3,2,2.0
SAE 3460 ,Octubre,17,35030111.0,12.0,46,12.02,12.02,12.02,2,2,3.0
SAE 3460 ,Octubre,17,35030112.0,12.0,47,12.02,12.02,12.0,4,3,3.0
SAE 3460 ,Octubre,20,35030113.0,12.0,48,12.0,12.0,11.97,12,10,10.0
SAE 3460 ,Octubre,20,35030114.0,12.0,47,12.0,12.0,11.97,12,8,10.0
SAE 3460 ,Octubre,20,35030115.0,12.0,43,12.0,12.0,11.97,10,4,4.0
SAE 3460 ,Octubre,20,35030116.0,12.0,44,12.0,12.0,11.97,2,2,2.0
SAE 3460 ,Octubre,20,35030117.0,12.0,45,12.0,11.98,12.02,10,10,5.0
SAE 3460 ,Octubre,20,35030118.0,12.0,45,12.0,11.98,12.02,10,10,10.0
SAE 3460 ,Octubre,21,35030119.0,12.0,42,12.0,12.0,12.0,8,8,3.0
SAE 3460 ,Octubre,21,35030120.0,12.0,47,12.01,12.03,12.03,3,3,2.0
SAE 3460 ,Octubre,21,35030121.0,12.0,44,12.02,12.02,12.0,3,2,2.0
SAE 3460 ,Octubre,21,35030122.0,12.0,48,12.02,12.02,12.0,5,2,2.0
SAE 3460 ,Octubre,21,35030123.0,12.0,45,12.02,12.02,,4,2,
SAE 3460 ,Octubre,21,35030124.0,12.0,45,12.02,12.02,,4,2,
SAE 3460 ,Octubre,21,35030125.0,12.0,47,12.02,12.02,11.98,4,4,
SAE 3460 ,Octubre,21,35030126.0,12.0,43,11.99,12.01,12.0,7,2,10.0
SAE 3460 ,Octubre,21,35030127.0,12.0,0,,,,,,
SAE 3460 ,Octubre,21,35030128.0,12.0,45,12.02,12.02,11.98,5,2,6.0
SAE 3460 ,Octubre,21,35030129.0,12.0,46,12.02,12.02,11.98,10,10,10.0
SAE 3460 ,Octubre,21,35030130.0,12.0,49,12.0,12.0,12.0,7,4,7.0
SAE 3460 ,Octubre,21,35030131.0,12.0,45,12.0,12.0,12.0,7,3,6.0
SAE 3460 ,Octubre,21,35030132.0,12.0,43,12.02,12.02,12.0,7,4,4.0
SAE 3460 ,Octubre,22,35030133.0,12.0,45,12.03,12.02,12.0,10,9,10.0
SAE 3460 ,Octubre,22,35030134.0,12.0,50,12.03,12.02,12.0,10,4,6.0
SAE 3460 ,Octubre,22,35030135.0,12.0,43,12.03,12.02,12.0,7,5,3.0
SAE 3460 ,Octubre,22,35030136.0,12.0,46,12.03,12.02,12.0,7,5,6.0
SAE 3460 ,Octubre,22,35030137.0,12.0,46,12.03,12.02,12.0,7,6,7.0
SAE 3460 ,Octubre,22,35030138.0,12.0,47,12.03,12.02,12.0,7,6,6.0
SAE 3460 ,Octubre,22,35030139.0,12.0,47,12.03,12.02,12.0,3,3,3.0
SAE 3460 ,Octubre,22,35030140.0,12.0,45,12.03,12.02,12.02,3,6,3.0
SAE 3460 ,Octubre,22,35030141.0,12.0,45,12.03,12.02,12.02,3,3,3.0
SAE 3460 ,Octubre,22,35030142.0,12.0,48,12.03,12.02,12.02,3,4,3.0
SAE 3460 ,Octubre,22,35030143.0,12.0,45,12.03,12.02,12.02,3,3,2.0
SAE 3460 ,Octubre,22,35030144.0,12.0,45,12.03,12.02,12.02,4,3,3.0
SAE 3460 ,Octubre,22,35030145.0,12.0,46,12.03,12.02,12.02,4,4,3.0
SAE 3460 ,Octubre,22,35030146.0,12.0,33,12.02,12.02,12.02,10,10,10.0
SAE 3460 ,Octubre,22,35030147.0,12.0,47,12.02,12.02,12.02,10,3,3.0
SAE 3460 ,Octubre,22,35030148.0,12.0,43,12.02,12.02,12.02,9,3,3.0
SAE 3460 ,Octubre,22,35030149.0,12.0,47,12.02,12.02,12.02,7,3,
SAE 1523,Octubre,23,35030156.0,4.4,125,4.4,4.41,4.41,11,9,12.0
SAE 1523,Octubre,23,35030157.0,4.4,127,4.4,4.41,4.41,8,8,10.0
SAE 1523,Octubre,23,35030158.0,4.4,127,4.4,4.41,4.41,7,7,9.0
SAE 1523,Octubre,23,35030159.0,4.4,130,4.4,4.41,4.41,5,6,7.0
SAE 1523,Octubre,23,35030160.0,4.4,122,4.4,4.41,4.41,6,7,4.0
SAE 1523,Octubre,23,35030161.0,4.4,122,4.4,4.41,4.41,6,7,5.0
SAE 1523,Octubre,23,35030162.0,4.4,131,4.41,4.41,4.41,6,6,6.0
SAE 1523,Octubre,23,35030163.0,4.4,125,4.4,4.41,4.41,6,5,2.0
SAE 1523,Octubre,23,35030164.0,4.4,118,4.4,4.41,4.41,6,5,3.0
SAE 1523,Octubre,23,35030165.0,4.4,135,4.4,4.41,4.41,6,3,3.0
SAE 1523,Octubre,23,35030166.0,4.4,131,4.4,4.41,4.41,4,3,3.0
SAE 1523,Octubre,23,35030167.0,4.4,120,4.4,4.41,4.41,3,3,2.0
SAE 1523,Octubre,23,35030168.0,4.4,125,4.4,4.41,4.41,10,10,8.0
SAE 1523,Octubre,23,35030169.0,4.4,124,4.41,4.41,4.41,8,8,4.0
SAE 1523,Octubre,23,35030170.0,4.4,122,4.4,4.41,4.4,10,10,10.0
SAE 1523,Octubre,24,35030171.0,4.4,126,4.4,4.41,4.4,9,8,10.0
SAE 1523,Octubre,24,35030172.0,4.4,127,4.4,4.41,4.4,7,4,7.0
SAE 1523,Octubre,24,35030173.0,4.4,126,4.4,4.41,4.4,3,3,2.0
SAE 1523,Octubre,24,35030174.0,4.4,126,4.4,4.41,4.4,2,2,2.0
SAE 1523,Octubre,24,35030175.0,4.4,125,4.4,4.41,4.4,2,2,2.0
SAE 1523,Octubre,24,35030176.0,4.4,123,4.41,4.41,4.42,3,4,2.0
SAE 1523,Octubre,24,35030177.0,4.4,129,4.41,4.41,4.42,3,4,3.0
SAE 1523,Octubre,24,35030178.0,4.4,125,4.41,4.41,4.42,4,4,3.0
SAE 1523,Octubre,24,35030179.0,4.4,126,4.41,4.41,4.42,2,4,6.0
SAE 1523,Octubre,24,35030180.0,4.4,126,4.41,4.41,4.42,1,1,2.0
SAE 1523,Octubre,24,35030181.0,4.4,128,4.41,4.41,4.42,2,2,2.0
SAE 1523,Octubre,24,35030182.0,4.4,133,4.41,4.41,4.42,3,3,2.0
SAE 1523,Octubre,24,35030183.0,4.4,128,4.41,4.41,4.42,3,2,3.0
SAE 1523,Octubre,24,35030184.0,4.4,129,4.41,4.41,4.42,3,3,3.0
SAE 1523,Octubre,24,35030185.0,4.4,127,4.41,4.41,4.42,4,4,3.0
SAE 1523,Octubre,24,35030186.0,4.4,129,4.41,4.41,4.42,4,4,4.0
SAE 1523,Octubre,24,35030187.0,4.4,122,4.41,,4.42,4,,4.0
SAE 1523,Octubre,24,35030188.0,4.4,89,4.41,,4.42,5,,3.0
SAE 3460 ,Octubre,29,35030194.0,12.0,48,12.04,12.0,12.0,5,7,10.0
SAE 3460 ,Octubre,29,35030195.0,12.0,42,12.04,12.0,12.0,4,4,8.0
SAE 3460 ,Octubre,29,35030196.0,12.0,43,12.04,12.0,12.0,2,2,4.0
SAE 3460 ,Octubre,29,35030197.0,12.0,45,12.04,12.0,12.0,2,2,2.0
SAE 3460 ,Octubre,29,35030198.0,12.0,48,12.03,12.02,12.02,2,2,3.0
SAE 3460 ,Octubre,29,35030199.0,12.0,42,12.02,12.02,12.0,2,3,3.0
SAE 3460 ,Octubre,29,35030200.0,12.0,48,12.02,12.02,12.0,2,2,3.0
SAE 3460 ,Octubre,29,35030201.0,12.0,45,12.02,12.02,12.0,3,2,3.0
SAE 3460 ,Octubre,29,35030202.0,12.0,46,12.02,12.02,12.0,1,2,3.0
SAE 3460 ,Octubre,29,35030203.0,12.0,45,12.02,12.02,12.0,2,2,3.0
SAE 3460 ,Octubre,29,35030204.0,12.0,48,12.03,12.02,12.0,2,2,3.0
SAE 3460 ,Octubre,29,35030205.0,12.0,46,12.03,12.02,12.0,2,2,2.0
SAE 3460 ,Octubre,29,35030206.0,12.0,47,12.03,12.02,12.0,2,2,3.0
SAE 3460 ,Octubre,29,35030207.0,12.0,47,12.03,12.02,12.0,2,2,2.0
SAE 3460 ,Octubre,29,35030208.0,12.0,47,12.03,12.02,12.0,2,2,3.0
SAE 3460 ,Octubre,29,35030209.0,12.0,45,12.03,12.02,12.0,3,3,3.0
SAE 3460 ,Octubre,30,35030210.0,12.0,45,12.03,12.03,12.03,9,10,3.0
SAE 3460 ,Octubre,30,35030211.0,12.0,45,12.03,12.02,12.02,3,2,2.0
SAE 3460 ,Octubre,30,35030212.0,12.0,45,12.03,12.02,12.02,3,3,3.0
SAE 3460 ,Octubre,30,35030213.0,12.0,45,12.03,12.02,12.02,3,2,2.0
SAE 3460 ,Octubre,30,35030214.0,12.0,44,12.03,12.01,12.03,3,2,2.0
SAE 3460 ,Octubre,30,35030215.0,12.0,47,12.03,12.01,12.0,9,10,10.0
SAE 3460 ,Octubre,30,35030216.0,12.0,45,12.03,12.02,12.0,4,4,5.0
SAE 3460 ,Octubre,30,35030217.0,12.0,45,12.03,12.02,12.0,3,4,5.0
SAE 3460 ,Octubre,30,35030218.0,12.0,51,12.03,12.02,12.0,3,3,4.0
SAE 3460 ,Octubre,30,35030219.0,12.0,43,12.03,12.02,12.0,4,3,3.0
SAE 3460 ,Octubre,30,35030220.0,12.0,42,12.03,12.02,12.0,3,2,3.0
SAE 1022,Noviembre,3,35030249.0,5.13,96,5.13,5.13,5.12,12,11,12.0
SAE 1022,Noviembre,3,35030250.0,5.13,104,5.13,5.13,5.12,12,10,12.0
SAE 1022,Noviembre,3,35030251.0,5.13,105,5.13,5.13,5.12,10,10,8.0
SAE 1022,Noviembre,3,35030252.0,5.13,100,5.13,5.13,5.12,10,10,6.0
SAE 1022,Noviembre,3,35030253.0,5.13,109,5.13,5.13,5.12,10,9,8.0
SAE 1022,Noviembre,3,35030254.0,5.13,109,5.13,5.13,5.12,10,9,10.0
SAE 1022,Noviembre,3,35030255.0,5.13,106,5.13,5.13,5.12,12,9,10.0
SAE 1022,Noviembre,3,35030256.0,5.13,110,5.13,5.13,5.12,12,8,8.0
SAE 1022,Noviembre,3,35030257.0,5.13,109,5.13,5.13,5.12,12,8,10.0
SAE 1022,Noviembre,3,35030258.0,5.13,109,5.13,5.13,5.12,10,4,2.0
SAE 1022,Noviembre,3,35030259.0,5.13,95,5.13,5.13,5.12,8,6,4.0
SAE 1022,Noviembre,3,35030260.0,5.13,109,5.13,5.13,5.12,5,7,5.0
SAE 1022,Noviembre,3,35030261.0,5.13,111,5.13,5.13,5.12,5,7,5.0
SAE 1022,Noviembre,3,35030262.0,5.13,108,5.12,5.13,5.13,6,6,7.0
SAE 1022,Noviembre,3,35030263.0,5.13,107,5.13,5.13,5.12,7,6,6.0
SAE 1022,Noviembre,3,35030264.0,5.13,114,5.13,5.13,5.14,12,4,12.0
SAE 3460 ,Noviembre,4,35030268.0,12.0,43,12.03,12.03,11.98,9,5,5.0
SAE 3460 ,Noviembre,4,35030269.0,12.0,46,12.03,12.03,11.98,5,5,4.0
SAE 3460 ,Noviembre,4,35030270.0,12.0,41,12.03,12.03,11.98,4,5,3.0
SAE 3460 ,Noviembre,4,35030271.0,12.0,43,12.03,12.03,11.98,10,9,6.0
SAE 3460 ,Noviembre,4,35030272.0,12.0,48,12.03,12.03,11.98,4,4,2.0
SAE 3460 ,Noviembre,4,35030273.0,12.0,45,12.03,12.03,11.98,4,4,3.0
SAE 3460 ,Noviembre,4,35030274.0,12.0,42,12.03,12.03,11.98,2,2,2.0
SAE 3460 ,Noviembre,4,35030275.0,12.0,50,12.03,12.03,11.98,3,2,3.0
SAE 3460 ,Noviembre,4,35030276.0,12.0,46,12.03,12.03,11.98,3,3,3.0
SAE 3460 ,Noviembre,4,35030277.0,12.0,44,12.03,12.03,11.98,3,4,3.0
SAE 3460 ,Noviembre,4,35030278.0,12.0,44,12.03,12.03,11.98,3,4,4.0
SAE 3460 ,Noviembre,4,35030279.0,12.0,46,12.03,12.03,11.98,2,2,2.0
SAE 3460 ,Noviembre,4,35030280.0,12.0,45,12.03,12.03,11.98,2,3,2.0
SAE 3460 ,Noviembre,4,35030281.0,12.0,46,12.03,12.03,11.98,2,3,3.0
SAE 3460 ,Noviembre,4,35030282.0,12.0,45,12.03,12.03,11.98,3,4,3.0
SAE 3460 ,Noviembre,4,35030283.0,12.0,46,12.02,12.02,11.97,3,4,3.0
SAE 3460 ,Noviembre,4,35030284.0,12.0,44,12.02,12.02,11.97,4,3,3.0
SAE 3460 ,Noviembre,5,35030285.0,12.0,47,12.03,12.02,12.02,10,9,10.0
SAE 3460 ,Noviembre,5,35030286.0,12.0,43,12.03,12.02,12.02,7,3,3.0
SAE 3460 ,Noviembre,5,35030287.0,12.0,47,12.03,12.02,12.02,7,4,3.0
SAE 3460 ,Noviembre,5,35030288.0,12.0,43,12.03,12.02,12.02,5,4,4.0
SAE 3460 ,Noviembre,5,35030289.0,12.0,49,12.03,12.02,12.02,2,2,2.0
SAE 3460 ,Noviembre,5,35030290.0,12.0,44,12.03,12.03,12.02,3,2,2.0
SAE 3460 ,Noviembre,5,35030291.0,12.0,48,12.02,12.02,12.03,3,3,3.0
SAE 3460 ,Noviembre,5,35030292.0,12.0,45,12.02,12.02,12.03,3,2,3.0
SAE 3460 ,Noviembre,5,35030293.0,12.0,48,12.02,12.02,12.03,1,2,1.0
SAE 3460 ,Noviembre,5,35030294.0,12.0,46,12.02,12.02,12.03,2,2,2.0
SAE 3460 ,Noviembre,5,35030295.0,12.0,45,12.02,12.02,12.0,2,2,8.0
SAE 3460 ,Noviembre,5,35030296.0,12.0,46,12.02,12.02,12.0,3,2,4.0
SAE 3460 ,Noviembre,5,35030297.0,12.0,48,12.02,12.02,12.0,3,4,4.0
SAE 3460 ,Noviembre,5,35030298.0,12.0,42,12.02,12.02,12.0,4,3,4.0
SAE 3460 ,Noviembre,5,35030299.0,12.0,48,12.02,12.02,12.0,2,2,2.0
SAE 3460 ,Noviembre,5,35030300.0,12.0,42,12.02,12.02,12.0,1,1,1.0
SAE 3460 ,Noviembre,5,35030301.0,12.0,49,12.02,12.02,12.0,1,2,2.0
SAE 3460 ,Noviembre,5,35030302.0,12.0,45,12.02,12.02,12.0,2,2,2.0
SAE 3460 ,Noviembre,5,35030303.0,12.0,43,12.02,12.01,12.0,2,2,2.0
SAE 3460 ,Noviembre,6,35030304.0,12.0,45,12.02,12.01,12.0,10,9,10.0
SAE 3460 ,Noviembre,6,35030305.0,12.0,47,12.02,12.01,12.0,5,7,9.0
SAE 3460 ,Noviembre,6,35030306.0,12.0,44,12.02,12.01,12.0,3,3,6.0
SAE 3460 ,Noviembre,6,35030307.0,12.0,48,12.02,12.01,12.0,4,3,5.0
SAE 3460 ,Noviembre,6,35030308.0,12.0,42,12.02,12.01,12.0,7,3,3.0
SAE 3460 ,Noviembre,6,35030309.0,12.0,47,12.02,12.01,12.0,7,2,3.0
SAE 3460 ,Noviembre,6,35030310.0,12.0,45,12.02,12.01,12.0,7,2,2.0
SAE 3460 ,Noviembre,6,35030311.0,12.0,46,12.02,12.01,12.0,6,3,3.0
SAE 3460 ,Noviembre,6,35030312.0,12.0,47,12.02,12.01,12.0,2,2,3.0
SAE 3460 ,Noviembre,6,35030313.0,12.0,46,12.02,12.01,12.0,3,2,3.0
SAE 3460 ,Noviembre,6,35030314.0,12.0,45,12.02,12.01,12.0,2,2,2.0
SAE 3460 ,Noviembre,6,35030315.0,12.0,52,12.02,12.01,12.0,2,3,2.0
SAE 3460 ,Noviembre,6,35030316.0,12.0,44,12.02,12.01,12.0,2,3,2.0
SAE 3460 ,Noviembre,6,35030317.0,12.0,45,12.02,12.01,12.0,2,2,2.0
SAE 3460 ,Noviembre,6,35030318.0,12.0,47,12.02,12.01,12.0,2,3,2.0
SAE 3460 ,Noviembre,6,35030319.0,12.0,47,12.02,12.01,12.0,3,3,3.0
SAE 3460 ,Noviembre,6,35030320.0,12.0,46,12.02,12.01,12.0,3,2,3.0
SAE 3460 ,Noviembre,6,35030321.0,12.0,44,12.02,12.01,12.0,3,3,2.0
SAE 3460 ,Noviembre,6,35030322.0,12.0,46,12.02,12.01,12.0,3,3,2.0
SAE 3460 ,Noviembre,6,35030323.0,12.0,43,12.02,12.01,12.0,3,3,3.0
SAE 1022,Noviembre,7,35030326.0,5.13,103,5.13,5.13,5.12,13,9,12.0
SAE 1022,Noviembre,7,35030327.0,5.13,104,5.13,5.13,5.12,9,10,10.0
SAE 1022,Noviembre,7,35030328.0,5.13,102,5.13,5.13,5.12,9,7,13.0
SAE 1022,Noviembre,7,35030329.0,5.13,103,5.13,5.13,5.12,10,10,15.0
SAE 1022,Noviembre,7,35030330.0,5.13,106,5.13,5.13,5.12,5,7,14.0
SAE 1022,Noviembre,7,35030331.0,5.13,110,5.13,5.13,5.12,3,7,14.0
SAE 1022,Noviembre,7,35030332.0,5.13,106,5.13,5.13,5.12,5,5,
SAE 1022,Noviembre,7,35030333.0,5.13,110,5.13,5.13,5.12,5,7,
SAE 1022,Noviembre,7,35030334.0,5.13,109,5.13,5.13,5.12,8,8,
SAE 1022,Noviembre,10,35030335.0,5.13,78,5.13,5.13,5.12,12,12,11.0
SAE 1022,Noviembre,10,35030336.0,5.13,109,5.13,5.13,5.12,10,7,12.0
SAE 1022,Noviembre,10,35030337.0,5.13,117,5.13,5.13,5.12,10,10,15.0
SAE 1022,Noviembre,10,35030338.0,5.13,107,5.13,5.13,5.12,12,7,15.0
SAE 1022,Noviembre,10,35030339.0,5.13,105,5.13,5.13,5.12,10,8,15.0
SAE 1022,Noviembre,10,35030340.0,5.13,107,5.13,5.13,5.12,6,6,15.0
SAE 1022,Noviembre,10,35030341.0,5.13,111,5.13,5.13,5.12,7,6,
SAE 1022,Noviembre,10,35030342.0,5.13,101,5.13,5.13,5.12,7,5,
SAE 1022,Noviembre,10,35030343.0,5.13,112,5.13,5.13,5.12,7,5,
SAE 1022,Noviembre,10,35030344.0,5.13,106,5.13,5.13,5.12,7,7,
SAE 1022,Noviembre,11,35030345.0,5.13,106,5.13,5.13,5.12,10,10,10.0
SAE 1022,Noviembre,11,35030346.0,5.13,109,5.13,5.13,5.12,8,6,7.0
SAE 1022,Noviembre,11,35030347.0,5.13,111,5.13,5.13,5.12,10,4,9.0
SAE 1022,Noviembre,11,35030348.0,5.13,105,5.13,5.13,5.12,9,4,4.0
SAE 1022,Noviembre,11,35030349.0,5.13,109,5.13,5.13,5.12,9,4,4.0
SAE 1022,Noviembre,11,35030350.0,5.13,108,5.13,5.13,5.12,3,3,3.0
SAE 1022,Noviembre,11,35030351.0,5.13,109,5.13,5.13,5.12,10,5,3.0
SAE 1022,Noviembre,11,35030352.0,5.13,112,5.14,5.14,5.13,12,5,3.0
SAE 1022,Noviembre,11,35030353.0,5.13,104,5.14,5.12,5.14,12,4,7.0
SAE 1022,Noviembre,11,35030354.0,5.13,109,5.14,5.13,5.13,4,3,3.0
SAE 1022,Noviembre,11,35030355.0,5.13,114,5.14,5.13,5.13,6,4,5.0
SAE 1022,Noviembre,11,35030356.0,5.13,109,5.14,5.13,5.13,7,4,5.0
SAE 1022,Noviembre,11,35030357.0,5.13,102,5.14,5.13,5.13,6,4,4.0
SAE 1022,Noviembre,11,35030358.0,5.13,110,5.14,5.13,5.13,6,3,4.0
SAE 1022,Noviembre,11,35030359.0,5.13,120,5.14,5.13,5.13,6,3,6.0
SAE 1022,Noviembre,11,35030360.0,5.13,101,5.14,5.13,5.13,6,1,6.0
SAE 1022,Noviembre,11,35030361.0,5.13,107,5.14,5.13,5.13,6,3,6.0
SAE 1022,Noviembre,11,35030362.0,5.13,103,5.14,5.13,5.13,6,2,3.0
SAE 1022,Noviembre,12,35030363.0,5.13,71,5.13,5.13,5.14,10,10,10.0
SAE 1022,Noviembre,12,35030364.0,5.13,108,5.13,5.13,5.14,8,10,10.0
SAE 1022,Noviembre,12,35030365.0,5.13,108,5.13,5.13,5.14,7,12,7.0
SAE 1022,Noviembre,12,35030366.0,5.13,99,5.14,5.14,5.13,6,10,5.0
SAE 1022,Noviembre,12,35030367.0,5.13,107,5.14,5.14,5.13,10,10,6.0
SAE 1022,Noviembre,12,35030368.0,5.13,108,5.14,5.14,5.13,6,9,9.0
SAE 1022,Noviembre,12,35030369.0,5.13,105,5.14,5.14,5.13,6,7,7.0
SAE 1022,Noviembre,12,35030370.0,5.13,110,5.14,5.14,5.13,5,7,7.0
SAE 1022,Noviembre,12,35030371.0,5.13,107,5.14,5.14,5.13,5,8,8.0
SAE 1022,Noviembre,12,35030372.0,5.13,108,5.14,5.14,5.13,5,7,8.0
SAE 1022,Noviembre,12,35030373.0,5.13,109,5.14,5.14,5.13,4,9,6.0
SAE 1022,Noviembre,12,35030374.0,5.13,105,5.14,5.14,5.13,4,7,5.0
SAE 1022,Noviembre,12,35030375.0,5.13,114,5.14,5.14,5.13,5,7,6.0
SAE 1022,Noviembre,12,35030376.0,5.13,98,5.14,5.14,5.13,5,7,7.0
SAE 1022,Noviembre,12,35030377.0,5.13,113,5.14,5.14,5.13,7,7,7.0
SAE 1022,Noviembre,13,35030378.0,5.13,107,5.14,5.14,5.13,10,10,10.0
SAE 1022,Noviembre,13,35030379.0,5.13,104,5.14,5.14,5.13,10,10,10.0
SAE 1022,Noviembre,13,35030380.0,5.13,107,5.14,5.14,5.13,6,10,10.0
SAE 1022,Noviembre,13,35030381.0,5.13,88,5.14,5.14,5.13,4,10,6.0
SAE 1022,Noviembre,13,35030382.0,5.13,110,5.14,5.14,5.13,4,7,6.0
SAE 1022,Noviembre,13,35030383.0,5.13,112,5.14,5.14,5.13,3,3,3.0
SAE 1022,Noviembre,13,35030384.0,5.13,94,5.14,5.14,5.13,3,4,3.0
SAE 1022,Noviembre,14,35030385.0,5.13,99,5.13,5.14,5.14,8,10,10.0
SAE 1022,Noviembre,14,35030386.0,5.13,106,5.13,5.14,5.14,3,7,10.0
SAE 1022,Noviembre,14,35030387.0,5.13,108,5.13,5.14,5.14,3,6,8.0
SAE 1022,Noviembre,14,35030388.0,5.13,107,5.13,5.14,5.14,6,7,10.0
SAE 1022,Noviembre,14,35030389.0,5.13,108,5.13,5.14,5.14,6,10,10.0
SAE 1022,Noviembre,14,35030390.0,5.13,110,5.14,5.14,5.13,6,9,10.0
SAE 1022,Noviembre,14,35030391.0,5.13,99,5.14,5.14,5.13,5,8,7.0
SAE 1022,Noviembre,14,35030392.0,5.13,107,5.14,5.14,5.13,5,8,5.0
SAE 1022,Noviembre,14,35030393.0,5.13,105,5.14,5.14,5.13,5,7,5.0
SAE 1030,Noviembre,14,35030394.0,4.7,108,4.72,4.72,4.7,3,3,3.0
SAE 1022,Noviembre,14,35030395.0,5.13,103,5.14,5.14,5.13,4,9,8.0
SAE 1022,Noviembre,14,35030396.0,5.13,105,5.14,5.14,5.13,5,8,8.0
SAE 1022,Noviembre,14,35030397.0,5.13,105,5.14,5.14,5.13,2,7,7.0
SAE 1022,Noviembre,14,35030398.0,5.13,119,5.14,5.14,5.13,4,8,7.0
SAE 1022,Noviembre,14,35030399.0,5.13,96,5.14,5.14,5.13,4,8,6.0
SAE 1022,Noviembre,14,35030400.0,5.13,104,5.14,5.14,5.13,5,8,5.0
SAE 1022,Noviembre,17,35030401.0,5.13,103,5.13,5.13,5.12,9,12,13.0
SAE 1022,Noviembre,17,35030402.0,5.13,71,,5.13,5.12,,10,10.0
SAE 1022,Noviembre,17,35030403.0,5.13,103,,5.13,5.12,,10,10.0
SAE 1022,Noviembre,17,35030404.0,5.13,116,,5.13,5.12,,8,10.0
SAE 1022,Noviembre,17,35030405.0,5.13,101,,5.13,5.12,,9,10.0
SAE 1022,Noviembre,17,35030406.0,5.13,103,,5.13,5.12,,9,10.0
SAE 1022,Noviembre,17,35030407.0,5.13,112,,5.13,5.12,,9,10.0
SAE 1022,Noviembre,17,35030408.0,5.13,101,,5.13,5.12,,9,6.0
SAE 1022,Noviembre,17,35030409.0,5.13,111,,5.13,5.12,,4,7.0
SAE 1022,Noviembre,17,35030410.0,5.13,115,,5.13,5.12,,2,8.0
SAE 1022,Noviembre,17,35030411.0,5.13,99,,5.13,5.13,,8,6.0
SAE 1022,Noviembre,17,35030412.0,5.13,100,,5.13,5.13,,8,6.0
SAE 1022,Noviembre,17,35030413.0,5.13,100,,5.13,5.13,,8,8.0
SAE 1022,Noviembre,18,35030414.0,5.13,101,5.13,5.14,5.13,12,12,10.0
SAE 1022,Noviembre,18,35030415.0,5.13,107,5.13,5.14,5.13,10,10,10.0
SAE 1022,Noviembre,18,35030416.0,5.13,101,5.13,5.14,5.13,10,10,10.0
SAE 1022,Noviembre,18,35030417.0,5.13,109,5.13,5.14,5.13,9,9,8.0
SAE 1022,Noviembre,18,35030418.0,5.13,107,5.13,5.14,5.13,9,9,7.0
SAE 1022,Noviembre,18,35030419.0,5.13,103,5.13,5.14,5.13,9,9,8.0
SAE 1022,Noviembre,18,35030420.0,5.13,107,5.13,5.14,5.14,7,9,7.0
SAE 1022,Noviembre,18,35030421.0,5.13,105,5.13,5.14,5.14,5,8,8.0
SAE 1022,Noviembre,18,35030422.0,5.13,108,5.13,5.14,5.14,6,7,5.0
SAE 1022,Noviembre,18,35030423.0,5.13,108,5.13,5.14,5.14,8,8,6.0
SAE 1022,Noviembre,18,35030424.0,5.13,106,5.13,5.14,5.14,9,7,7.0
SAE 1022,Noviembre,18,35030425.0,5.13,107,5.13,5.14,5.14,8,7,6.0
SAE 1022,Noviembre,18,35030426.0,5.13,98,5.13,5.14,5.14,8,8,9.0
SAE 1022,Noviembre,18,35030427.0,5.13,110,5.13,5.14,5.14,8,8,8.0
SAE 1022,Noviembre,18,35030428.0,5.13,108,5.13,5.14,5.14,8,8,8.0
SAE 1022,Noviembre,18,35030429.0,5.13,111,5.13,5.14,5.14,8,8,7.0
SAE 1022,Noviembre,18,35030430.0,5.13,107,5.13,5.14,5.14,6,6,8.0
SAE 1022,Noviembre,18,35030431.0,5.13,99,5.13,5.14,5.14,7,8,7.0
SAE 1022,Noviembre,19,35030432.0,5.13,100,5.13,5.14,5.14,10,10,10.0
SAE 1022,Noviembre,19,35030433.0,5.13,109,5.13,5.14,5.14,10,10,9.0
SAE 1022,Noviembre,19,35030434.0,5.13,100,5.13,5.14,5.14,10,10,8.0
SAE 1022,Noviembre,19,35030435.0,5.13,106,5.13,5.14,5.14,10,10,10.0
SAE 1022,Noviembre,19,35030436.0,5.13,110,5.13,5.14,5.14,10,10,9.0
SAE 1022,Noviembre,19,35030437.0,5.13,106,5.13,5.14,5.14,10,9,7.0
SAE 1022,Noviembre,19,35030438.0,5.13,101,5.13,5.14,5.14,10,9,10.0
SAE 1022,Noviembre,19,35030439.0,5.13,108,5.13,5.14,5.14,10,8,8.0
SAE 1022,Noviembre,19,35030440.0,5.13,110,5.13,5.14,5.14,10,8,7.0
SAE 1022,Noviembre,19,35030441.0,5.13,102,5.13,5.14,5.14,10,9,7.0
SAE 1022,Noviembre,19,35030442.0,5.13,108,5.13,5.14,5.14,10,9,7.0
SAE 1022,Noviembre,19,35030443.0,5.13,109,5.13,5.14,5.14,10,9,8.0
SAE 1022,Noviembre,19,35030444.0,5.13,110,5.13,5.14,5.14,10,8,8.0
SAE 1022,Noviembre,19,35030445.0,5.13,106,5.13,5.14,5.14,10,8,8.0
SAE 1022,Noviembre,19,35030446.0,5.13,103,5.13,5.14,5.14,10,8,8.0
SAE 1022,Noviembre,19,35030447.0,5.13,107,5.13,5.14,5.14,10,7,8.0
SAE 1022,Noviembre,19,35030448.0,5.13,105,,5.14,5.14,,8,7.0
SAE 1022,Noviembre,19,35030449.0,5.13,102,,5.14,5.14,,8,7.0
SAE 1022,Noviembre,20,35030450.0,5.13,103,5.14,5.14,5.13,12,10,10.0
SAE 1022,Noviembre,20,35030451.0,5.13,106,5.14,5.14,5.13,12,10,9.0
SAE 1022,Noviembre,20,35030452.0,5.13,110,5.14,5.14,5.13,12,10,8.0
SAE 1022,Noviembre,20,35030453.0,5.13,105,5.14,5.14,5.13,11,9,10.0
SAE 1022,Noviembre,20,35030454.0,5.13,108,5.14,5.14,5.13,10,8,8.0
SAE 1022,Noviembre,20,35030455.0,5.13,115,5.14,5.14,5.13,8,9,10.0
SAE 1022,Noviembre,20,35030456.0,5.13,103,5.14,5.14,5.13,8,9,10.0
SAE 1022,Noviembre,20,35030457.0,5.13,107,5.14,5.14,5.13,7,8,8.0
SAE 1022,Noviembre,20,35030458.0,5.13,102,5.14,5.14,5.13,13,13,12.0
SAE 1022,Noviembre,20,35030459.0,5.13,107,5.14,5.14,5.13,8,6,6.0
SAE 1022,Noviembre,20,35030460.0,5.13,108,5.14,5.14,5.13,8,6,6.0
SAE 1022,Noviembre,20,35030461.0,5.13,100,5.14,5.14,5.13,10,8,8.0
SAE 1022,Noviembre,20,35030462.0,5.13,105,5.14,5.14,5.13,10,8,8.0
SAE 1022,Noviembre,20,35030463.0,5.13,108,5.13,5.13,5.13,10,5,10.0
SAE 1022,Noviembre,20,35030464.0,5.13,98,5.13,5.13,5.13,7,4,9.0
SAE 1022,Noviembre,20,35030465.0,5.13,97,5.13,5.13,5.13,8,6,9.0
SAE 1022,Noviembre,24,35030466.0,5.13,104,5.14,5.13,5.13,8,15,12.0
SAE 1022,Noviembre,24,35030467.0,5.13,101,5.14,5.13,5.13,7,15,10.0
SAE 1022,Noviembre,24,35030468.0,5.13,107,5.14,5.13,5.13,6,12,10.0
SAE 1022,Noviembre,24,35030469.0,5.13,110,5.14,5.13,5.13,6,12,10.0
SAE 1022,Noviembre,24,35030470.0,5.13,101,5.14,5.13,5.13,5,13,10.0
SAE 1022,Noviembre,24,35030471.0,5.13,109,5.14,5.13,5.13,5,13,10.0
SAE 1022,Noviembre,24,35030472.0,5.13,109,5.13,5.13,5.13,5,10,9.0
SAE 1022,Noviembre,24,35030473.0,5.13,112,5.13,5.13,5.13,6,9,5.0
SAE 1022,Noviembre,24,35030474.0,5.13,99,5.14,5.14,5.14,10,9,8.0
SAE 1022,Noviembre,24,35030475.0,5.13,105,5.14,5.14,5.14,8,10,9.0
SAE 1022,Noviembre,24,35030476.0,5.13,107,5.14,5.14,5.14,8,10,9.0
SAE 1022,Noviembre,24,35030477.0,5.13,110,5.14,5.14,5.14,5,10,6.0
SAE 1022,Noviembre,24,35030478.0,5.13,114,5.14,5.14,5.14,6,10,8.0
SAE 1022,Noviembre,24,35030479.0,5.13,102,5.14,5.14,,6,10,8.0
SAE 1022,Noviembre,24,35030480.0,5.13,86,5.14,5.14,,11,14,5.0
SAE 1022,Noviembre,24,35030481.0,5.13,9,,,,,,
SAE 1011,Noviembre,25,35030486.0,4.4,115,4.4,4.41,4.41,2,4,2.0
SAE 1011,Noviembre,25,35030487.0,4.4,129,4.4,4.41,4.41,6,6,7.0
SAE 1008,Noviembre,25,35030488.0,4.4,116,4.4,4.41,4.41,9,5,5.0
SAE 1011,Noviembre,25,35030489.0,4.4,116,4.4,4.41,4.41,5,5,3.0
SAE 1008,Noviembre,25,35030490.0,4.4,122,4.4,4.41,4.41,5,5,5.0
SAE 1008,Noviembre,25,35030491.0,4.4,72,4.4,4.41,4.41,3,2,2.0
SAE 1011,Noviembre,25,35030492.0,4.4,136,4.4,4.41,4.41,2,4,2.0
SAE 1008,Noviembre,25,35030493.0,4.4,125,4.4,4.41,4.41,9,7,4.0
SAE 1008,Noviembre,25,35030494.0,4.4,128,4.4,4.41,4.41,6,6,4.0
SAE 1008,Noviembre,25,35030495.0,4.4,122,4.4,4.41,4.41,5,5,3.0
SAE 1008,Noviembre,25,35030496.0,4.4,125,4.4,4.41,4.41,6,5,5.0
SAE 1008,Noviembre,25,35030497.0,4.4,124,4.4,4.41,4.41,5,6,4.0
SAE 1008,Noviembre,25,35030498.0,4.4,126,4.4,4.41,4.41,5,5,4.0
SAE 1008,Noviembre,25,35030499.0,4.4,117,4.4,4.41,4.41,5,5,4.0
SAE 1022,Noviembre,26,35030506.0,5.13,104,5.14,5.14,5.14,7,13,5.0
SAE 1022,Noviembre,26,35030507.0,5.13,109,5.14,5.14,5.14,6,12,3.0
SAE 1022,Noviembre,26,35030508.0,5.13,103,5.14,5.14,5.14,6,8,3.0
SAE 1022,Noviembre,26,35030509.0,5.13,107,5.14,5.14,5.14,6,7,6.0
SAE 1022,Noviembre,27,35030510.0,5.13,90,5.12,5.13,5.13,10,12,10.0
SAE 1022,Noviembre,27,35030511.0,5.13,104,5.12,5.13,5.13,5,12,6.0
SAE 1022,Noviembre,27,35030512.0,5.13,103,5.13,5.13,5.13,7,10,4.0
SAE 1022,Noviembre,27,35030513.0,5.13,103,5.13,5.13,5.13,8,10,3.0
SAE 1022,Noviembre,27,35030514.0,5.13,107,5.13,5.13,5.13,7,8,3.0
SAE 1022,Noviembre,27,35030515.0,5.13,107,5.13,5.13,5.13,,10,10.0
SAE 1022,Noviembre,27,35030516.0,5.13,106,5.13,5.13,5.13,10,4,6.0
SAE 1022,Noviembre,27,35030517.0,5.13,111,5.13,5.13,5.13,4,10,3.0
SAE 1022,Noviembre,27,35030518.0,5.13,105,5.13,5.13,5.13,6,8,6.0
SAE 1022,Diciembre,1,35030530.0,5.13,89,5.14,5.14,5.13,7,14,7.0
SAE 1022,Diciembre,1,35030531.0,5.13,104,5.14,5.14,5.13,9,14,7.0
SAE 1022,Diciembre,1,35030532.0,5.13,107,5.14,5.14,5.13,7,10,6.0
SAE 1022,Diciembre,1,35030533.0,5.13,108,5.14,5.14,5.13,6,5,4.0
SAE 1022,Diciembre,1,35030534.0,5.13,105,5.14,5.14,5.13,5,5,3.0
SAE 1022,Diciembre,1,35030535.0,5.13,112,5.14,5.14,5.13,5,6,4.0
SAE 1022,Diciembre,1,35030536.0,5.13,102,5.13,5.13,5.14,5,6,4.0
SAE 1022,Diciembre,2,35030537.0,5.13,99,5.13,5.13,5.14,9,12,5.0
SAE 1022,Diciembre,2,35030554.0,5.13,107,5.13,5.13,5.14,8,13/15,5.0
SAE 1022,Diciembre,2,35030555.0,5.13,104,5.13,5.13,5.14,5,12,3.0
SAE 1022,Diciembre,2,35030556.0,5.13,106,5.13,5.13,5.14,6,12,3.0
SAE 1022,Diciembre,2,35030557.0,5.13,108,5.13,5.13,5.14,3,12,4.0
SAE 1022,Diciembre,2,35030558.0,5.13,99,5.13,5.13,5.14,7,12,5.0
SAE 1022,Diciembre,2,35030559.0,5.13,87,,5.13,5.13,,4,4.0
SAE 1022,Diciembre,2,35030560.0,5.13,107,,5.13,5.13,,7,3.0
SAE 1022,Diciembre,2,35030561.0,5.13,104,,5.13,5.13,,7,2.0
SAE 1022,Diciembre,2,35030562.0,5.13,114,,5.13,5.13,,6,3.0
SAE 1022,Diciembre,2,35030563.0,5.13,107,,5.13,5.13,,14,3.0
SAE 1022,Diciembre,2,35030564.0,5.13,105,,5.13,5.13,,14,2.0
SAE 1022,Diciembre,2,35030565.0,5.13,113,,5.13,5.13,,16,3.0
SAE 1022,Diciembre,2,35030566.0,5.13,108,,5.13,5.13,,16,3.0
SAE 1022,Diciembre,2,35030567.0,5.13,85,,5.13,5.13,,7,3.0
SAE 1022,Diciembre,3,35030568.0,5.13,100,5.14,5.14,5.14,12,8,7.0
SAE 1022,Diciembre,3,35030569.0,5.13,113,5.14,5.14,5.14,12,7,7.0
SAE 1022,Diciembre,3,35030570.0,5.13,102,5.13,5.13,5.13,12,8,3.0
SAE 1022,Diciembre,3,35030571.0,5.13,110,5.13,5.13,5.13,13,7,3.0
SAE 1022,Diciembre,3,35030572.0,5.13,110,5.13,5.13,5.13,12,6,3.0
SAE 1022,Diciembre,3,35030573.0,5.13,104,5.13,5.13,5.13,12,7,4.0
SAE 1022,Diciembre,3,35030574.0,5.13,110,5.14,5.13,5.13,12,6,4.0
SAE 1022,Diciembre,3,35030575.0,5.13,108,5.14,5.13,5.13,12,6,4.0
SAE 1022,Diciembre,3,35030576.0,5.13,106,5.14,5.13,5.13,10,9,4.0
SAE 1022,Diciembre,3,35030577.0,5.13,109,5.14,5.13,5.13,10,9,3.0
SAE 1022,Diciembre,3,35030578.0,5.13,106,5.14,5.13,5.13,9,6,6.0
SAE 1022,Diciembre,3,35030579.0,5.13,110,5.14,5.13,5.13,8,5,4.0
SAE 1022,Diciembre,3,35030580.0,5.13,119,5.14,5.13,5.13,8,6,4.0
SAE 1022,Diciembre,3,35030581.0,5.13,97,5.14,5.13,5.13,7,5,5.0
SAE 1022,Diciembre,3,35030582.0,5.13,116,5.14,5.13,5.13,6,6,7.0
SAE 1022,Diciembre,3,35030583.0,5.13,108,5.14,5.13,5.13,6,6,6.0
SAE 1022,Diciembre,3,35030584.0,5.13,102,5.14,5.13,5.13,9,6,3.0
SAE 1022,Diciembre,4,35030585.0,5.13,98,5.13,5.13,5.13,14,10,5.0
SAE 1022,Diciembre,4,35030586.0,5.13,96,5.13,5.13,5.13,16,12,7.0
SAE 1022,Diciembre,4,35030587.0,5.13,110,5.13,5.13,5.13,13,10,4.0
SAE 1022,Diciembre,4,35030588.0,5.13,115,5.13,5.13,5.13,12,9,3.0
SAE 1022,Diciembre,4,35030589.0,5.13,100,5.13,5.13,5.13,12,9,3.0
SAE 1022,Diciembre,4,35030590.0,5.13,111,5.13,5.13,5.13,15,8,2.0
SAE 1022,Diciembre,4,35030591.0,5.13,109,5.13,5.13,5.13,14,8,2.0
SAE 1022,Diciembre,4,35030592.0,5.13,106,5.13,5.13,5.13,15,8,9.0
SAE 1022,Diciembre,4,35030593.0,5.13,105,5.14,5.13,5.13,20,8,7.0
SAE 1022,Diciembre,4,35030594.0,5.13,115,,5.13,5.13,,6,4.0
SAE 1022,Diciembre,4,35030595.0,5.13,104,,5.13,5.13,,5,5.0
SAE 1022,Diciembre,4,35030596.0,5.13,102,,5.13,5.13,,6,4.0
SAE 1022,Diciembre,4,35030597.0,5.13,108,,5.13,5.13,,15,4.0
SAE 1022,Diciembre,4,35030598.0,5.13,106,5.13,5.13,5.13,15,10,3.0
SAE 1022,Diciembre,4,35030599.0,5.13,105,5.13,5.13,5.13,9,9,3.0
SAE 1022,Diciembre,5,35030600.0,5.13,105,5.13,5.13,5.13,6,10,15.0
SAE 1022,Diciembre,5,35030601.0,5.13,103,5.13,5.13,5.13,6,10,15.0
SAE 1022,Diciembre,5,35030602.0,5.13,109,5.13,5.13,5.13,6,9,9.0
SAE 1022,Diciembre,5,35030603.0,5.13,108,5.13,5.13,5.13,4,10,12.0
SAE 1022,Diciembre,5,35030604.0,5.13,103,5.13,5.13,5.13,5,10,
SAE 1022,Diciembre,5,35030605.0,5.13,106,,5.13,5.13,8,4,
SAE 1022,Diciembre,5,35030606.0,5.13,124,,5.13,5.13,4,6,
SAE 1022,Diciembre,5,35030607.0,5.13,112,,5.13,5.13,7,7,
SAE 1022,Diciembre,5,35030608.0,5.13,84,,5.13,5.13,4,6,
SAE 1022,Diciembre,5,35030609.0,5.13,119,,5.13,5.13,6,10,10.0
SAE 1022,Diciembre,5,35030610.0,5.13,89,,5.13,5.13,6,15,4.0
SAE 1022,Diciembre,8,35030611.0,5.13,103,5.13,5.14,5.14,12,12,12.0
SAE 1022,Diciembre,8,35030612.0,5.13,101,5.13,5.14,5.14,12,12,12.0
SAE 1022,Diciembre,8,35030613.0,5.13,113,5.13,5.14,5.14,6,15,12.0
SAE 1022,Diciembre,8,35030614.0,5.13,106,5.13,5.14,5.14,4,12,16.0
SAE 1022,Diciembre,8,35030615.0,5.13,108,5.13,5.14,5.14,6,9,9.0
SAE 1022,Diciembre,8,35030616.0,5.13,102,5.13,5.14,5.14,6,9,14.0
SAE 1022,Diciembre,8,35030617.0,5.13,103,5.13,5.13,5.14,4,9,9.0
SAE 1022,Diciembre,8,35030618.0,5.13,112,5.13,5.13,5.14,5,10,7.0
SAE 1022,Diciembre,8,35030619.0,5.13,108,5.13,5.13,5.14,5,10,10.0
SAE 1022,Diciembre,8,35030620.0,5.13,107,5.13,5.13,5.14,4,9,10.0
SAE 1022,Diciembre,8,35030621.0,5.13,106,5.13,5.13,5.14,4,10,10.0
SAE 1022,Diciembre,8,35030622.0,5.13,110,5.13,5.13,5.14,5,12,12.0
SAE 1022,Diciembre,8,35030623.0,5.13,102,,5.13,5.14,,11,14.0
SAE 1022,Diciembre,8,35030624.0,5.13,101,5.13,5.13,5.14,4,10,10.0
SAE 1022,Diciembre,8,35030625.0,5.13,101,5.13,5.13,5.14,4,10,10.0
SAE 1022,Diciembre,9,35030626.0,5.13,97,5.14,5.14,5.13,7,8,12.0
SAE 1022,Diciembre,9,35030627.0,5.13,111,5.14,5.14,5.13,5,8,10.0
SAE 1022,Diciembre,9,35030628.0,5.13,108,5.14,5.14,5.13,5,8,10.0
SAE 1022,Diciembre,9,35030629.0,5.13,106,5.14,5.14,5.13,5,9,10.0
SAE 1022,Diciembre,9,35030630.0,5.13,107,5.14,5.14,5.13,5,8,10.0
SAE 1022,Diciembre,9,35030631.0,5.13,105,5.14,5.14,5.13,5,7,8.0
SAE 1022,Diciembre,9,35030632.0,5.13,96,5.14,5.13,5.13,7,9,7.0
SAE 1022,Diciembre,9,35030633.0,5.13,106,5.14,5.13,5.13,3,5,4.0
,Diciembre,10,35030634.0,5.13,101,5.13,5.13,5.13,6,6,10.0
SAE 1523,Diciembre,10,35030662.0,4.4,130,4.4,4.41,4.41,3,9,8.0
SAE 1523,Diciembre,10,35030663.0,4.4,119,4.4,4.41,4.41,2,6,2.0
SAE 1523,Diciembre,10,35030664.0,4.4,0,,,,,,
SAE 1523,Diciembre,10,35030665.0,4.4,127,4.4,4.4,4.41,5,9,7.0
SAE 1523,Diciembre,10,35030666.0,4.4,132,4.4,4.4,4.41,5,5,7.0
SAE 1523,Diciembre,10,35030667.0,4.4,122,4.4,4.4,4.41,4,3,7.0
SAE 1523,Diciembre,10,35030668.0,4.4,127,4.4,4.4,4.41,4,3,7.0
SAE 1523,Diciembre,10,35030669.0,4.4,133,4.4,4.4,4.41,2,4,7.0
SAE 1523,Diciembre,10,35030670.0,4.4,126,4.4,4.4,4.41,3,3,8.0
SAE 1523,Diciembre,10,35030671.0,4.4,129,4.4,4.4,4.41,4,4,8.0
SAE 1523,Diciembre,10,35030672.0,4.4,129,4.4,4.4,4.41,4,5,8.0
SAE 1523,Diciembre,10,35030673.0,4.4,123,4.4,4.4,4.41,3,8,7.0
SAE 1523,Diciembre,10,35030674.0,4.4,121,4.4,4.4,4.41,4,8,8.0
SAE 1523,Diciembre,11,35030675.0,4.4,126,4.41,4.41,4.4,5,4,13.0
SAE 1523,Diciembre,11,35030676.0,4.4,126,4.41,4.41,4.4,3,8,8.0
SAE 1523,Diciembre,11,35030677.0,4.4,125,4.41,4.41,4.4,3,7,3.0
SAE 1523,Diciembre,11,35030678.0,4.4,123,4.41,4.41,4.4,3,6,3.0
SAE 1523,Diciembre,11,35030679.0,4.4,134,4.41,4.41,4.4,3,4,3.0
SAE 1523,Diciembre,11,35030680.0,4.4,117,4.41,4.41,4.4,3,4,4.0
SAE 1523,Diciembre,11,35030681.0,4.4,131,4.41,4.41,4.4,3,4,4.0
SAE 1523,Diciembre,11,35030682.0,4.4,136,4.4,4.4,4.41,3,5,3.0
SAE 1523,Diciembre,11,35030683.0,4.4,114,4.4,4.4,4.41,4,5,3.0
SAE 1523,Diciembre,11,35030684.0,4.4,132,4.4,4.4,4.41,3,5,4.0
SAE 1523,Diciembre,11,35030685.0,4.4,119,4.4,4.4,4.41,3,4,3.0
SAE 1523,Diciembre,11,35030686.0,4.4,129,4.4,4.4,4.41,4,6,3.0
SAE 1523,Diciembre,11,35030687.0,4.4,123,4.4,4.4,4.41,3,5,6.0
SAE 1523,Diciembre,11,35030688.0,4.4,135,4.4,4.4,4.41,3,5,4.0
SAE 1523,Diciembre,11,35030689.0,4.4,119,4.4,4.4,4.41,3,5,6.0
SAE 1523,Diciembre,11,35030690.0,4.4,125,4.4,4.4,4.41,3,6,5.0
SAE 1523,Diciembre,11,35030691.0,4.4,120,4.4,4.4,4.41,3,5,4.0
SAE 1523,Diciembre,12,35030692.0,4.4,122,4.4,4.4,4.4,4,10,10.0
SAE 1523,Diciembre,12,35030693.0,4.4,128,4.4,4.4,4.4,3,10,5.0
SAE 1523,Diciembre,12,35030694.0,4.4,115,4.4,4.4,4.4,3,10,4.0
SAE 1523,Diciembre,12,35030695.0,4.4,129,4.4,4.4,4.4,3,8,3.0
SAE 1523,Diciembre,12,35030696.0,4.4,122,4.4,4.4,4.4,2,6,3.0
SAE 1523,Diciembre,12,35030697.0,4.4,132,4.4,4.4,4.4,2,3,3.0
SAE 1523,Diciembre,12,35030698.0,4.4,124,4.4,4.4,4.4,3,3,3.0
SAE 1523,Diciembre,12,35030699.0,4.4,111,4.4,4.4,4.4,4,2,3.0
SAE 1523,Diciembre,12,35030700.0,4.4,129,4.4,4.4,4.4,3,4,4.0
SAE 1523,Diciembre,12,35030701.0,4.4,121,4.4,4.4,4.4,4,6,6.0
SAE 1523,Diciembre,12,35030702.0,4.4,128,4.4,4.4,4.4,4,7,9.0
SAE 1523,Diciembre,12,35030703.0,4.4,126,4.4,4.4,4.4,4,4,6.0
SAE 1523,Diciembre,12,35030704.0,4.4,125,4.4,4.4,4.4,3,4,6.0
SAE 1523,Diciembre,12,35030705.0,4.4,126,4.4,4.4,4.4,3,5,4.0
SAE 1523,Diciembre,12,35030706.0,4.4,121,4.4,4.4,4.4,3,5,6.0
SAE 1523,Diciembre,13,35030707.0,4.4,125,4.41,4.41,4.4,4,8,10.0
SAE 1523,Diciembre,13,35030708.0,4.4,123,4.41,4.41,4.4,3,5,5.0
SAE 1523,Diciembre,13,35030709.0,4.4,131,4.41,4.41,4.4,3,3,4.0
SAE 1523,Diciembre,13,35030710.0,4.4,122,4.41,4.41,4.4,3,4,4.0
SAE 1523,Diciembre,13,35030711.0,4.4,125,4.41,4.41,4.4,3,3,4.0
SAE 1523,Diciembre,13,35030712.0,4.4,120,4.41,4.41,4.4,4,3,4.0
SAE 1523,Diciembre,13,35030713.0,4.4,128,4.41,4.41,4.4,3,3,3.0
SAE 1523,Diciembre,13,35030714.0,4.4,120,4.41,4.41,4.4,3,4,3.0
SAE 1523,Diciembre,13,35030715.0,4.4,121,4.41,4.41,4.4,3,4,3.0
SAE 1011,Diciembre,15,35030720.0,4.4,126,4.41,4.41,4.4,4,6,4.0
SAE 1011,Diciembre,15,35030722.0,4.4,132,4.41,4.41,4.4,4,5,4.0
SAE 1008,Diciembre,15,35030723.0,4.4,120,4.41,4.41,4.4,4,7,6.0
SAE 1008,Diciembre,15,35030724.0,4.4,126,4.41,4.41,4.4,3,3,3.0
SAE 1008,Diciembre,15,35030725.0,4.4,125,4.41,4.41,4.4,3,4,3.0
SAE 1008,Diciembre,15,35030726.0,4.4,119,4.41,4.41,4.4,3,3,2.0
SAE 1008,Diciembre,15,35030727.0,4.4,125,4.41,4.41,4.4,3,3,3.0
SAE 1008,Diciembre,15,35030728.0,4.4,127,4.41,4.41,4.4,4,3,3.0
SAE 1008,Diciembre,15,35030729.0,4.4,113,4.41,4.41,4.4,3,4,4.0
SAE 1008,Diciembre,15,35030730.0,4.4,123,4.41,4.41,4.4,4,4,4.0
SAE 1008,Diciembre,15,35030731.0,4.4,124,4.41,4.41,4.4,4,3,3.0
SAE 1008,Diciembre,15,35030732.0,4.4,127,4.41,4.41,4.4,3,5,3.0
SAE 1008,Diciembre,15,35030733.0,4.4,123,4.41,4.41,4.4,3,5,2.0
SAE 1008,Diciembre,15,35030734.0,4.4,128,4.41,4.41,4.4,3,5,3.0
SAE 1008,Diciembre,15,35030735.0,4.4,129,4.41,4.41,4.4,3,5,3.0
SAE 1008,Diciembre,15,35030736.0,4.4,111,4.41,4.41,4.4,3,5,3.0
SAE 1011,Diciembre,16,35030721.0,4.4,130,4.41,4.41,4.4,5,7,5.0
SAE 1008,Diciembre,16,35030737.0,4.4,116,4.41,4.41,4.4,3,7,8.0
SAE 1008,Diciembre,16,35030738.0,4.4,128,4.41,4.41,4.4,3,6,6.0
SAE 1008,Diciembre,16,35030739.0,4.4,123,4.41,4.41,4.4,3,5,6.0
SAE 1008,Diciembre,16,35030740.0,4.4,128,4.41,4.41,4.4,4,6,5.0
SAE 1008,Diciembre,16,35030741.0,4.4,119,4.41,4.41,4.4,4,5,5.0
SAE 1008,Diciembre,16,35030742.0,4.4,128,4.41,4.41,4.4,4,5,4.0
SAE 1008,Diciembre,16,35030743.0,4.4,120,4.41,4.41,4.4,5,5,3.0
SAE 1008,Diciembre,16,35030744.0,4.4,123,4.41,4.41,4.4,3,3,2.0
SAE 1008,Diciembre,16,35030745.0,4.4,125,4.41,4.41,4.4,3,3,3.0
SAE 1008,Diciembre,16,35030746.0,4.4,117,4.41,4.41,4.4,3,2,3.0
SAE 1008,Diciembre,16,35030747.0,4.4,126,4.41,4.41,,3,3,
SAE 1008,Diciembre,16,35030748.0,4.4,124,4.41,4.41,,3,3,
SAE 1008,Diciembre,16,35030749.0,4.4,128,4.41,4.41,,3,3,
SAE 1008,Diciembre,16,35030750.0,4.4,127,,,,,,
SAE 1008,Diciembre,16,35030751.0,4.4,114,,,,,,
SAE 1011,Diciembre,17,35030756.0,4.4,94,4.41,4.41,4.4,5,5,6.0
SAE 1011,Diciembre,17,35030757.0,4.4,105,4.41,4.41,4.4,4,4,6.0
SAE 1011,Diciembre,17,35030758.0,4.4,124,4.41,4.41,4.4,3,3,5.0
SAE 1011,Diciembre,17,35030759.0,4.4,128,4.41,4.41,4.4,4,4,5.0
SAE 1011,Diciembre,17,35030760.0,4.4,121,4.41,4.41,4.4,3,3,5.0
SAE 1011,Diciembre,17,35030761.0,4.4,130,4.41,4.4,4.4,5,5,5.0
SAE 1011,Diciembre,17,35030762.0,4.4,125,4.41,4.4,4.4,5,4,5.0
SAE 1011,Diciembre,17,35030763.0,4.4,124,4.41,4.4,4.4,4,4,4.0
SAE 1011,Diciembre,17,35030764.0,4.4,134,4.41,4.4,4.4,5,5,5.0
SAE 1011,Diciembre,17,35030765.0,4.4,122,4.41,4.4,4.4,5,4,4.0
SAE 1011,Diciembre,17,35030766.0,4.4,135,4.41,,4.4,4,,4.0
SAE 1011,Diciembre,17,35030767.0,4.4,119,4.41,4.4,4.4,4,7,4.0
SAE 1011,Diciembre,17,35030768.0,4.4,114,4.41,4.4,4.4,4,5,5.0
SAE 1011,Diciembre,17,35030769.0,4.4,123,4.41,4.4,4.4,4,4,5.0
SAE 1011,Diciembre,17,35030770.0,4.4,117,4.41,4.4,4.4,3,3,3.0
SAE 1011,Diciembre,17,35030771.0,4.4,115,4.41,4.4,4.4,4,4,5.0
SAE 1011,Diciembre,18,35030772.0,4.4,124,4.41,4.41,4.4,3,3,5.0
SAE 1011,Diciembre,18,35030773.0,4.4,128,4.41,4.41,4.4,3,5,4.0
SAE 1011,Diciembre,18,35030774.0,4.4,129,4.41,4.41,4.4,3,4,5.0
SAE 1011,Diciembre,18,35030775.0,4.4,133,4.41,4.41,4.4,3,4,4.0
SAE 1011,Diciembre,18,35030776.0,4.4,131,4.41,4.41,4.4,4,4,5.0
SAE 1011,Diciembre,18,35030777.0,4.4,132,4.41,4.41,4.4,3,3,3.0
SAE 1011,Diciembre,18,35030778.0,4.4,120,4.41,4.41,4.4,2,3,3.0
SAE 1011,Diciembre,18,35030779.0,4.4,130,4.4,4.4,4.4,4,4,4.0
SAE 1011,Diciembre,18,35030780.0,4.4,121,4.4,4.4,4.4,4,3,4.0
SAE 1011,Diciembre,18,35030781.0,4.4,124,4.4,4.4,4.4,3,,3.0
SAE 1011,Diciembre,18,35030782.0,4.4,120,4.4,4.4,4.4,3,,4.0
SAE 1011,Diciembre,18,35030783.0,4.4,128,4.4,4.4,4.4,3,3,4.0
SAE 1011,Diciembre,18,35030784.0,4.4,114,4.4,4.4,4.4,3,4,4.0
SAE 1011,Diciembre,18,35030785.0,4.4,132,4.4,4.4,4.4,4,4,3.0
SAE 1011,Diciembre,18,35030786.0,4.4,119,4.4,4.4,4.4,3,3,3.0
SAE 1011,Diciembre,18,35030787.0,4.4,127,4.4,4.4,4.4,4,3,3.0
SAE 1011,Diciembre,18,35030788.0,4.4,109,4.41,4.41,4.4,4,4,4.0
SAE 1011,Diciembre,19,35030789.0,4.4,123,4.41,4.41,4.4,4,4,6.0
SAE 1011,Diciembre,19,35030790.0,4.4,111,4.41,4.41,4.4,2,4,5.0
SAE 1011,Diciembre,19,35030791.0,4.4,122,4.41,4.41,4.4,2,3,5.0
SAE 1011,Diciembre,19,35030792.0,4.4,128,4.41,4.41,4.4,3,3,5.0
SAE 1011,Diciembre,19,35030793.0,4.4,135,4.41,4.41,4.4,3,4,4.0
SAE 1011,Diciembre,19,35030794.0,4.4,116,4.41,4.41,4.4,3,4,4.0
SAE 1011,Diciembre,19,35030795.0,4.4,128,4.41,4.41,4.4,3,4,2.0
SAE 1011,Diciembre,19,35030796.0,4.4,130,4.41,4.41,4.4,3,3,2.0
SAE 1011,Diciembre,19,35030797.0,4.4,123,4.41,4.41,4.4,3,2,2.0
SAE 1011,Diciembre,19,35030798.0,4.4,132,4.41,4.41,4.4,3,3,2.0
SAE 1011,Diciembre,19,35030799.0,4.4,125,4.41,4.41,4.4,2,3,2.0
SAE 1011,Diciembre,19,35030800.0,4.4,112,4.41,4.41,4.4,2,3,3.0
SAE 1011,Diciembre,19,35030801.0,4.4,140,4.41,4.41,4.4,2,2,3.0
SAE 1011,Diciembre,19,35030802.0,4.4,96,4.41,4.41,4.4,2,2,3.0
SAE 1011,Diciembre,19,35030803.0,4.4,131,4.41,4.41,4.4,3,3,3.0
SAE 1011,Diciembre,19,35030804.0,4.4,107,4.41,4.41,4.4,3,2,3.0
SAE 1022,Diciembre,20,35030805.0,5.13,97,5.13,5.14,5.14,16,12,5.0
SAE 1011,Diciembre,20,35030806.0,4.4,116,4.41,4.41,4.4,5,5,3.0
SAE 1011,Diciembre,20,35030807.0,4.4,121,4.41,4.41,4.4,4,3,3.0
SAE 1011,Diciembre,20,35030808.0,4.4,129,4.41,4.41,4.4,4,3,3.0
SAE 1011,Diciembre,20,35030809.0,4.4,140,4.41,4.41,4.4,3,5,3.0
SAE 1011,Diciembre,20,35030810.0,4.4,119,4.41,4.41,4.4,3,6,3.0
SAE 1011,Diciembre,20,35030811.0,4.4,130,4.41,4.41,4.4,3,5,4.0
SAE 1011,Diciembre,20,35030812.0,4.4,111,4.41,4.41,4.4,4,6,6.0
SAE 1011,Diciembre,22,35030813.0,4.4,123,4.41,4.41,4.4,2,2,6.0
SAE 1011,Diciembre,22,35030814.0,4.4,129,4.41,4.41,4.4,3,3,5.0
SAE 1011,Diciembre,22,35030815.0,4.4,118,4.41,4.41,4.4,3,4,4.0
SAE 1011,Diciembre,22,35030816.0,4.4,141,4.41,4.41,4.4,3,3,4.0
SAE 1011,Diciembre,22,35030817.0,4.4,99,4.41,4.41,4.4,2,2,4.0
SAE 1011,Diciembre,22,35030818.0,4.4,135,4.41,4.41,4.4,2,3,4.0
SAE 1011,Diciembre,22,35030819.0,4.4,104,4.41,4.41,4.4,3,3,4.0
SAE 1011,Diciembre,22,35030820.0,4.4,129,4.41,4.41,4.4,2,2,3.0
SAE 1011,Diciembre,22,35030821.0,4.4,127,4.41,4.41,4.4,3,2,4.0
SAE 1011,Diciembre,22,35030822.0,4.4,128,4.41,4.41,4.4,3,3,3.0
SAE 1011,Diciembre,22,35030823.0,4.4,125,4.41,4.41,4.4,3,3,3.0
SAE 1011,Diciembre,22,35030824.0,4.4,126,4.41,4.41,4.4,2,2,2.0
SAE 1011,Diciembre,22,35030825.0,4.4,125,4.41,4.41,4.4,3,3,2.0
SAE 1011,Diciembre,22,35030826.0,4.4,131,4.41,4.41,4.4,4,3,3.0
SAE 1011,Diciembre,22,35030827.0,4.4,119,4.41,4.41,4.4,2,4,4.0
SAE 1011,Diciembre,22,35030828.0,4.4,134,4.41,4.41,4.4,3,3,3.0
SAE 1011,Diciembre,22,35030829.0,4.4,114,4.41,4.41,4.4,3,4,3.0
SAE 1022,Diciembre,23,35030834.0,5.13,105,5.15,5.14,5.14,16,12,6.0
SAE 1022,Diciembre,23,35030835.0,5.13,95,5.15,5.14,5.14,12,12,6.0
SAE 1022,Diciembre,23,35030836.0,5.13,108,5.15,5.14,5.14,10,8,10.0
SAE 1022,Diciembre,23,35030837.0,5.13,101,5.15,5.14,5.14,13,6,13.0
SAE 1022,Diciembre,23,35030838.0,5.13,0,,,,,,
SAE 1022,Diciembre,23,35030839.0,5.13,38,5.15,5.15,5.14,14,12,12.0
SAE 1022,Diciembre,23,35030840.0,5.13,83,5.15,5.15,5.14,10,8,7.0
SAE 1022,Diciembre,23,35030841.0,5.13,85,5.15,5.15,5.14,4,5,3.0
SAE 1022,Diciembre,23,35030842.0,5.13,110,5.15,5.15,5.14,5,5,5.0
SAE 1022,Diciembre,23,35030843.0,5.13,113,5.15,5.15,5.14,7,6,7.0
SAE 1022,Diciembre,24,35030844.0,5.13,106,5.15,5.15,5.14,17,16,16.0
SAE 1022,Diciembre,24,35030845.0,5.13,108,5.15,5.15,5.14,8,12,7.0
SAE 1022,Diciembre,24,35030846.0,5.13,99,5.15,5.15,5.14,5,5,6.0
SAE 1022,Diciembre,24,35030847.0,5.13,107,5.15,5.15,5.14,6,7,5.0
SAE 1022,Diciembre,24,35030848.0,5.13,71,,5.15,5.14,,22,12.0
SAE 1022,Diciembre,24,35030849.0,5.13,91,,5.15,5.14,,12,10.0
SAE 1022,Diciembre,24,35030850.0,5.13,108,,5.15,5.14,,10,12.0
SAE 1022,Diciembre,24,35030851.0,5.13,106,,5.15,5.14,,9,12.0
SAE 1022,Diciembre,24,35030852.0,5.13,110,,5.15,5.14,,10,9.0
SAE 1022,Diciembre,25,35030853.0,5.13,105,,5.15,5.14,,7,10.0
SAE 1022,Diciembre,25,35030854.0,5.13,96,,5.15,5.14,,7,9.0
SAE 1022,Diciembre,26,35030855.0,5.13,108,5.15,5.15,5.14,18,10,16.0
SAE 1022,Diciembre,26,35030856.0,5.13,107,5.15,5.14,5.14,16,10,12.0
SAE 1022,Diciembre,26,35030857.0,5.13,107,5.15,5.14,5.14,10,10,10.0
SAE 1022,Diciembre,26,35030858.0,5.13,108,5.15,5.14,5.14,7,7,6.0
SAE 1022,Diciembre,26,35030859.0,5.13,104,5.14,5.14,5.13,7,7,7.0
SAE 1022,Diciembre,26,35030860.0,5.13,111,5.14,5.14,5.13,10,10,9.0
SAE 1022,Diciembre,26,35030861.0,5.13,103,5.14,5.14,5.13,12,10,8.0
SAE 1022,Diciembre,26,35030862.0,5.13,114,5.14,5.14,5.13,13/14,12,8.0
SAE 1022,Diciembre,26,35030863.0,5.13,99,5.14,5.14,5.13,8,10,6.0
SAE 1022,Diciembre,26,35030864.0,5.13,113,5.14,5.14,5.13,12,10,6.0
SAE 1022,Diciembre,26,35030865.0,5.13,104,5.14,5.14,5.13,12,7,7.0
SAE 1022,Diciembre,26,35030866.0,5.13,107,5.14,5.14,5.13,12,8,7.0
SAE 1022,Diciembre,26,35030867.0,5.13,107,5.14,5.14,5.13,12,9,8.0
SAE 1022,Diciembre,26,35030868.0,5.13,107,5.14,5.14,5.13,12,7,12.0
SAE 1022,Diciembre,26,35030869.0,5.13,102,5.14,5.14,5.13,,,
SAE 1022,Diciembre,26,35030870.0,5.13,106,5.14,5.14,5.13,10,8,9.0
SAE 1022,Diciembre,27,35030871.0,5.13,101,5.14,5.14,5.13,17,17,16.0
SAE 1022,Diciembre,27,35030872.0,5.13,110,5.14,5.14,5.13,17,17,16.0
SAE 1022,Diciembre,27,35030873.0,5.13,109,5.14,5.14,5.13,15,15,15.0
SAE 1022,Diciembre,27,35030874.0,5.13,107,5.14,5.14,5.13,15,12,14.0
SAE 1022,Diciembre,27,35030875.0,5.13,108,5.14,5.14,5.13,13,,12.0
SAE 1022,Diciembre,27,35030876.0,5.13,98,5.14,,5.13,10,,10.0
SAE 1011,Enero,12,35030882.0,4.4,118,4.42,4.42,4.41,2,3,2.0
SAE 1011,Enero,12,35030883.0,4.4,123,4.42,4.42,4.41,3,3,3.0
SAE 1022,Enero,13,35030884.0,5.13,99,5.13,5.14,5.14,16,20,14.0
SAE 1022,Enero,13,35030887.0,5.13,11,5.13,5.14,5.14,15,12,12.0
SAE 1022,Enero,13,35030888.0,5.13,104,5.13,5.14,5.14,10,10,6.0
SAE 1022,Enero,13,35030889.0,5.13,106,5.13,5.14,5.14,10,10,10.0
SAE 1022,Enero,13,35030890.0,5.13,108,5.13,5.14,5.14,8,10,10.0
SAE 1022,Enero,13,35030891.0,5.13,112,5.13,5.14,5.14,4,12,9.0
SAE 1022,Enero,13,35030892.0,5.13,107,5.13,5.14,5.14,8,12,9.0
SAE 1022,Enero,13,35030893.0,5.13,74,5.13,5.14,5.14,7,10,10.0
SAE 1022,Enero,13,35030894.0,5.13,100,5.14,5.14,5.14,10,15,12.0
SAE 1022,Enero,13,35030895.0,5.13,108,5.14,5.14,5.15,13,16,6.0
SAE 1022,Enero,13,35030896.0,5.13,106,5.14,5.14,5.15,14,18,10.0
SAE 1022,Enero,13,35030897.0,5.13,109,5.14,5.14,5.15,14,15,11.0
SAE 1022,Enero,13,35030898.0,5.13,85,5.14,5.14,5.15,10,,12.0
SAE 1022,Enero,14,35030899.0,5.13,99,5.13,5.14,5.14,16,16,14.0
SAE 1022,Enero,14,35030900.0,5.13,108,5.13,5.14,5.14,10,10,10.0
SAE 1022,Enero,14,35030901.0,5.13,106,5.13,5.14,5.14,8,10,10.0
SAE 1022,Enero,14,35030902.0,5.13,106,5.13,5.14,5.14,5,18,10.0
SAE 1022,Enero,14,35030903.0,5.13,110,5.13,5.14,5.14,4,10,10.0
SAE 1022,Enero,14,35030904.0,5.13,108,5.13,5.14,5.14,7,10,10.0
SAE 1022,Enero,14,35030905.0,5.13,106,5.13,5.14,5.14,15,16,12.0
SAE 1022,Enero,14,35030906.0,5.13,110,5.13,5.14,5.14,14,15,22.0
SAE 1022,Enero,14,35030907.0,5.13,105,5.13,5.14,5.14,13,19,24.0
SAE 1022,Enero,14,35030908.0,5.13,106,5.13,5.14,5.14,16,18,20.0
SAE 1022,Enero,14,35030909.0,5.13,107,5.13,,5.14,8,,11.0
